Time_ms,Distance_mm,VA0_V,VA1_V,VA2_V
8,0,3.011,2.840,2.796
12,0,3.074,3.123,3.084
13,0,3.016,2.967,2.928
14,0,2.889,2.869,2.879
16,0,2.590,2.620,2.610
17,0,2.375,2.322,2.297
19,0,2.175,2.214,2.209
20,0,1.872,1.882,1.867
22,0,1.989,1.970,1.911
27,0,2.527,2.546,2.561
29,0,2.869,2.835,2.820
30,0,3.109,3.133,3.069
31,0,2.996,3.016,2.996
33,0,2.923,2.884,2.913
34,0,2.757,2.796,2.825
36,0,2.566,2.571,2.586
38,0,2.146,2.146,2.092
40,0,2.229,2.175,2.121
41,0,1.862,1.838,1.784
43,0,1.979,2.014,1.911
51,48,3.109,3.084,3.123
52,48,2.996,2.952,2.991
54,48,2.947,2.928,2.972
55,48,2.688,2.664,2.649
57,48,2.551,2.586,2.590
58,48,2.033,1.960,1.984
60,48,2.087,2.097,2.077
61,48,1.891,1.926,1.935
63,48,2.019,2.009,2.023
64,48,2.063,2.126,2.067
66,48,2.424,2.419,2.385
71,50,3.157,3.074,3.055
73,50,2.972,2.957,2.991
74,50,2.874,2.879,2.874
76,50,2.615,2.590,2.634
77,50,2.341,2.312,2.292
79,50,2.185,2.175,2.165
81,50,1.852,1.852,1.838
83,50,1.935,1.989,1.965
84,50,2.004,2.009,1.960
86,50,2.380,2.326,2.297
90,50,2.810,2.727,2.815
95,55,2.801,2.761,2.840
97,55,2.620,2.605,2.561
98,55,2.155,2.155,2.038
100,55,2.224,2.204,2.151
101,55,1.823,1.852,1.813
103,55,1.989,1.994,1.960
104,55,2.063,2.067,2.023
106,55,2.380,2.385,2.370
107,55,2.537,2.512,2.522
109,55,2.835,2.801,2.830
110,55,3.099,3.123,3.143
112,55,2.991,2.981,3.006
117,53,2.390,2.375,2.361
119,53,2.190,2.195,2.175
120,53,1.857,1.877,1.857
123,53,1.975,1.975,1.940
124,53,1.965,1.965,1.960
126,53,2.346,2.336,2.322
127,53,2.463,2.502,2.473
132,53,3.133,3.133,3.104
133,53,3.006,2.981,2.981
135,53,2.849,2.820,2.849
140,58,2.121,2.131,2.082
141,58,1.921,1.935,1.916
143,58,2.019,2.009,2.038
144,58,2.111,2.102,2.116
146,58,2.424,2.458,2.424
148,58,2.742,2.654,2.766
149,58,2.791,2.786,2.752
151,58,3.133,3.109,3.128
152,58,2.981,2.972,3.001
154,58,2.977,2.947,3.001
155,58,2.678,2.669,2.708
157,58,2.498,2.468,2.507
162,59,2.004,1.999,1.984
164,59,2.009,2.048,2.048
166,59,2.395,2.414,2.395
168,59,2.532,2.522,2.532
172,59,3.001,3.001,3.060
174,59,2.937,2.942,2.884
175,59,2.752,2.791,2.801
177,59,2.546,2.532,2.532
178,59,2.087,2.092,2.092
180,59,2.146,2.146,2.180
185,57,2.278,2.297,2.268
187,57,2.405,2.454,2.366
188,57,2.937,2.913,2.918
190,57,2.801,2.864,2.840
191,57,3.162,3.089,3.065
193,57,2.962,2.977,3.104
194,57,2.840,2.874,2.840
196,57,2.610,2.634,2.586
197,57,2.199,2.258,2.199
199,57,2.268,2.287,2.224
201,57,1.882,1.852,1.862
202,57,1.979,1.979,1.960
207,53,2.801,2.805,2.796
210,53,2.771,2.752,2.757
222,53,1.945,1.984,1.965
230,60,2.717,2.639,2.713
231,60,3.079,3.118,3.104
233,60,3.001,3.040,2.991
234,60,2.864,2.849,2.869
236,60,2.620,2.654,2.659
237,60,2.268,2.283,2.234
239,60,2.258,2.234,2.248
241,60,1.857,1.818,1.799
242,60,1.970,1.945,1.950
244,60,2.058,1.989,1.999
245,60,2.317,2.322,2.322
247,60,2.483,2.439,2.483
253,61,3.045,3.050,2.967
254,61,2.972,2.967,2.952
256,61,2.639,2.703,2.634
258,61,2.586,2.532,2.449
259,61,2.097,2.077,2.097
261,61,1.838,1.799,1.852
262,61,1.906,2.004,1.970
266,61,2.410,2.527,2.502
268,61,2.874,2.835,2.840
270,61,2.771,2.771,2.815
275,55,2.786,2.771,2.776
276,55,2.537,2.576,2.546
278,55,2.067,2.072,2.023
279,55,2.297,2.263,2.625
281,55,1.843,1.857,1.833
283,55,1.950,1.945,1.965
284,55,2.102,2.107,2.063
286,55,2.400,2.326,2.400
287,55,2.639,2.659,2.669
289,55,2.835,2.781,2.757
290,55,3.157,3.123,3.133
292,55,3.011,3.025,3.006
298,54,2.302,2.248,2.219
300,54,2.214,2.253,2.253
301,54,1.833,1.833,1.857
303,54,1.975,1.940,2.023
307,54,2.439,2.449,2.390
309,54,2.977,2.942,2.957
310,54,2.977,2.972,2.933
312,54,3.074,3.060,3.030
313,54,2.937,2.903,2.933
315,54,2.820,2.757,2.791
320,61,2.077,2.004,1.970
322,61,1.935,1.940,1.926
323,61,1.999,1.940,1.965
325,61,2.263,2.234,2.234
326,61,2.141,2.473,2.273
328,61,2.859,2.830,2.849
329,61,2.732,2.810,2.830
331,61,3.157,3.162,3.123
332,61,3.016,2.918,3.021
334,61,2.889,2.849,2.864
335,61,2.610,2.620,2.581
338,61,2.375,2.346,2.297
343,58,2.004,1.975,1.975
345,58,2.102,2.116,2.121
349,58,2.874,2.845,2.835
351,58,3.084,3.104,3.079
352,58,2.977,2.996,2.977
354,58,2.923,2.928,2.928
355,58,2.683,2.678,2.654
357,58,2.600,2.566,2.546
358,58,2.033,1.999,2.019
360,58,2.087,2.082,2.023
365,55,2.346,2.390,2.268
367,55,2.458,2.424,2.478
368,55,2.986,2.918,2.972
370,55,2.962,2.962,2.972
371,55,3.050,3.006,3.030
373,55,2.952,2.947,2.952
374,55,2.742,2.737,2.752
376,55,2.561,2.532,2.556
379,55,2.131,2.111,2.126
380,55,2.170,2.170,2.165
382,55,1.808,1.813,1.823
383,55,1.979,1.975,1.960
391,55,3.148,3.109,3.099
393,55,2.947,2.991,2.986
394,55,3.040,3.025,2.972
396,55,2.698,2.654,2.669
397,55,2.537,2.507,2.449
399,55,2.063,2.082,2.131
400,55,1.882,1.843,1.838
402,55,1.999,1.979,1.994
403,55,2.077,2.087,2.058
405,55,2.312,2.283,2.297
410,57,3.148,3.084,3.104
412,57,3.006,3.021,3.016
413,57,2.952,2.977,2.957
415,57,2.688,2.688,2.639
416,57,2.610,2.590,2.537
418,57,1.999,2.033,2.023
420,57,2.077,2.072,2.004
422,57,1.935,1.911,1.882
424,57,2.126,2.116,2.038
428,57,2.595,2.590,2.595
433,57,2.996,2.986,2.991
443,57,1.984,1.965,1.960
446,57,2.439,2.439,2.405
448,57,2.889,2.913,2.893
450,57,2.771,2.820,2.864
455,53,2.727,2.722,2.669
456,53,2.561,2.595,2.590
458,53,2.004,2.014,2.033
459,53,2.072,2.023,2.072
461,53,1.989,1.926,1.921
463,53,1.999,2.028,2.082
465,53,2.141,2.253,2.253
467,53,2.385,2.414,2.395
468,53,2.737,2.781,2.737
470,53,2.786,2.757,2.752
471,53,3.162,3.138,3.143
473,53,2.996,3.011,3.001
478,53,2.195,2.165,2.116
480,53,2.190,2.160,2.170
484,53,2.009,2.014,1.984
485,53,2.278,2.326,2.287
487,53,2.468,2.454,2.483
489,53,2.967,2.923,2.918
490,53,2.986,2.996,3.025
492,53,2.996,3.040,2.996
493,53,2.962,2.918,2.903
495,53,2.761,2.776,2.810
500,59,1.887,1.857,1.857
502,59,1.975,1.989,1.970
503,59,2.038,2.053,2.019
505,59,2.273,2.248,2.258
507,59,2.439,2.380,2.414
509,59,2.893,2.947,2.952
510,59,2.889,2.889,2.879
512,59,3.040,3.021,3.050
513,59,2.957,2.893,2.889
515,59,2.835,2.879,2.801
516,59,2.644,2.600,2.600
518,59,2.175,2.185,2.214
526,59,2.454,2.473,2.400
528,59,2.630,2.644,2.703
529,59,2.752,2.771,2.771
531,59,3.118,3.094,3.148
532,59,3.016,3.021,3.001
534,59,3.045,2.952,3.011
535,59,2.688,2.683,2.713
537,59,2.449,2.449,2.498
538,59,2.072,2.092,2.004
540,59,1.955,1.999,1.896
545,53,2.366,2.326,2.361
547,53,2.517,2.527,2.502
548,53,2.918,2.928,2.849
551,53,3.094,3.055,3.138
552,53,3.016,3.006,3.001
554,53,2.923,2.879,2.898
556,53,2.722,2.683,2.659
557,53,2.576,2.556,2.532
559,53,1.984,2.038,1.994
560,53,2.092,2.058,2.067
568,52,2.845,2.898,2.869
570,52,2.776,2.801,2.801
571,52,3.162,3.148,3.157
573,52,2.996,3.030,2.996
574,52,2.889,2.859,2.859
576,52,2.693,2.610,2.571
577,52,2.253,2.322,2.248
579,52,2.224,2.258,2.214
581,52,1.838,1.813,1.862
582,52,1.921,1.950,1.931
584,52,2.009,2.014,1.940
585,52,2.312,2.263,2.292
590,58,3.172,3.133,3.118
593,58,3.006,2.977,2.977
594,58,3.001,2.962,3.011
596,58,2.708,2.688,2.698
598,58,2.527,2.463,2.463
599,58,2.058,2.043,2.043
601,58,1.887,1.911,1.838
605,58,2.214,2.229,2.219
606,58,2.444,2.434,2.380
608,58,2.747,2.766,2.801
613,57,2.977,2.918,2.977
615,57,2.781,2.771,2.786
616,57,2.610,2.581,2.537
618,57,2.111,2.151,2.102
619,57,2.199,2.185,2.136
621,57,1.808,1.852,1.794
623,57,1.970,1.950,1.955
624,57,2.097,2.058,2.087
626,57,2.414,2.414,2.380
627,57,2.561,2.605,2.551
629,57,2.820,2.849,2.815
630,57,3.118,3.055,3.133
636,56,2.678,2.610,2.625
638,56,2.322,2.336,2.287
640,56,2.199,2.224,2.239
641,56,1.862,1.882,1.838
643,56,1.970,1.955,1.940
647,56,2.414,2.434,2.463
648,56,2.928,2.972,2.952
650,56,2.898,2.898,2.898
663,54,1.994,1.984,1.979
667,54,2.478,2.405,2.542
669,54,2.849,2.849,2.805
670,54,3.143,3.118,3.123
672,54,3.060,3.001,3.030
673,54,2.967,2.947,2.986
675,54,2.708,2.669,2.669
676,54,2.556,2.542,2.556
683,58,1.970,1.999,1.891
684,58,1.965,1.965,1.945
686,58,2.307,2.297,2.307
687,58,2.449,2.429,2.488
689,58,3.006,2.942,2.967
690,58,2.952,2.986,2.991
692,58,3.021,3.040,3.045
693,58,2.981,2.977,2.972
695,58,2.845,2.776,2.766
711,62,3.109,3.157,3.172
712,62,2.986,2.977,2.972
714,62,2.879,2.893,2.820
716,62,2.639,2.674,2.639
717,62,2.346,2.307,2.331
719,62,2.199,2.199,2.165
721,62,1.838,1.833,1.799
726,55,2.444,2.458,2.419
728,55,2.688,2.717,2.713
730,55,2.781,2.776,2.747
731,55,3.109,3.177,3.138
733,55,3.011,3.030,3.025
734,55,2.991,2.962,3.001
736,55,2.664,2.644,2.610
737,55,2.522,2.537,2.546
739,55,2.048,2.033,2.058
740,55,1.862,1.857,1.818
742,55,1.940,1.911,2.023
743,55,2.072,2.023,2.023
751,54,3.079,3.030,3.074
753,54,2.991,2.972,2.967
755,54,2.796,2.815,2.771
756,54,2.600,2.581,2.537
758,54,2.102,2.116,2.077
759,54,2.151,2.165,2.170
761,54,1.808,1.784,1.779
763,54,1.945,1.950,1.945
765,54,2.023,2.082,2.067
766,54,2.414,2.414,2.395
772,59,3.201,3.123,3.192
773,59,3.011,3.006,3.006
775,59,2.884,2.889,2.879
776,59,2.576,2.625,2.605
778,59,2.322,2.253,2.253
779,59,2.165,2.204,2.185
781,59,1.808,1.877,1.794
782,59,1.960,1.926,1.945
784,59,1.950,1.970,1.931
785,59,2.307,2.341,2.346
790,59,2.869,2.889,2.908
795,60,2.678,2.674,2.683
797,60,2.546,2.546,2.566
798,60,1.945,1.960,1.955
800,60,2.053,2.028,1.970
801,60,1.891,1.882,1.872
803,60,2.121,2.092,2.087
804,60,2.190,2.175,2.219
807,60,2.400,2.414,2.424
808,60,2.810,2.820,2.849
810,60,2.801,2.796,2.757
811,60,3.177,3.118,3.192
817,53,2.600,2.586,2.595
818,53,2.067,2.067,2.053
820,53,2.155,2.185,2.121
821,53,1.799,1.755,1.818
823,53,1.906,1.965,1.906
824,53,2.063,2.072,2.048
826,53,2.390,2.385,2.346
827,53,2.566,2.586,2.615
832,53,3.035,3.045,3.065
833,53,2.962,2.962,2.952
835,53,2.791,2.801,2.781
840,54,1.764,1.711,1.769
842,54,1.950,1.931,1.882
843,54,2.038,2.058,2.014
845,54,2.346,2.317,2.287
846,54,2.502,2.517,2.458
849,54,2.991,3.001,2.967
850,54,2.996,2.869,2.923
852,54,3.113,3.123,3.113
853,54,2.981,2.981,2.962
855,54,2.908,2.825,2.849
857,54,2.292,2.268,2.351
858,54,2.097,2.038,1.989
863,58,1.891,1.906,1.896
865,58,2.170,2.155,2.092
866,58,2.375,2.346,2.307
868,58,2.708,2.766,2.820
872,58,3.050,3.099,3.045
874,58,3.104,3.074,3.030
875,58,2.717,2.727,2.727
877,58,2.586,2.498,2.556
878,58,1.965,1.989,1.960
893,57,3.065,3.011,3.006
896,57,2.649,2.595,2.595
898,57,2.209,2.204,2.180
900,57,2.146,2.111,2.151
901,57,1.808,1.725,1.711
903,57,1.931,1.926,1.911
908,56,2.639,2.669,2.659
909,56,2.385,2.458,2.410
911,56,2.463,2.449,2.424
913,56,2.498,2.488,2.463
914,56,2.463,2.414,2.414
916,56,2.385,2.424,2.390
917,56,2.370,2.366,2.380
919,56,2.424,2.429,2.390
920,56,2.346,2.326,2.317
925,56,2.630,2.556,2.581
930,54,2.556,2.561,2.566
931,54,2.498,2.463,2.468
934,54,2.483,2.468,2.463
936,54,2.468,2.458,2.449
937,54,2.410,2.385,2.419
939,54,2.380,2.370,2.370
940,54,2.483,2.454,2.590
942,54,2.444,2.454,2.434
943,54,2.502,2.493,2.473
945,54,2.517,2.493,2.483
946,54,2.498,2.507,2.507
948,54,2.556,2.566,2.542
953,59,2.498,2.468,2.463
955,59,2.488,2.483,2.478
956,59,2.478,2.468,2.463
958,59,2.405,2.400,2.390
959,59,2.473,2.478,2.478
961,59,2.468,2.444,2.439
962,59,2.483,2.463,2.468
967,59,2.527,2.512,2.483
968,59,2.556,2.537,2.537
970,59,2.537,2.537,2.522
975,57,2.483,2.483,2.458
978,57,2.444,2.449,2.458
979,57,2.434,2.454,2.444
981,57,2.454,2.429,2.434
982,57,2.493,2.473,2.468
984,57,2.478,2.488,2.478
985,57,2.561,2.556,2.502
987,57,2.522,2.517,2.493
988,57,2.566,2.546,2.561
990,57,2.488,2.517,2.517
992,57,2.532,2.532,2.502
993,57,2.512,2.498,2.493
998,55,2.419,2.410,2.405
1000,55,2.444,2.444,2.444
1001,55,2.488,2.493,2.449
1003,55,2.522,2.483,2.478
1007,55,2.551,2.546,2.551
1009,55,2.502,2.507,2.502
1011,55,2.537,2.527,2.517
1012,55,2.517,2.502,2.502
1014,55,2.512,2.512,2.498
1015,55,2.458,2.483,2.463
1022,56,2.449,2.424,2.449
1023,56,2.473,2.468,2.463
1025,56,2.488,2.498,2.493
1026,56,2.537,2.527,2.502
1028,56,2.537,2.542,2.561
1030,56,2.517,2.507,2.512
1031,56,2.561,2.556,2.537
1033,56,2.507,2.507,2.493
1034,56,2.527,2.522,2.493
1036,56,2.473,2.483,2.478
1037,56,2.493,2.483,2.454
1043,57,2.483,2.454,2.468
1044,57,2.507,2.522,2.483
1049,57,2.532,2.512,2.522
1050,57,2.551,2.590,2.546
1052,57,2.512,2.493,2.507
1053,57,2.517,2.493,2.502
1055,57,2.478,2.458,2.439
1057,57,2.439,2.429,2.444
1058,57,2.439,2.444,2.429
1060,57,2.429,2.419,2.410
1066,58,2.507,2.517,2.507
1068,58,2.522,2.527,2.517
1069,58,2.512,2.493,2.507
1071,58,2.527,2.532,2.532
1072,58,2.512,2.498,2.468
1074,58,2.517,2.507,2.502
1076,58,2.488,2.473,2.468
1077,58,2.483,2.478,2.449
1079,58,2.116,2.082,2.038
1080,58,2.429,2.434,2.410
1082,58,2.463,2.449,2.478
1090,53,2.458,2.449,2.449
1092,53,2.463,2.449,2.454
1093,53,2.454,2.449,2.439
1095,53,2.439,2.419,2.410
1096,53,2.434,2.419,2.419
1098,53,2.375,2.390,2.375
1100,53,2.434,2.405,2.400
1101,53,2.458,2.410,2.380
1115,53,2.473,2.458,2.458
1119,53,2.468,2.483,2.449
1121,53,2.434,2.463,2.439
1122,53,2.478,2.488,2.473
1124,53,2.463,2.458,2.473
1126,53,2.507,2.488,2.517
1127,53,2.517,2.493,2.488
1129,53,2.517,2.502,2.493
1134,56,2.498,2.512,2.478
1136,56,2.478,2.454,2.463
1137,56,2.449,2.424,2.424
1142,56,2.463,2.483,2.463
1143,56,2.483,2.498,2.478
1145,56,2.512,2.498,2.498
1147,56,2.527,2.502,2.478
1149,56,2.595,2.576,2.571
1151,56,2.561,2.561,2.532
1156,58,2.498,2.498,2.463
1157,58,2.410,2.444,2.439
1159,58,2.463,2.439,2.400
1161,58,2.414,2.410,2.366
1162,58,2.454,2.473,2.463
1164,58,2.478,2.463,2.473
1165,58,2.546,2.537,2.561
1167,58,2.542,2.546,2.561
1169,58,2.752,2.727,2.678
1170,58,2.581,2.615,2.556
1172,58,2.561,2.546,2.527
1173,58,3.050,3.030,2.981
1179,55,1.945,1.965,1.984
1183,55,2.063,2.048,2.014
1184,55,2.131,2.116,2.219
1186,55,2.478,2.458,2.424
1188,55,2.908,2.849,2.937
1190,55,2.874,2.825,2.854
1192,55,3.289,3.284,3.280
1193,55,3.109,3.069,3.050
1195,55,2.893,2.918,2.942
1197,55,2.630,2.634,2.605
1202,54,1.838,1.813,1.784
1203,54,2.063,2.009,1.960
1205,54,2.351,2.214,2.248
1207,54,2.405,2.414,2.429
1208,54,2.913,2.933,2.952
1210,54,2.889,2.884,2.835
1211,54,3.284,3.226,3.211
1213,54,3.118,3.050,3.065
1215,54,2.937,2.874,2.879
1216,54,2.590,2.581,2.615
1224,58,2.058,2.038,2.102
1226,58,2.410,2.414,2.283
1227,58,2.717,2.742,2.805
1229,58,2.859,2.810,2.835
1231,58,3.211,3.236,3.289
1233,58,3.094,3.060,3.055
1235,58,3.025,3.006,3.040
1236,58,2.659,2.620,2.674
1238,58,2.546,2.454,2.380
1239,58,2.121,2.126,2.111
1241,58,1.769,1.784,1.740
1246,57,2.380,2.336,2.478
1248,57,2.776,2.786,2.776
1249,57,2.845,2.830,2.781
1251,57,3.245,3.221,3.265
1253,57,3.118,3.030,3.089
1254,57,3.016,3.021,2.977
1256,57,2.674,2.659,2.634
1257,57,2.458,2.439,2.356
1262,57,1.911,1.882,1.852
1263,57,1.975,1.955,1.970
1269,53,2.986,2.898,2.908
1270,53,3.240,3.211,3.221
1272,53,3.069,3.089,3.074
1273,53,3.040,3.040,2.991
1276,53,2.688,2.688,2.698
1278,53,2.537,2.512,2.512
1279,53,1.911,1.882,1.965
1281,53,1.935,1.931,1.804
1282,53,1.852,1.882,1.896
1284,53,1.921,1.970,1.979
1285,53,2.380,2.346,2.229
1287,53,2.414,2.463,2.478
1292,53,3.035,3.084,3.069
1294,53,2.986,2.952,3.011
1295,53,2.722,2.727,2.678
1297,53,2.620,2.586,2.542
1299,53,1.926,1.950,1.901
1303,53,1.867,1.896,1.911
1304,53,2.053,2.092,2.043
1306,53,2.439,2.439,2.395
1308,53,2.830,2.810,2.805
1309,53,2.845,2.796,2.845
1314,57,2.845,2.766,2.815
1316,57,2.566,2.546,2.537
1319,57,2.116,2.004,2.038
1320,57,2.097,2.082,2.141
1322,57,1.735,1.750,1.696
1323,57,1.857,1.901,1.891
1325,57,2.009,2.082,2.072
1327,57,2.380,2.390,2.429
1340,59,2.097,2.082,2.102
1344,59,1.975,1.926,1.896
1345,59,2.414,2.380,2.356
1347,59,2.439,2.493,2.507
1348,59,3.084,3.118,3.079
1350,59,3.079,3.006,3.074
1354,59,2.869,2.913,2.874
1361,56,1.975,1.945,1.906
1362,56,1.901,1.808,1.823
1364,56,1.970,1.970,1.906
1365,56,2.405,2.351,2.258
1367,56,2.400,2.434,2.458
1369,56,2.898,2.967,3.001
1370,56,2.801,2.830,2.810
1372,56,3.289,3.236,3.240
1373,56,3.060,3.055,3.040
1375,56,2.991,2.864,2.874
1376,56,2.649,2.708,2.546
1382,54,1.891,1.760,1.848
1383,54,1.965,1.911,1.935
1385,54,2.292,2.346,2.400
1386,54,2.473,2.473,2.454
1388,54,2.981,2.937,3.050
1390,54,2.830,2.849,2.810
1391,54,3.294,3.172,3.187
1408,58,2.903,2.889,2.937
1410,58,2.830,2.903,2.879
1412,58,3.250,3.304,3.314
1413,58,3.065,3.089,3.050
1415,58,2.942,2.859,2.898
1416,58,2.581,2.586,2.620
1418,58,2.209,2.155,2.165
1420,58,2.165,2.141,2.175
1421,58,1.706,1.735,1.725
1423,58,1.867,1.945,1.901
1428,55,2.918,2.967,2.942
1430,55,2.859,2.859,2.903
1431,55,3.275,3.275,3.284
1433,55,3.060,3.089,3.060
1434,55,2.918,2.884,2.889
1436,55,2.590,2.634,2.634
1438,55,2.170,2.116,2.141
1439,55,2.126,2.170,2.185
1441,55,1.725,1.735,1.750
1450,54,2.830,2.815,2.820
1451,54,3.240,3.265,3.255
1453,54,3.138,3.123,3.045
1454,54,3.109,3.006,3.021
1456,54,2.747,2.713,2.693
1458,54,2.444,2.429,2.414
1459,54,2.131,2.067,2.067
1461,54,1.647,1.628,1.628
1462,54,1.921,1.828,1.950
1464,54,2.004,2.004,1.960
1465,54,2.302,2.263,2.307
1467,54,2.419,2.537,2.488
1472,53,3.104,3.050,3.123
1474,53,3.138,3.094,3.079
1476,53,2.713,2.732,2.649
1477,53,2.449,2.473,2.502
1479,53,1.970,2.019,2.009
1480,53,1.686,1.745,1.720
1482,53,1.935,1.891,1.940
1486,53,2.336,2.551,2.341
1489,53,2.918,2.908,2.977
1490,53,2.825,2.830,2.771
1496,61,2.796,2.747,2.747
1497,61,2.478,2.473,2.517
1499,61,1.891,1.896,1.877
1500,61,1.950,1.887,1.921
1502,61,1.843,1.828,1.808
1503,61,2.141,2.107,2.151
1505,61,2.366,2.326,2.278
1507,61,2.405,2.463,2.395
1508,61,2.947,2.918,2.952
1510,61,2.869,2.825,2.849
1511,61,3.240,3.231,3.216
1513,61,3.113,2.996,3.055
1518,56,1.906,1.921,1.882
1520,56,1.965,1.960,1.940
1521,56,1.867,1.838,1.828
1523,56,2.067,2.239,2.224
1527,56,2.610,2.683,2.664
1529,56,2.864,2.845,2.845
1531,56,3.240,3.182,3.294
1533,56,3.060,3.065,3.025
1535,56,3.001,3.016,3.025
1540,54,2.190,2.239,2.199
1541,54,1.735,1.755,1.740
1543,54,1.901,1.921,1.926
1545,54,2.038,2.048,2.014
1546,54,2.410,2.370,2.439
1548,54,2.615,2.600,2.630
1549,54,2.854,2.889,2.835
1551,54,3.221,3.206,3.260
1552,54,3.113,3.148,3.065
1554,54,3.025,3.060,3.045
1556,54,2.703,2.644,2.713
1557,54,2.419,2.419,2.390
1563,53,1.921,1.916,1.877
1572,53,3.065,3.040,3.094
1580,53,2.092,2.067,2.087
1581,53,1.740,1.711,1.745
1586,57,2.463,2.468,2.463
1588,57,2.791,2.830,2.796
1590,57,2.879,2.815,2.845
1591,57,3.240,3.299,3.196
1593,57,3.094,3.192,3.084
1594,57,2.967,2.952,2.952
1596,57,2.659,2.644,2.620
1598,57,2.336,2.356,2.307
1599,57,2.067,2.077,2.097
1601,57,1.764,1.720,1.711
1602,57,1.848,1.901,1.838
1608,57,2.771,2.810,2.805
1609,57,2.893,2.830,2.801
1611,57,3.284,3.245,3.299
1612,57,3.089,3.060,3.089
1614,57,3.025,2.933,2.986
1615,57,2.595,2.630,2.639
1621,57,1.794,1.784,1.760
1622,57,1.867,1.906,1.931
1624,57,2.014,2.028,2.019
1626,57,2.361,2.463,2.366
1631,55,3.265,3.255,3.236
1632,55,3.113,3.050,3.089
1634,55,3.094,3.094,3.084
1636,55,2.713,2.688,2.674
1637,55,2.468,2.429,2.434
1639,55,1.984,1.916,1.916
1640,55,1.779,1.804,1.740
1642,55,1.931,1.882,1.867
1644,55,2.004,2.004,2.019
1645,55,2.366,2.312,2.390
1647,55,2.454,2.400,2.468
1648,55,3.133,3.148,3.109
1654,56,3.050,3.074,3.050
1655,56,2.703,2.727,2.683
1657,56,2.507,2.439,2.410
1662,56,1.745,1.799,1.872
1664,56,1.970,1.999,2.014
1665,56,2.004,2.151,2.312
1667,56,2.410,2.429,2.439
1668,56,2.928,2.893,2.874
1670,56,2.835,2.898,2.805
1671,56,3.245,3.270,3.294
1677,58,2.542,2.556,2.551
1678,58,1.965,1.935,1.916
1680,58,2.087,2.048,1.989
1682,58,1.784,1.784,1.887
1683,58,1.970,1.965,2.014
1685,58,2.092,2.160,2.199
1686,58,2.483,2.458,2.400
1688,58,2.952,2.913,2.908
1689,58,2.859,2.908,2.879
1691,58,3.294,3.309,3.338
1693,58,3.099,3.118,3.069
1698,59,1.994,1.994,1.931
1703,59,1.838,1.882,1.843
1705,59,1.896,1.960,1.955
1706,59,2.375,2.346,2.395
1708,59,2.586,2.595,2.605
1709,59,2.947,2.991,2.923
1711,59,3.270,3.192,3.289
1713,59,3.089,3.065,3.128
1714,59,3.109,3.016,3.030
1716,59,2.781,2.742,2.732
1721,56,1.681,1.711,1.662
1723,56,1.887,1.857,1.882
1724,56,1.955,1.999,1.891
1726,56,2.410,2.380,2.405
1727,56,2.532,2.493,2.571
1729,56,2.928,2.962,2.933
1731,56,3.240,3.275,3.250
1732,56,3.094,3.089,3.148
1734,56,3.079,3.021,3.069
1735,56,2.835,2.801,2.742
1743,53,1.955,1.911,1.901
1746,53,2.346,2.346,2.351
1748,53,2.527,2.517,2.478
1749,53,3.079,3.074,3.089
1751,53,3.104,3.123,3.065
1752,53,3.187,3.138,3.138
1754,53,3.001,3.035,2.986
1755,53,2.845,2.791,2.786
1757,53,2.600,2.600,2.532
1759,53,1.852,1.833,1.862
1760,53,1.994,2.028,1.955
1762,53,1.828,1.838,1.784
1767,61,2.424,2.424,2.473
1769,61,3.128,3.109,3.089
1770,61,3.069,3.123,3.118
1772,61,3.138,3.118,3.128
1773,61,3.065,2.991,2.977
1775,61,2.830,2.805,2.801
1777,61,2.517,2.576,2.571
1781,61,1.672,1.745,1.647
1782,61,1.906,1.877,1.833
1789,61,2.972,3.001,3.011
1790,61,2.923,2.874,2.923
1845,53,2.009,2.023,1.989
1849,53,3.226,3.187,3.240
1850,53,2.928,2.879,2.972
1852,53,2.669,2.639,2.674
1857,54,2.449,2.385,2.326
1859,54,2.204,2.219,2.234
1860,54,2.170,2.204,2.131
1862,54,2.439,2.483,2.395
1864,54,2.429,2.444,2.419
1865,54,2.664,2.634,2.600
1867,54,2.615,2.595,2.595
1868,54,2.874,2.825,2.849
1870,54,2.796,2.820,2.776
1873,54,2.571,2.571,2.586
1874,54,2.483,2.444,2.473
1882,59,2.414,2.429,2.380
1884,59,2.463,2.434,2.463
1885,59,2.713,2.766,2.649
1887,59,2.625,2.615,2.576
1888,59,2.810,2.849,2.820
1890,59,2.551,2.639,2.669
1892,59,2.576,2.595,2.571
1893,59,2.517,2.478,2.454
1895,59,2.502,2.483,2.473
1896,59,2.370,2.370,2.370
1902,56,2.434,2.390,2.375
1903,56,2.419,2.449,2.434
1905,56,2.546,2.463,2.517
1906,56,2.561,2.537,2.600
1908,56,2.805,2.830,2.835
1910,56,2.669,2.664,2.630
1911,56,2.517,2.561,2.610
1913,56,2.488,2.468,2.424
1915,56,2.502,2.473,2.483
1920,56,2.336,2.331,2.370
1925,54,2.463,2.517,2.532
1927,54,2.625,2.590,2.556
1928,54,2.781,2.698,2.757
1930,54,2.600,2.561,2.551
1931,54,2.659,2.688,2.654
1933,54,2.546,2.546,2.522
1935,54,2.449,2.439,2.400
1936,54,2.424,2.405,2.424
1938,54,2.361,2.278,2.317
1939,54,2.439,2.414,2.380
1941,54,2.312,2.317,2.302
1946,51,2.581,2.546,2.537
1948,51,2.688,2.717,2.732
1949,51,2.556,2.576,2.556
1951,51,2.693,2.625,2.654
1953,51,2.532,2.522,2.537
1954,51,2.444,2.454,2.444
1956,51,2.444,2.380,2.458
1961,51,2.322,2.297,2.268
1963,51,2.449,2.434,2.478
1964,51,2.468,2.454,2.463
1969,60,2.576,2.571,2.576
1971,60,2.644,2.659,2.654
1973,60,2.561,2.581,2.546
1974,60,2.551,2.532,2.537
1976,60,2.444,2.463,2.424
1977,60,2.405,2.439,2.419
1979,60,2.336,2.346,2.366
1981,60,2.297,2.322,2.312
1982,60,2.424,2.468,2.468
1984,60,2.488,2.454,2.439
1985,60,2.522,2.488,2.546
1987,60,2.615,2.590,2.566
1992,57,2.537,2.551,2.537
1994,57,2.517,2.454,2.586
1995,57,2.454,2.434,2.424
1997,57,2.424,2.454,2.444
2002,57,2.473,2.424,2.468
2004,57,2.498,2.458,2.429
2005,57,2.556,2.546,2.630
2007,57,2.586,2.576,2.556
2009,57,2.678,2.634,2.654
2010,57,2.586,2.571,2.586
2016,54,2.449,2.454,2.385
2017,54,2.414,2.424,2.483
2019,54,2.258,2.336,2.326
2020,54,2.361,2.375,2.419
2022,54,2.449,2.444,2.454
2023,54,2.498,2.502,2.463
2025,54,2.522,2.527,2.542
2027,54,2.561,2.561,2.542
2028,54,2.659,2.639,2.649
2030,54,2.542,2.556,2.566
2031,54,2.527,2.522,2.507
2037,56,2.424,2.439,2.458
2038,56,2.370,2.390,2.336
2044,56,2.463,2.488,2.444
2045,56,2.483,2.468,2.483
2047,56,2.502,2.498,2.473
2048,56,2.620,2.600,2.576
2050,56,2.522,2.483,2.488
2052,56,2.576,2.576,2.537
2053,56,2.512,2.483,2.517
2055,56,2.502,2.493,2.468
2060,59,2.458,2.488,2.361
2069,59,2.517,2.522,2.488
2073,59,2.532,2.517,2.478
2075,59,2.454,2.478,2.439
2077,59,2.434,2.478,2.429
2082,56,2.463,2.449,2.444
2084,56,2.444,2.439,2.429
2086,56,2.493,2.546,2.551
2088,56,2.576,2.546,2.537
2089,56,2.571,2.581,2.537
2094,56,2.546,2.419,2.439
2095,56,2.439,2.444,2.449
2097,56,2.483,2.449,2.439
2098,56,2.370,2.356,2.341
2100,56,2.400,2.424,2.444
2105,58,2.649,2.605,2.483
2107,58,2.581,2.463,2.493
2108,58,2.659,2.639,2.634
2110,58,2.649,2.620,2.595
2112,58,2.507,2.537,2.498
2113,58,2.424,2.620,2.375
2115,58,2.483,2.424,2.434
2116,58,2.454,2.512,2.419
2118,58,2.268,2.307,2.278
2120,58,2.429,2.414,2.341
2121,58,2.375,2.410,2.361
2123,58,2.468,2.410,2.463
2129,56,2.717,2.708,2.713
2131,56,2.683,2.678,2.620
2159,52,2.473,2.429,2.439
2161,52,2.326,2.385,2.380
2162,52,2.478,2.454,2.444
2164,52,2.522,2.493,2.473
2166,52,2.546,2.561,2.576
2167,52,2.620,2.542,2.595
2174,51,2.566,2.551,2.546
2175,51,2.527,2.527,2.502
2177,51,2.488,2.454,2.439
2178,51,2.400,2.366,2.331
2180,51,2.488,2.414,2.468
2181,51,2.419,2.419,2.361
2183,51,2.483,2.463,2.473
2185,51,2.542,2.449,2.478
2186,51,2.600,2.581,2.590
2188,51,2.571,2.571,2.649
2189,51,2.586,2.561,2.595
2191,51,2.693,2.669,2.659
2196,57,2.439,2.468,2.478
2201,57,2.380,2.341,2.366
2202,57,2.502,2.405,2.458
2204,57,2.473,2.478,2.463
2205,57,2.634,2.507,2.498
2207,57,2.556,2.561,2.610
2209,57,2.698,2.669,2.639
2210,57,2.693,2.659,2.698
2212,57,2.561,2.507,2.512
2218,59,2.400,2.297,2.351
2220,59,2.361,2.400,2.351
2221,59,2.326,2.268,2.312
2223,59,2.410,2.473,2.424
2224,59,2.424,2.400,2.424
2226,59,2.561,2.507,2.532
2228,59,2.542,2.556,2.556
2229,59,2.669,2.625,2.590
2231,59,2.683,2.649,2.698
2232,59,2.542,2.532,2.527
2234,59,2.537,2.473,2.581
2242,58,2.473,2.444,2.419
2244,58,2.458,2.429,2.454
2245,58,2.610,2.551,2.551
2247,58,2.517,2.507,2.537
2248,58,2.752,2.747,2.732
2250,58,2.634,2.654,2.674
2252,58,2.546,2.517,2.586
2253,58,2.532,2.522,2.502
2255,58,2.507,2.439,2.454
2257,58,2.361,2.400,2.410
2259,58,2.209,2.224,2.175
2264,58,2.498,2.478,2.424
2266,58,2.659,2.747,2.664
2267,58,2.620,2.634,2.537
2269,58,2.761,2.849,2.791
2271,58,2.693,2.776,2.688
2272,58,2.590,2.586,2.551
2274,58,2.566,2.498,2.512
2275,58,2.478,2.463,2.439
2280,58,2.414,2.385,2.370
2281,58,2.268,2.273,2.336
2287,54,2.571,2.595,2.566
2288,54,2.889,2.884,2.893
2290,54,2.571,2.644,2.644
2291,54,2.605,2.571,2.590
2293,54,2.571,2.527,2.468
2294,54,2.458,2.517,2.454
2296,54,2.395,2.439,2.400
2299,54,2.053,2.053,1.945
2300,54,2.356,2.370,2.375
2302,54,2.302,2.263,2.268
2303,54,2.419,2.380,2.375
2309,56,2.986,2.908,2.977
2310,56,2.620,2.659,2.688
2320,56,2.468,2.380,2.336
2324,56,2.454,2.483,2.468
2325,56,2.698,2.556,2.630
2331,63,2.722,2.688,2.688
2335,63,2.410,2.395,2.444
2337,63,2.351,2.356,2.366
2338,63,2.004,1.935,1.979
2340,63,2.253,2.239,2.195
2342,63,2.444,2.493,2.385
2344,63,2.566,2.595,2.507
2345,63,2.698,2.620,2.654
2347,63,2.576,2.551,2.590
2349,63,3.104,3.006,3.021
2354,61,2.571,2.571,2.551
2356,61,2.405,2.341,2.331
2357,61,2.287,2.331,2.287
2359,61,1.618,1.681,1.676
2360,61,1.887,1.848,1.857
2362,61,2.014,1.950,1.877
2363,61,2.424,2.522,2.454
2365,61,2.126,2.190,2.155
2367,61,2.366,2.370,2.400
2368,61,3.079,3.113,3.123
2376,59,2.678,2.639,2.693
2378,59,1.887,1.862,1.857
2379,59,2.004,1.945,1.921
2381,59,1.320,1.344,1.285
2382,59,1.681,1.618,1.574
2385,59,1.711,1.828,1.755
2387,59,2.449,2.370,2.370
2388,59,2.713,2.669,2.737
2390,59,3.069,3.045,3.065
2391,59,3.597,3.587,3.612
2393,59,3.392,3.387,3.387
2395,59,3.250,3.231,3.338
2400,57,1.965,1.955,1.950
2401,57,1.305,1.364,1.388
2403,57,1.618,1.574,1.564
2405,57,1.701,1.676,1.784
2406,57,2.312,2.297,2.317
2408,57,2.639,2.634,2.634
2409,57,3.118,3.045,3.118
2414,57,3.211,3.236,3.250
2415,57,3.021,2.898,2.893
2417,57,2.532,2.556,2.586
2422,56,1.598,1.628,1.593
2424,56,1.720,1.701,1.642
2425,56,2.239,2.243,2.248
2428,56,2.361,2.410,2.463
2429,56,3.338,3.299,3.333
2431,56,3.328,3.338,3.368
2432,56,3.412,3.382,3.382
2434,56,3.328,3.245,3.177
2436,56,2.903,2.854,2.786
2437,56,2.600,2.507,2.537
2439,56,1.481,1.496,1.437
2444,54,1.716,1.662,1.706
2446,54,2.199,2.273,2.219
2447,54,2.395,2.458,2.463
2449,54,3.338,3.368,3.338
2450,54,3.324,3.392,3.358
2455,54,3.109,3.094,3.118
2456,54,2.649,2.688,2.693
2458,54,2.004,1.916,1.965
2459,54,2.009,2.063,1.940
2461,54,1.364,1.427,1.329
2466,58,2.410,2.395,2.449
2468,58,3.182,3.128,3.182
2470,58,3.128,3.069,3.084
2472,58,3.710,3.690,3.666
2474,58,3.353,3.314,3.407
2475,58,3.104,3.060,3.104
2477,58,2.727,2.693,2.669
2478,58,2.028,1.975,2.014
2480,58,1.960,1.950,1.970
2482,58,1.364,1.339,1.334
2483,58,1.593,1.525,1.628
2485,58,1.672,1.725,1.769
2490,61,3.079,3.079,3.118
2491,61,3.690,3.661,3.710
2496,61,2.815,2.889,2.801
2497,61,2.502,2.493,2.507
2499,61,1.720,1.794,1.828
2501,61,1.388,1.339,1.256
2502,61,1.613,1.525,1.476
2504,61,1.642,1.686,1.593
2505,61,2.361,2.209,2.175
2507,61,2.410,2.429,2.429
2513,59,3.514,3.460,3.490
2515,59,3.500,3.490,3.460
2516,59,2.967,2.928,2.849
2518,59,2.463,2.463,2.478
2519,59,1.701,1.681,1.735
2521,59,1.266,1.256,1.232
2523,59,1.442,1.554,1.486
2524,59,1.637,1.632,1.598
2526,59,2.253,2.361,2.199
2527,59,2.424,2.419,2.351
2529,59,3.617,3.475,3.500
2537,56,2.693,2.693,2.620
2546,56,2.414,2.458,2.395
2550,56,3.822,3.803,3.827
2552,56,3.519,3.416,3.534
2558,54,2.346,2.199,2.341
2560,54,1.852,1.799,1.740
2561,54,1.114,1.139,1.124
2563,54,1.393,1.344,1.334
2565,54,1.344,1.349,1.373
2566,54,2.058,2.102,2.126
2568,54,2.483,2.556,2.512
2569,54,3.416,3.480,3.416
2571,54,3.656,3.744,3.768
2572,54,3.587,3.695,3.651
2574,54,3.441,3.514,3.500
2579,57,1.672,1.735,1.760
2581,57,1.075,1.114,1.065
2582,57,1.251,1.290,1.320
2584,57,1.364,1.339,1.290
2588,57,3.372,3.514,3.475
2590,57,3.324,3.377,3.343
2591,57,3.807,3.768,3.705
2593,57,3.363,3.358,3.353
2595,57,3.275,3.240,3.182
2596,57,2.669,2.649,2.610
2603,57,1.256,1.266,1.246
2604,57,1.491,1.447,1.457
2606,57,2.063,1.960,2.028
2607,57,2.322,2.429,2.375
2609,57,3.358,3.465,3.441
2610,57,3.275,3.275,3.485
2612,57,3.690,3.803,3.773
2614,57,3.407,3.299,3.333
2615,57,3.206,3.211,3.226
2617,57,2.664,2.771,2.708
2618,57,1.730,1.696,1.667
2620,57,1.828,1.750,1.779
2625,59,2.107,2.111,2.180
2629,59,3.187,3.133,3.196
2631,59,3.998,3.920,3.930
2633,59,3.705,3.680,3.685
2634,59,3.446,3.456,3.426
2636,59,2.825,2.688,2.752
2637,59,2.307,2.273,2.180
2639,59,1.716,1.725,1.740
2642,59,1.026,0.929,0.963
2643,59,1.266,1.276,1.261
2648,56,2.977,3.006,2.952
2650,56,3.187,3.187,3.109
2652,56,3.974,3.988,3.915
2653,56,3.700,3.671,3.744
2655,56,3.627,3.485,3.456
2656,56,2.898,2.933,2.893
2658,56,2.366,2.248,2.170
2660,56,1.857,1.789,1.794
2661,56,1.051,1.026,0.992
2663,56,1.246,1.222,1.246
2671,55,3.969,4.018,3.915
2672,55,3.778,3.680,3.715
2674,55,3.573,3.651,3.622
2675,55,3.045,2.981,2.947
2677,55,2.747,2.595,2.551
2679,55,1.373,1.403,1.417
2680,55,1.349,1.388,1.285
2683,55,1.017,1.153,1.207
2684,55,1.271,1.241,1.329
2686,55,1.823,1.769,1.984
2687,55,2.410,2.424,2.532
2693,56,3.759,3.778,3.759
2694,56,3.524,3.485,3.622
2696,56,3.030,3.060,3.001
2697,56,2.747,2.791,2.698
2699,56,1.344,1.290,1.261
2701,56,1.285,1.285,1.339
2702,56,1.056,1.065,1.061
2704,56,1.476,1.383,1.339
2708,56,2.849,2.952,2.967
2710,56,3.211,3.172,3.280
2715,53,3.382,3.304,3.275
2716,53,2.874,2.805,2.752
2718,53,1.657,1.735,1.598
2720,53,1.794,1.799,1.755
2721,53,0.890,0.899,0.899
2723,53,1.085,1.207,1.237
2724,53,1.525,1.486,1.496
2727,53,2.312,2.219,2.297
2728,53,2.757,2.810,2.815
2730,53,3.250,3.314,3.245
2732,53,4.013,4.052,4.081
2733,53,3.749,3.783,3.788
2738,60,1.852,1.764,1.676
2740,60,1.877,1.755,1.764
2742,60,0.948,1.031,0.973
2743,60,1.300,1.281,1.168
2745,60,1.461,1.344,1.398
2749,60,3.568,3.587,3.573
2751,60,3.690,3.695,3.671
2752,60,3.861,3.768,3.807
2754,60,3.553,3.529,3.485
2755,60,3.187,3.128,3.099
2761,57,0.929,0.875,0.919
2771,57,3.656,3.710,3.671
2775,57,3.451,3.451,3.519
2777,57,2.864,2.845,2.849
2778,57,2.302,2.209,2.195
2783,57,1.320,1.232,1.310
2785,57,1.486,1.476,1.486
2787,57,2.283,2.224,2.278
2788,57,2.923,3.021,3.123
2790,57,3.196,3.182,3.074
2791,57,4.101,4.057,3.978
2793,57,3.734,3.788,3.768
2794,57,3.558,3.500,3.534
2796,57,2.942,2.913,2.893
2800,57,1.232,1.090,1.041
2806,57,2.053,2.151,2.102
2807,57,2.468,2.424,2.439
2809,57,3.421,3.402,3.319
2811,57,3.964,3.954,3.905
2813,57,3.739,3.788,3.680
2815,57,3.656,3.607,3.627
2816,57,2.981,2.962,2.972
2818,57,2.517,2.419,2.537
2819,57,1.447,1.334,1.344
2821,57,1.344,1.217,1.202
2822,57,1.193,1.212,1.251
2824,57,1.496,1.364,1.398
2829,56,3.407,3.465,3.363
2831,56,3.827,3.925,3.900
2832,56,3.617,3.695,3.671
2834,56,3.495,3.563,3.607
2836,56,2.928,3.016,3.016
2837,56,2.654,2.586,2.546
2867,55,2.405,2.370,2.346
2869,55,3.319,3.412,3.392
2874,59,3.392,3.436,3.353
2876,59,2.967,2.947,2.879
2877,59,2.703,2.581,2.581
2879,59,1.325,1.442,1.378
2880,59,1.486,1.442,1.500
2882,59,1.217,1.207,1.261
2883,59,1.486,1.427,1.500
2885,59,1.882,1.911,2.043
2887,59,2.414,2.361,2.356
2888,59,3.226,3.226,3.343
2890,59,3.211,3.192,3.196
2891,59,3.910,3.930,3.915
2898,61,2.615,2.674,2.698
2899,61,1.452,1.329,1.369
2901,61,1.613,1.486,1.457
2902,61,1.212,1.237,1.202
2904,61,1.652,1.652,1.579
2910,61,3.162,3.079,3.138
2912,61,3.939,3.930,3.837
2913,61,3.592,3.636,3.578
2918,59,1.764,1.662,1.657
2920,59,1.755,1.711,1.755
2922,59,1.075,1.007,0.968
2923,59,1.339,1.378,1.325
2925,59,1.618,1.672,1.608
2926,59,2.400,2.375,2.346
2928,59,2.869,2.825,2.889
2929,59,3.192,3.216,3.162
2931,59,3.876,3.871,3.969
2933,59,3.583,3.680,3.651
2934,59,3.583,3.558,3.553
2936,59,2.845,2.874,2.908
2942,57,0.934,1.017,1.036
2944,57,1.500,1.359,1.290
2945,57,1.584,1.657,1.540
2947,57,1.960,2.395,2.385
2951,57,3.749,3.788,3.817
2953,57,3.666,3.675,3.622
2954,57,3.451,3.514,3.465
2956,57,2.933,2.884,2.928
2957,57,2.722,2.659,2.595
2959,57,1.349,1.403,1.447
2964,56,1.364,1.305,1.256
2966,56,2.077,2.043,2.121
2967,56,2.556,2.595,2.458
2969,56,3.529,3.460,3.465
2971,56,3.788,3.812,3.827
2972,56,3.651,3.671,3.656
2974,56,3.363,3.436,3.524
2975,56,2.967,2.972,2.942
2977,56,2.717,2.683,2.634
2978,56,1.310,1.339,1.320
2980,56,1.369,1.417,1.383
2983,56,1.197,1.163,1.202
2988,56,2.502,2.454,2.483
2992,56,3.759,3.807,3.851
2994,56,3.387,3.402,3.402
2995,56,3.236,3.201,3.216
2997,56,2.703,2.644,2.634
2999,56,1.774,1.637,1.681
3000,56,1.769,1.784,1.701
3002,56,1.051,0.943,0.929
3003,56,1.266,1.344,1.310
3005,56,1.510,1.525,1.569
3010,59,3.133,3.182,3.231
3012,59,3.993,3.891,3.925
3023,59,1.584,1.667,1.593
3032,59,4.032,3.944,3.983
3033,59,3.705,3.617,3.734
3035,59,3.578,3.451,3.475
3037,59,2.962,2.874,2.879
3038,59,2.331,2.297,2.243
3040,59,1.711,1.686,1.735
3041,59,1.100,1.007,1.061
3046,59,1.960,1.945,2.077
3047,59,2.385,2.239,2.336
3049,59,3.573,3.631,3.622
3054,57,3.534,3.514,3.636
3056,57,2.991,2.947,3.040
3057,57,2.488,2.507,2.498
3059,57,1.500,1.525,1.500
3060,57,1.344,1.349,1.325
3062,57,1.212,1.281,1.241
3063,57,1.442,1.491,1.413
3065,57,2.053,1.999,2.077
3068,57,2.395,2.370,2.473
3069,57,3.412,3.397,3.460
3071,57,3.309,3.343,3.407
3072,57,3.793,3.705,3.763
3078,58,2.683,2.600,2.537
3079,58,1.437,1.481,1.417
3081,58,1.442,1.373,1.417
3082,58,1.261,1.212,1.232
3087,58,2.234,2.273,2.326
3088,58,2.947,2.913,2.884
3090,58,3.182,3.128,3.143
3091,58,3.939,3.930,3.886
3093,58,3.651,3.612,3.651
3095,58,3.509,3.524,3.402
3100,54,1.774,1.701,1.691
3101,54,0.968,0.958,0.997
3103,54,1.276,1.344,1.315
3104,54,1.701,1.608,1.637
3106,54,2.336,2.341,2.287
3108,54,2.737,2.889,2.859
3110,54,3.162,3.182,3.206
3112,54,3.944,3.886,3.935
3113,54,3.607,3.656,3.666
3115,54,3.431,3.534,3.514
3117,54,2.898,2.859,2.849
3118,54,2.429,2.424,2.326
3123,56,1.349,1.315,1.339
3128,56,2.600,2.517,2.527
3129,56,3.368,3.358,3.412
3131,56,3.881,3.856,3.856
3133,56,3.548,3.543,3.656
3134,56,3.456,3.509,3.514
3136,56,2.864,2.864,2.981
3137,56,2.502,2.468,2.507
3139,56,1.476,1.442,1.486
3144,60,1.354,1.466,1.432
3146,60,2.165,2.141,2.204
3147,60,2.414,2.419,2.502
3149,60,3.416,3.353,3.314
3150,60,3.763,3.768,3.871
3153,60,3.607,3.558,3.627
3155,60,3.519,3.475,3.529
3156,60,2.874,2.957,3.006
3158,60,2.561,2.605,2.546
3159,60,1.452,1.442,1.530
3161,60,1.427,1.403,1.413
3169,61,3.578,3.465,3.534
3171,61,3.397,3.490,3.436
3172,61,3.817,3.680,3.798
3174,61,3.514,3.500,3.500
3175,61,3.152,3.084,3.187
3177,61,2.615,2.600,2.615
3179,61,1.632,1.598,1.608
3180,61,1.901,1.882,1.799
3182,61,1.202,1.119,1.085
3183,61,1.403,1.398,1.393
3185,61,1.530,1.716,1.637
3190,56,3.363,3.328,3.372
3192,56,3.744,3.759,3.837
3193,56,3.358,3.382,3.446
3196,56,3.118,3.113,3.162
3197,56,2.713,2.722,2.708
3199,56,1.657,1.755,1.681
3201,56,1.794,1.750,1.848
3202,56,1.095,1.100,1.036
3206,56,2.170,2.165,2.199
3208,56,2.483,2.478,2.444
3213,57,3.583,3.597,3.612
3215,57,3.333,3.289,3.348
3216,57,2.776,2.786,2.766
3218,57,2.248,2.234,2.219
3220,57,1.774,1.896,1.882
3221,57,1.163,1.232,1.051
3223,57,1.378,1.422,1.378
3224,57,1.417,1.422,1.359
3226,57,2.146,2.116,2.180
3227,57,2.454,2.424,2.512
3229,57,3.426,3.377,3.456
3231,57,3.700,3.729,3.763
3236,55,2.791,2.825,2.830
3238,55,2.390,2.341,2.312
3248,55,2.454,2.458,2.546
3252,55,3.851,3.832,3.798
3253,55,3.543,3.548,3.514
3261,55,1.056,1.207,1.163
3263,55,1.442,1.452,1.369
3265,55,1.554,1.584,1.540
3266,55,2.170,2.248,2.224
3268,55,2.639,2.576,2.600
3269,55,3.172,3.109,3.245
3271,55,3.724,3.759,3.749
3272,55,3.578,3.539,3.563
3274,55,3.480,3.446,3.485
3276,55,2.986,2.849,2.898
3282,60,1.144,1.183,1.153
3283,60,1.471,1.496,1.432
3285,60,1.588,1.520,1.530
3287,60,2.258,2.131,2.234
3288,60,2.649,2.610,2.590
3290,60,3.211,3.192,3.177
3291,60,3.710,3.631,3.729
3293,60,3.553,3.446,3.592
3297,60,2.581,2.625,2.644
3299,60,1.681,1.662,1.584
3304,63,1.623,1.628,1.574
3306,63,2.278,2.283,2.165
3307,63,2.351,2.253,2.424
3309,63,3.397,3.387,3.431
3310,63,3.421,3.446,3.397
3312,63,3.597,3.553,3.680
3314,63,3.495,3.416,3.426
3315,63,3.123,3.055,3.133
3317,63,2.571,2.561,2.625
3318,63,1.637,1.637,1.632
3320,63,2.375,1.984,1.696
3326,59,2.063,2.121,2.190
3328,59,2.385,2.366,2.429
3329,59,3.392,3.358,3.421
3331,59,3.446,3.421,3.446
3333,59,3.656,3.592,3.631
3334,59,3.343,3.480,3.377
3338,59,1.975,1.940,1.911
3340,59,1.940,1.994,1.955
3342,59,1.364,1.329,1.212
3343,59,1.466,1.417,1.466
3348,58,3.099,3.065,3.133
3350,58,3.089,3.123,3.084
3352,58,3.827,3.734,3.788
3353,58,3.500,3.495,3.529
3355,58,3.245,3.284,3.250
3356,58,2.835,2.717,2.805
3358,58,2.082,2.072,2.004
3360,58,1.906,1.984,1.896
3361,58,1.261,1.246,1.241
3363,58,1.466,1.413,1.442
3364,58,1.564,1.574,1.642
3367,58,2.199,2.170,2.180
3372,58,3.715,3.778,3.817
3374,58,3.514,3.500,3.514
3375,58,3.226,3.245,3.299
3380,58,1.676,1.696,1.711
3381,58,1.227,1.237,1.207
3383,58,1.457,1.466,1.369
3384,58,1.579,1.613,1.593
3386,58,2.131,2.326,2.253
3387,58,2.317,2.292,2.405
3389,58,3.372,3.348,3.382
3394,57,3.509,3.480,3.480
3396,57,2.893,2.908,2.874
3397,57,2.454,2.419,2.449
3399,57,1.598,1.642,1.652
3401,57,1.378,1.373,1.354
3402,57,1.393,1.452,1.437
3404,57,1.608,1.623,1.623
3405,57,1.940,1.950,2.097
3407,57,2.380,2.278,2.346
3409,57,3.250,3.304,3.363
3411,57,3.372,3.368,3.358
3416,57,2.952,2.918,2.947
3421,57,1.852,1.828,1.799
3422,57,1.300,1.310,1.329
3424,57,1.466,1.530,1.505
3425,57,1.750,1.779,1.843
3427,57,2.307,2.283,2.268
3428,57,2.937,2.981,2.908
3430,57,3.025,2.972,3.060
3432,57,3.734,3.675,3.768
3433,57,3.490,3.490,3.514
3438,58,1.852,1.813,1.813
3440,58,1.686,1.608,1.461
3442,58,0.000,0.000,0.000
3443,58,0.000,0.000,0.000
3444,58,0.000,0.000,0.000
3446,58,0.000,0.000,0.000
3447,58,1.378,1.408,1.505
3449,58,3.353,3.133,5.000
3451,58,3.348,3.167,5.000
3453,58,3.245,3.065,5.000
3457,58,3.089,2.879,5.000
3462,55,0.000,0.000,0.000
3464,55,0.000,0.000,0.000
3473,55,3.206,2.986,5.000
3477,55,3.162,2.952,5.000
3479,55,0.000,0.000,0.000
3484,59,0.000,0.000,0.000
3485,59,0.000,0.000,0.000
3487,59,0.860,0.904,0.797
3488,59,3.382,3.192,5.000
3490,59,3.211,2.952,5.000
3491,59,3.284,3.104,5.000
3494,59,3.231,3.011,5.000
3495,59,3.133,2.986,5.000
3497,59,3.094,2.937,5.000
3499,59,2.278,2.097,2.170
3500,59,0.000,0.000,0.000
3502,59,0.000,0.000,0.000
3507,53,0.562,0.567,0.464
3511,53,3.299,3.123,5.000
3513,53,3.226,3.030,5.000
3514,53,3.177,3.011,5.000
3516,53,3.138,2.849,4.878
3517,53,3.187,2.947,4.858
3519,53,0.000,0.000,0.000
3520,53,0.000,0.000,0.000
3522,53,0.000,0.000,0.000
3523,53,0.000,0.000,0.000
3525,53,0.000,0.000,0.000
3530,53,3.255,3.050,5.000
3531,53,3.338,3.143,5.000
3533,53,3.245,3.079,5.000
3534,53,3.201,2.991,5.000
3537,53,3.157,2.962,5.000
3539,53,2.815,2.639,3.998
3540,53,0.000,0.000,0.000
3542,53,0.000,0.000,0.000
3543,53,0.000,0.000,0.000
3609,59,3.343,3.099,5.000
3611,59,3.348,3.152,5.000
3612,59,3.240,3.050,5.000
3614,59,3.240,3.016,5.000
3619,57,0.000,0.000,0.000
3622,57,0.000,0.000,0.000
3623,57,0.000,0.000,0.000
3624,57,0.000,0.000,0.000
3626,57,0.054,0.000,0.000
3627,57,0.787,0.748,0.753
3629,57,3.402,3.221,5.000
3631,57,3.255,3.109,5.000
3632,57,3.319,3.143,5.000
3634,57,3.284,2.996,5.000
3635,57,3.152,2.981,5.000
3637,57,3.089,2.923,5.000
3642,52,0.000,0.000,0.000
3644,52,0.000,0.000,0.000
3645,52,0.000,0.000,0.000
3651,52,3.343,3.172,5.000
3652,52,3.245,3.016,5.000
3654,52,3.270,3.016,5.000
3656,52,3.226,2.928,4.751
3657,52,3.123,2.913,5.000
3659,52,0.000,0.000,0.000
3665,53,0.000,0.000,0.000
3666,53,0.611,0.704,0.601
3668,53,1.486,1.540,1.461
3669,53,3.328,3.167,5.000
3671,53,3.319,3.104,5.000
3673,53,3.265,3.060,5.000
3674,53,3.206,3.006,5.000
3676,53,3.138,2.952,5.000
3677,53,3.113,2.889,4.848
3679,53,0.978,0.846,0.630
3680,53,0.347,0.381,0.254
3682,53,0.000,0.000,0.000
3687,59,1.828,1.818,1.784
3691,59,3.265,3.079,5.000
3693,59,3.216,3.006,5.000
3695,59,3.201,3.006,5.000
3696,59,3.143,2.913,5.000
3698,59,3.050,2.820,4.487
3699,59,0.670,0.635,0.577
3701,59,0.000,0.000,0.000
3702,59,0.000,0.000,0.000
3704,59,0.000,0.000,0.000
3705,59,0.450,0.386,0.264
3711,63,3.250,3.069,5.000
3713,63,3.206,3.030,5.000
3714,63,3.177,2.962,5.000
3716,63,3.143,2.913,5.000
3718,63,3.113,2.913,4.756
3719,63,1.070,1.046,0.904
3721,63,0.699,0.645,0.587
3722,63,0.000,0.000,0.000
3724,63,0.000,0.000,0.000
3728,63,2.199,2.263,2.234
3733,56,3.206,3.006,5.000
3735,56,3.172,2.952,5.000
3736,56,3.152,2.952,4.892
3738,56,2.986,2.747,4.150
3739,56,1.129,1.183,1.041
3741,56,0.147,0.117,0.064
3742,56,0.093,0.010,0.010
3759,54,2.576,2.488,3.021
3763,54,0.762,0.738,0.674
3764,54,0.948,0.953,0.909
3766,54,1.437,1.422,1.466
3767,54,2.151,2.229,2.199
3769,54,3.304,3.162,4.790
3770,54,3.250,3.065,4.941
3772,54,3.206,3.025,5.000
3777,52,3.099,2.874,4.692
3779,52,1.183,1.129,1.109
3780,52,0.440,0.371,0.327
3785,52,0.000,0.000,0.000
3786,52,1.222,1.246,1.212
3788,52,2.287,2.302,2.361
3789,52,3.201,3.030,5.000
3791,52,3.231,3.055,5.000
3793,52,3.177,2.996,5.000
3795,52,3.177,2.986,5.000
3797,52,3.123,2.937,5.000
3802,53,0.000,0.000,0.000
3803,53,0.000,0.000,0.000
3805,53,0.000,0.000,0.000
3806,53,0.469,0.538,0.567
3808,53,1.716,1.735,1.676
3809,53,3.309,3.123,5.000
3811,53,3.231,3.065,5.000
3812,53,3.231,3.006,5.000
3814,53,3.162,2.991,5.000
3815,53,3.162,2.942,5.000
3817,53,3.079,2.913,5.000
3859,61,0.557,0.547,0.469
3861,61,0.000,0.000,0.000
3862,61,0.000,0.000,0.000
3864,61,0.000,0.000,0.000
3869,61,3.250,3.109,5.000
3870,61,3.196,3.035,5.000
3872,61,3.192,3.011,5.000
3873,61,3.157,2.981,5.000
3875,61,3.128,2.928,5.000
3878,61,3.113,2.879,4.985
3879,61,1.535,1.364,1.207
3881,61,0.430,0.455,0.225
3882,61,0.000,0.000,0.000
3884,61,0.000,0.000,0.000
3885,61,0.000,0.000,0.000
3887,61,0.753,0.748,0.714
3892,56,3.206,3.065,5.000
3893,56,3.162,2.996,5.000
3895,56,3.162,2.947,5.000
3899,56,0.166,0.049,0.137
3901,56,0.000,0.000,0.000
3902,56,0.000,0.000,0.000
3904,56,0.000,0.000,0.000
3905,56,0.000,0.000,0.000
3906,56,0.997,1.080,1.075
3908,56,2.366,2.439,2.561
3913,55,3.196,2.972,5.000
3915,55,3.143,2.962,5.000
3916,55,3.123,2.913,4.956
3918,55,2.253,2.160,1.975
3921,55,0.220,0.230,0.235
3922,55,0.000,0.000,0.000
3923,55,0.000,0.000,0.000
3925,55,0.000,0.000,0.000
3926,55,0.308,0.469,0.362
3928,55,1.466,1.544,1.491
3929,55,3.289,3.109,5.000
3931,55,3.226,3.045,5.000
3939,51,0.112,0.039,0.000
3940,51,1.388,0.049,0.000
3942,51,0.000,0.000,0.000
3943,51,0.000,0.000,0.000
3945,51,0.000,0.000,0.000
3946,51,0.357,0.484,0.391
3948,51,1.857,1.818,1.848
3949,51,3.089,2.849,5.000
3951,51,3.138,2.903,5.000
3952,51,3.045,2.820,5.000
3954,51,3.143,2.913,5.000
3959,53,0.000,0.000,0.000
3961,53,0.000,0.000,0.000
3963,53,0.000,0.000,0.000
3964,53,0.000,0.000,0.000
3966,53,0.000,0.000,0.000
3967,53,1.290,1.080,1.168
3969,53,3.177,2.996,4.506
3970,53,3.187,2.957,5.000
3975,53,3.113,2.918,5.000
3976,53,3.089,2.845,5.000
3982,55,0.000,0.000,0.000
3983,55,0.000,0.000,0.000
3984,55,0.000,0.000,0.000
3986,55,0.396,0.425,0.572
3987,55,1.975,1.891,1.843
3989,55,3.231,3.045,4.961
3991,55,3.128,2.952,4.990
3992,55,3.065,2.893,5.000
3994,55,3.050,2.854,5.000
3995,55,3.016,2.805,4.897
3997,55,2.893,2.776,4.717
4011,57,3.231,3.084,4.990
4015,57,3.157,2.977,4.961
4017,57,3.089,2.879,4.814
4018,57,2.874,2.708,4.110
4020,57,1.628,1.701,1.579
4021,57,0.836,0.890,0.821
4029,54,3.143,2.996,4.932
4031,54,3.275,3.060,5.000
4033,54,3.157,2.972,5.000
4034,54,3.104,2.928,5.000
4036,54,3.109,2.937,4.902
4037,54,2.977,2.761,4.580
4039,54,1.652,1.642,1.593
4040,54,1.437,1.369,1.334
4042,54,1.002,1.031,0.968
4044,54,1.168,1.173,1.100
4050,53,3.118,2.933,4.902
4051,53,3.143,2.957,4.961
4053,53,3.016,2.874,4.971
4055,53,3.045,2.845,4.946
4056,53,2.952,2.786,4.844
4058,53,2.937,2.732,4.770
4059,53,1.584,1.598,1.608
4061,53,1.266,1.246,1.178
4062,53,0.684,0.684,0.577
4067,53,1.823,1.818,1.852
4072,51,3.050,2.791,5.000
4074,51,2.986,2.791,5.000
4075,51,2.986,2.781,5.000
4077,51,2.986,2.732,4.907
4078,51,2.346,2.248,2.414
4080,51,0.968,0.963,0.890
4081,51,0.000,0.000,0.000
4083,51,0.000,0.000,0.000
4084,51,0.000,0.000,0.000
4086,51,1.026,0.968,0.997
4087,51,1.911,1.911,1.979
4089,51,3.089,2.918,5.000
4095,50,3.045,2.854,5.000
4097,50,2.996,2.781,5.000
4098,50,2.869,2.742,4.585
4100,50,0.587,0.577,0.552
4101,50,0.000,0.000,0.000
4103,50,0.000,0.000,0.000
4107,50,1.544,1.525,1.457
4109,50,2.810,2.835,3.456
4110,50,3.099,2.923,5.000
4112,50,3.201,3.030,5.000
4117,53,3.089,2.835,4.971
4119,53,1.618,1.452,1.383
4120,53,0.523,0.552,0.518
4122,53,0.000,0.000,0.000
4123,53,0.000,0.000,0.000
4124,53,0.000,0.000,0.000
4126,53,1.090,1.070,0.929
4127,53,2.043,2.028,2.038
4129,53,3.192,3.025,5.000
4131,53,3.250,3.050,5.000
4132,53,3.113,2.957,5.000
4135,53,3.143,2.967,5.000
4140,53,0.880,0.894,0.850
4142,53,0.000,0.000,0.000
4143,53,0.000,0.000,0.000
4147,53,1.676,1.760,1.735
4149,53,2.859,2.805,3.543
4150,53,3.187,2.981,5.000
4152,53,3.177,2.986,5.000
4153,53,3.162,2.967,5.000
4155,53,3.104,2.893,5.000
4157,53,3.079,2.928,5.000
4162,51,0.000,0.000,0.000
4163,51,0.117,0.117,0.083
4165,51,0.528,0.533,0.469
4166,51,1.794,1.843,1.828
4168,51,2.688,2.669,2.889
4170,51,3.089,2.942,5.000
4171,51,3.172,3.001,5.000
4173,51,3.133,2.952,5.000
4174,51,3.182,2.962,5.000
4177,51,3.138,2.937,5.000
4178,51,2.801,2.664,4.096
4180,51,1.183,1.095,1.046
4188,54,2.219,2.234,2.336
4190,54,3.245,3.006,5.000
4191,54,3.211,3.001,5.000
4193,54,3.128,2.918,5.000
4194,54,3.104,2.942,5.000
4196,54,3.094,2.898,5.000
4197,54,3.006,2.810,4.550
4199,54,0.992,0.948,0.914
4201,54,0.670,0.655,0.523
4202,54,0.000,0.000,0.000
4207,47,2.116,2.155,2.170
4209,47,3.275,3.035,5.000
4210,47,3.236,3.021,5.000
4212,47,3.148,2.991,5.000
4214,47,3.172,2.962,5.000
4215,47,3.152,2.952,5.000
4217,47,3.011,2.805,4.673
4219,47,1.466,1.315,1.232
4232,51,3.206,3.006,5.000
4239,51,0.313,0.357,0.225
4241,51,0.137,0.083,0.024
4242,51,0.000,0.000,0.000
4244,51,0.000,0.064,0.049
4245,51,0.093,0.122,0.039
4247,51,1.779,1.784,1.764
4252,56,3.206,3.016,5.000
4253,56,3.196,2.972,5.000
4255,56,3.187,2.962,5.000
4257,56,3.084,2.947,4.995
4258,56,0.674,0.582,0.430
4260,56,0.083,0.122,0.108
4262,56,0.000,0.000,0.000
4264,56,0.000,0.000,0.000
4265,56,0.000,0.000,0.000
4267,56,0.670,0.699,0.645
4268,56,2.209,2.038,2.229
4270,56,3.221,2.996,5.000
4275,52,3.201,2.981,5.000
4279,52,0.000,0.000,0.000
4281,52,0.000,0.000,0.000
4282,52,0.000,0.000,0.000
4283,52,0.000,0.000,0.000
4285,52,0.000,0.000,0.000
4286,52,0.743,0.802,0.953
4288,52,2.366,2.419,2.639
4289,52,3.260,3.021,5.000
4291,52,3.206,3.065,5.000
4293,52,3.162,2.986,5.000
4298,53,2.283,2.033,1.711
4299,53,0.000,0.000,0.000
4301,53,0.000,0.000,0.000
4302,53,0.000,0.000,0.000
4305,53,0.000,0.000,0.000
4306,53,0.000,0.029,0.274
4308,53,1.676,1.764,1.691
4309,53,3.304,3.084,5.000
4311,53,3.196,2.981,5.000
4327,54,1.403,1.349,1.520
4328,54,3.407,3.201,5.000
4330,54,3.221,3.001,4.990
4332,54,3.250,3.025,5.000
4333,54,3.192,2.972,5.000
4335,54,3.148,2.942,5.000
4336,54,3.143,2.962,5.000
4338,54,1.642,1.310,1.163
4343,51,0.000,0.000,0.000
4345,51,0.000,0.000,0.000
4347,51,0.924,0.806,0.870
4349,51,2.444,2.414,2.595
4350,51,3.245,3.006,5.000
4352,51,3.265,3.118,5.000
4353,51,3.255,3.035,5.000
4355,51,3.221,3.040,5.000
4356,51,3.118,2.937,4.863
4358,51,2.874,2.752,4.247
4360,51,0.000,0.000,0.000
4368,52,1.760,1.935,2.009
4369,52,3.299,3.099,5.000
4371,52,3.319,3.089,5.000
4372,52,3.250,3.016,5.000
4374,52,3.196,2.962,5.000
4375,52,3.157,2.918,5.000
4377,52,3.094,2.845,4.721
4379,52,0.000,0.000,0.000
4380,52,0.000,0.000,0.000
4381,52,0.000,0.000,0.000
4383,52,0.000,0.000,0.000
4388,51,3.500,3.280,5.000
4390,51,3.187,2.986,5.000
4392,51,3.231,3.006,5.000
4394,51,3.152,2.977,5.000
4395,51,3.177,2.991,5.000
4397,51,3.167,2.972,4.912
4398,51,2.610,2.444,3.006
4400,51,0.000,0.000,0.000
4404,51,0.000,0.000,0.000
4406,51,0.166,0.156,0.000
4411,52,3.206,3.021,5.000
4412,52,3.162,2.977,5.000
4414,52,3.187,2.972,5.000
4415,52,3.167,2.879,5.000
4417,52,3.128,2.977,5.000
4419,52,0.000,0.000,0.000
4420,52,0.000,0.000,0.000
4421,52,0.000,0.000,0.000
4423,52,0.000,0.000,0.000
4424,52,0.000,0.000,0.000
4426,52,1.109,1.256,1.339
4427,52,2.131,2.297,2.410
4434,52,3.182,2.977,5.000
4435,52,3.172,2.962,4.966
4437,52,3.162,2.962,4.995
4438,52,2.972,2.727,4.052
4440,52,0.000,0.000,0.000
4444,52,0.000,0.000,0.000
4445,52,0.000,0.000,0.000
4447,52,1.725,1.857,1.882
4448,52,3.338,3.270,4.917
4462,53,0.000,0.000,0.000
4465,53,0.503,0.357,0.288
4467,53,2.141,2.165,2.141
4468,53,3.245,3.025,5.000
4470,53,3.216,3.045,5.000
4472,53,3.211,2.972,5.000
4473,53,3.148,2.933,5.000
4479,54,0.000,0.000,0.000
4481,54,0.000,0.000,0.000
4482,54,0.000,0.000,0.000
4484,54,0.000,0.000,0.000
4485,54,0.000,0.000,0.000
4487,54,1.158,1.354,1.212
4488,54,2.493,2.444,2.664
4490,54,3.216,3.011,5.000
4494,54,3.148,3.001,5.000
4496,54,3.162,2.933,5.000
4501,50,0.000,0.000,0.000
4502,50,0.000,0.000,0.000
4504,50,0.000,0.000,0.000
4505,50,0.000,0.000,0.000
4506,50,1.769,1.911,1.935
4508,50,3.265,3.265,4.946
4510,50,3.216,3.006,5.000
4511,50,3.260,3.045,5.000
4513,50,3.128,2.957,5.000
4514,50,3.182,3.011,5.000
4516,50,3.148,2.908,5.000
4518,50,2.942,2.683,4.081
4520,50,0.000,0.000,0.000
4525,52,0.000,0.000,0.000
4527,52,1.095,1.158,1.124
4528,52,2.688,2.683,2.791
4532,52,3.211,2.991,5.000
4534,52,3.289,3.040,5.000
4536,52,3.167,2.952,5.000
4537,52,3.030,2.981,4.721
4539,52,0.000,0.000,0.000
4540,52,0.000,0.000,0.000
4541,52,0.000,0.000,0.000
4547,54,1.916,1.906,1.960
4548,54,3.275,3.084,5.000
4550,54,3.182,2.972,5.000
4551,54,3.177,3.035,5.000
4553,54,3.162,2.986,5.000
4555,54,3.143,2.889,5.000
4556,54,3.162,2.933,5.000
4558,54,2.419,2.341,2.253
4559,54,0.078,0.000,0.000
4562,54,0.000,0.000,0.000
4563,54,0.000,0.000,0.000
4564,54,0.000,0.000,0.000
4572,52,3.177,3.021,5.000
4574,52,3.138,2.849,5.000
4576,52,3.109,2.928,5.000
4577,52,3.133,2.761,5.000
4579,52,0.000,0.000,0.000
4580,52,0.000,0.000,0.000
4581,52,0.000,0.000,0.000
4583,52,0.000,0.000,0.000
4584,52,0.000,0.000,0.000
4586,52,0.557,0.660,0.733
4587,52,2.229,2.131,2.195
4593,52,3.172,3.001,5.000
4594,52,3.196,3.016,5.000
4596,52,3.123,2.903,5.000
4597,52,3.079,2.766,4.550
4599,52,0.000,0.000,0.000
4600,52,0.000,0.000,0.000
4603,52,0.000,0.000,0.000
4604,52,0.000,0.000,0.000
4608,52,2.717,2.737,2.713
4610,52,3.133,2.952,5.000
4615,52,3.021,2.732,5.000
4617,52,3.123,2.913,5.000
4618,52,2.610,2.410,3.250
4620,52,0.000,0.000,0.000
4621,52,0.000,0.000,0.000
4623,52,0.000,0.000,0.000
4624,52,0.000,0.000,0.000
4625,52,0.000,0.332,0.264
4627,52,1.779,1.808,1.911
4628,52,3.294,3.099,5.000
4630,52,3.187,2.991,5.000
4632,52,3.216,3.025,5.000
4637,50,3.016,2.791,4.800
4639,50,0.000,0.000,0.000
4640,50,0.000,0.000,0.000
4641,50,0.000,0.000,0.000
4643,50,0.000,0.000,0.000
4648,50,2.214,2.102,2.126
4649,50,3.231,3.055,5.000
4651,50,3.211,2.991,5.000
4653,50,3.206,3.011,5.000
4654,50,3.226,3.040,5.000
4659,54,0.000,0.000,0.000
4661,54,0.000,0.000,0.000
4662,54,0.000,0.000,0.000
4664,54,0.000,0.000,0.000
4665,54,0.000,0.000,0.000
4674,54,3.196,2.972,5.000
4682,54,0.000,0.000,0.000
4683,54,0.000,0.000,0.000
4685,54,0.000,0.000,0.000
4686,54,1.637,1.716,1.691
4689,54,3.500,3.250,5.000
4690,54,3.211,3.011,5.000
4692,54,3.260,3.025,5.000
4694,54,3.152,2.986,5.000
4698,54,3.133,2.937,4.839
4699,54,0.000,0.000,0.000
4705,50,0.000,0.000,0.000
4706,50,0.733,0.718,0.650
4708,50,2.107,2.043,2.160
4709,50,3.280,3.089,5.000
4711,50,3.250,3.060,5.000
4712,50,3.201,2.996,5.000
4714,50,3.211,2.991,5.000
4715,50,3.187,2.986,5.000
4717,50,3.089,2.962,5.000
4719,50,0.000,0.000,0.000
4720,50,0.000,0.000,0.000
4721,50,0.000,0.000,0.000
4727,53,1.652,1.623,1.823
4728,53,3.245,3.074,5.000
4731,53,3.196,2.996,5.000
4732,53,3.250,3.040,5.000
4734,53,3.236,3.001,5.000
4738,53,3.157,2.962,4.868
4740,53,0.000,0.000,0.000
4741,53,0.000,0.000,0.000
4742,53,0.000,0.000,0.000
4744,53,0.000,0.000,0.000
4745,53,0.000,0.000,0.000
4750,53,3.187,2.977,5.000
4752,53,3.192,3.025,5.000
4754,53,3.240,2.972,5.000
4755,53,3.182,2.962,5.000
4757,53,3.152,2.967,5.000
4758,53,0.616,0.528,0.269
4760,53,0.000,0.000,0.000
4761,53,0.000,0.000,0.000
4763,53,0.000,0.000,0.000
4764,53,0.000,0.000,0.000
4765,53,0.489,0.821,0.806
4767,53,1.877,1.735,1.720
4772,48,3.192,2.972,5.000
4778,48,3.157,2.928,4.912
4779,48,0.000,0.000,0.000
4781,48,0.000,0.000,0.000
4782,48,0.000,0.000,0.000
4783,48,0.000,0.000,0.000
4785,48,0.000,0.000,0.000
4786,48,1.070,0.929,0.855
4788,48,1.843,2.072,2.424
4789,48,3.309,3.079,5.000
4791,48,3.231,3.021,5.000
4796,50,3.177,2.967,5.000
4798,50,3.182,2.820,4.756
4799,50,0.000,0.000,0.000
4801,50,0.000,0.000,0.000
4802,50,0.000,0.000,0.000
4804,50,0.000,0.000,0.000
4805,50,0.000,0.000,0.000
4806,50,1.608,1.471,1.593
4808,50,3.011,2.918,4.379
4812,50,3.260,3.016,5.000
4819,54,3.089,2.708,4.208
4820,54,0.000,0.000,0.000
4821,54,0.000,0.000,0.000
4823,54,0.000,0.000,0.000
4824,54,0.000,0.000,0.000
4826,54,0.000,0.000,0.088
4827,54,1.544,1.628,1.603
4829,54,3.328,3.138,5.000
4830,54,3.236,3.040,5.000
4832,54,3.280,3.045,5.000
4833,54,3.221,3.006,5.000
4835,54,3.265,3.025,5.000
4840,50,0.000,0.000,0.000
4842,50,0.000,0.000,0.000
4843,50,0.000,0.000,0.000
4844,50,0.000,0.000,0.000
4846,50,0.503,0.469,0.406
4847,50,1.891,1.994,2.028
4852,50,3.226,3.030,5.000
4853,50,3.231,3.016,5.000
4855,50,3.192,2.972,5.000
4856,50,3.196,2.991,5.000
4859,50,0.528,0.528,0.313
4864,52,0.000,0.000,0.000
4866,52,0.000,0.000,0.000
4867,52,1.119,1.168,1.139
4869,52,3.231,3.109,5.000
4870,52,3.245,3.021,5.000
4872,52,3.265,3.035,5.000
4873,52,3.250,3.016,5.000
4875,52,3.250,3.011,5.000
4877,52,3.236,2.991,5.000
4878,52,3.045,2.781,4.164
4891,51,3.270,3.074,5.000
4895,51,3.211,2.991,5.000
4897,51,3.226,2.962,4.677
4898,51,0.000,0.000,0.000
4904,51,0.000,0.000,0.000
4909,51,3.094,3.094,4.687
4910,51,3.221,2.996,5.000
4912,51,3.280,3.099,5.000
4913,51,3.250,3.030,5.000
4915,51,3.216,3.016,5.000
4917,51,3.162,2.957,4.995
4918,51,3.006,2.791,4.135
4920,51,0.000,0.000,0.000
4921,51,0.000,0.000,0.000
4923,51,0.000,0.000,0.000
4924,51,0.000,0.000,0.000
4925,51,0.127,0.068,0.000
4931,53,3.299,3.060,5.000
4932,53,3.245,3.021,5.000
4934,53,3.221,3.011,5.000
4935,53,3.196,2.996,5.000
4937,53,3.201,3.006,5.000
4938,53,0.000,0.000,0.000
4943,53,0.000,0.000,0.000
4945,53,0.000,0.000,0.000
4946,53,0.283,0.161,0.205
4948,53,1.681,1.740,1.642
4950,53,3.304,3.060,5.000
4955,52,3.236,3.006,5.000
4956,52,3.143,2.947,4.985
4958,52,3.201,2.947,4.668
4960,52,0.000,0.000,0.000
4961,52,0.000,0.000,0.000
4962,52,0.000,0.000,0.000
4964,52,0.000,0.000,0.000
4965,52,0.000,0.000,0.000
4967,52,0.640,0.963,0.870
4968,52,2.527,2.634,2.869
4970,52,3.250,2.991,5.000
4971,52,3.314,3.089,5.000
4977,51,3.201,2.957,4.658
4978,51,2.493,2.312,2.493
5006,51,2.385,2.400,2.346
5008,51,2.556,2.507,2.502
5009,51,3.021,3.016,3.011
5011,51,3.128,3.123,3.201
5013,51,3.035,2.996,2.996
5014,51,2.898,2.893,2.937
5016,51,2.600,2.639,2.639
5021,47,1.808,1.774,1.828
5023,47,2.009,1.911,1.950
5024,47,1.979,1.955,1.960
5026,47,2.414,2.400,2.419
5027,47,2.571,2.566,2.595
5030,47,3.065,2.962,3.006
5032,47,3.182,3.157,3.240
5033,47,3.060,3.099,3.060
5035,47,2.962,2.933,2.962
5036,47,2.737,2.620,2.630
5038,47,2.537,2.444,2.483
5040,47,1.970,1.950,1.960
5048,50,2.522,2.429,2.483
5049,50,3.104,3.089,3.157
5051,50,3.030,2.952,3.040
5052,50,3.187,3.182,3.138
5054,50,2.986,2.942,2.977
5055,50,2.830,2.757,2.703
5057,50,2.610,2.546,2.532
5059,50,2.102,2.043,2.033
5060,50,2.263,2.151,2.170
5062,50,1.872,1.862,1.818
5067,50,2.488,2.463,2.507
5069,50,3.094,3.016,3.172
5070,50,3.016,2.972,3.016
5073,50,3.172,3.094,3.109
5074,50,2.962,2.952,2.967
5076,50,2.737,2.747,2.752
5078,50,2.517,2.502,2.502
5079,50,2.077,1.984,2.009
5081,50,2.219,2.185,2.170
5085,50,2.067,2.087,2.048
5090,51,2.830,2.874,2.854
5092,51,3.201,3.201,3.196
5094,51,2.996,2.996,2.981
5095,51,2.781,2.810,2.805
5097,51,2.586,2.537,2.571
5098,51,2.224,2.146,2.146
5100,51,2.219,2.185,2.170
5101,51,1.833,1.720,1.823
5103,51,1.999,1.999,1.960
5105,51,2.048,2.077,2.038
5106,51,2.458,2.478,2.434
5112,50,3.196,3.167,3.192
5113,50,2.986,2.981,3.011
5116,50,2.810,2.840,2.854
5117,50,2.522,2.517,2.566
5119,50,2.141,2.155,2.146
5120,50,2.160,2.170,2.151
5122,50,1.823,1.784,1.760
5126,50,2.375,2.454,2.414
5139,48,2.038,2.028,2.082
5143,48,1.945,1.975,1.960
5145,48,2.111,2.131,2.097
5147,48,2.439,2.439,2.419
5148,48,2.801,2.796,2.801
5150,48,2.801,2.761,2.815
5151,48,3.182,3.167,3.216
5158,46,2.590,2.595,2.595
5159,46,2.053,1.975,2.028
5161,46,2.077,2.155,2.170
5162,46,1.784,1.799,1.745
5164,46,1.975,1.960,1.916
5165,46,2.141,2.131,2.111
5167,46,2.478,2.502,2.454
5169,46,2.737,2.737,2.840
5170,46,2.796,2.766,2.776
5172,46,3.231,3.104,3.265
5173,46,3.060,3.025,3.030
5181,51,1.750,1.755,1.730
5183,51,1.965,1.970,1.911
5184,51,1.970,1.945,1.945
5186,51,2.390,2.287,2.307
5188,51,2.483,2.498,2.542
5189,51,3.016,2.947,2.947
5191,51,3.328,3.314,3.309
5192,51,3.060,3.045,3.040
5194,51,2.942,2.928,2.986
5196,51,2.678,2.664,2.625
5197,51,2.512,2.468,2.429
5203,50,1.950,1.945,1.911
5205,50,2.004,1.965,1.970
5207,50,2.395,2.434,2.322
5208,50,2.586,2.639,2.561
5210,50,3.001,2.893,2.928
5211,50,3.240,3.240,3.260
5213,50,3.025,3.016,3.035
5215,50,2.952,2.977,2.967
5219,50,1.999,1.979,1.931
5220,50,2.190,2.605,2.116
5226,50,2.341,2.263,2.351
5227,50,2.493,2.478,2.395
5229,50,3.079,3.094,3.109
5231,50,3.055,3.011,3.011
5232,50,3.138,3.094,3.094
5234,50,3.065,3.016,3.069
5235,50,2.786,2.757,2.781
5237,50,2.502,2.463,2.458
5238,50,2.004,2.014,1.989
5240,50,1.970,2.126,1.999
5243,50,4.731,5.000,5.000
5248,50,2.527,2.522,2.507
5249,50,2.649,2.634,2.615
5251,50,2.566,2.595,2.581
5253,50,2.537,2.517,2.542
5254,50,2.546,2.537,2.507
5256,50,2.458,2.488,2.468
5260,50,2.483,2.488,2.478
5262,50,2.419,2.429,2.419
5263,50,2.483,2.439,2.449
5265,50,2.488,2.493,2.463
5270,49,2.551,2.542,2.507
5272,49,2.556,2.556,2.576
5273,49,2.522,2.502,2.507
5275,49,2.488,2.488,2.483
5277,49,2.488,2.463,2.444
5278,49,2.419,2.405,2.385
5280,49,2.478,2.473,2.454
5281,49,2.414,2.414,2.385
5283,49,2.454,2.478,2.463
5284,49,2.483,2.473,2.468
5287,49,2.517,2.493,2.502
5289,49,2.546,2.542,2.546
5294,50,2.527,2.517,2.502
5296,50,2.502,2.478,2.493
5297,50,2.454,2.463,2.463
5301,50,2.390,2.400,2.385
5303,50,2.463,2.449,2.449
5305,50,2.463,2.434,2.444
5306,50,2.527,2.502,2.493
5308,50,2.532,2.512,2.507
5309,50,2.556,2.576,2.546
5315,50,2.517,2.507,2.502
5316,50,2.468,2.483,2.449
5318,50,2.468,2.444,2.444
5319,50,2.444,2.429,2.444
5321,50,2.400,2.400,2.385
5323,50,2.439,2.449,2.454
5324,50,2.463,2.444,2.434
5326,50,2.517,2.502,2.498
5327,50,2.488,2.507,2.512
5330,50,2.537,2.542,2.522
5332,50,2.556,2.551,2.566
5333,50,2.498,2.517,2.502
5338,47,2.419,2.439,2.429
5343,47,2.414,2.454,2.424
5344,47,2.419,2.463,2.454
5346,47,2.488,2.542,2.493
5347,47,2.439,2.493,2.468
5349,47,2.537,2.576,2.571
5351,47,2.483,2.556,2.532
5364,50,2.390,2.468,2.449
5368,50,2.454,2.522,2.527
5369,50,2.419,2.498,2.493
5372,50,2.473,2.542,2.532
5374,50,2.429,2.522,2.498
5375,50,2.419,2.493,2.502
5377,50,2.400,2.463,2.454
5378,50,2.380,2.424,2.410
5384,52,2.380,2.439,2.434
5385,52,2.424,2.488,2.454
5387,52,2.478,2.507,2.488
5388,52,2.488,2.551,2.551
5390,52,2.478,2.527,2.498
5394,52,2.493,2.507,2.493
5396,52,2.463,2.473,2.439
5398,52,2.454,2.454,2.429
5399,52,2.395,2.400,2.390
5401,52,2.395,2.405,2.395
5406,56,2.512,2.498,2.493
5408,56,2.512,2.488,2.483
5409,56,2.517,2.502,2.483
5411,56,2.600,2.561,2.561
5412,56,2.527,2.522,2.532
5415,56,2.532,2.517,2.532
5416,56,2.522,2.493,2.468
5418,56,2.488,2.463,2.454
5420,56,2.414,2.410,2.414
5421,56,2.419,2.385,2.385
5423,56,2.483,2.444,2.449
5428,53,2.566,2.522,2.546
5430,53,2.595,2.517,2.546
5431,53,2.639,2.561,2.576
5436,53,2.571,2.498,2.537
5437,53,2.556,2.468,2.502
5439,53,2.502,2.405,2.473
5440,53,2.576,2.449,2.517
5442,53,2.566,2.463,2.537
5444,53,2.620,2.493,2.571
5445,53,2.639,2.498,2.605
5450,50,2.810,2.620,2.747
5452,50,2.820,2.600,2.752
5454,50,2.820,2.586,2.766
5455,50,2.820,2.566,2.761
5458,50,2.801,2.546,2.766
5459,50,2.771,2.463,2.698
5461,50,2.840,2.522,2.766
5463,50,2.869,2.522,2.791
5464,50,2.928,2.581,2.854
5466,50,2.962,2.605,2.942
5467,50,3.025,2.625,2.937
5469,50,3.109,2.693,3.021
5477,50,3.196,2.625,3.079
5478,50,3.172,2.566,3.045
5480,50,3.265,2.649,3.148
5482,50,3.221,2.576,3.118
5483,50,3.299,2.620,3.187
5485,50,3.348,2.654,3.236
5486,50,3.421,2.693,3.294
5488,50,3.475,2.722,3.358
5490,50,3.456,2.703,3.338
5491,50,3.534,2.776,3.416
5496,44,3.495,2.669,3.358
5499,44,3.421,2.615,3.280
5501,44,3.456,2.659,3.309
5502,44,3.397,2.600,3.260
5504,44,3.407,2.649,3.280
5505,44,3.407,2.664,3.284
5507,44,3.441,2.717,3.343
5509,44,3.431,2.752,3.324
5510,44,3.372,2.713,3.250
5518,41,3.040,2.556,2.937
5520,41,2.933,2.551,2.869
5521,41,2.840,2.483,2.752
5523,41,2.761,2.478,2.703
5525,41,2.674,2.483,2.615
5526,41,2.683,2.537,2.615
5528,41,2.581,2.512,2.566
5529,41,2.483,2.434,2.439
5531,41,2.566,2.576,2.556
5533,41,2.483,2.527,2.512
5534,41,2.468,2.537,2.498
5536,41,2.307,2.405,2.395
5542,37,2.243,2.390,2.370
5544,37,2.273,2.429,2.414
5545,37,2.234,2.424,2.414
5547,37,2.219,2.473,2.458
5548,37,2.190,2.493,2.493
5550,37,2.180,2.493,2.498
5551,37,2.209,2.561,2.546
5556,37,2.048,2.473,2.483
5557,37,1.891,2.380,2.400
5559,37,1.691,2.199,2.209
5564,33,1.745,2.326,2.346
5566,33,1.764,2.390,2.405
5567,33,1.730,2.400,2.410
5569,33,1.818,2.502,2.502
5571,33,1.784,2.478,2.507
5572,33,1.686,2.380,2.414
5574,33,1.696,2.429,2.458
5575,33,1.681,2.439,2.468
5589,42,1.789,2.502,2.542
5593,42,1.818,2.502,2.522
5595,42,1.896,2.498,2.517
5597,42,1.843,2.424,2.458
5598,42,1.867,2.429,2.410
5600,42,1.867,2.375,2.366
5601,42,1.838,2.287,2.312
5603,42,1.891,2.336,2.341
5611,48,2.375,2.610,2.581
5613,48,2.390,2.571,2.551
5614,48,2.405,2.556,2.537
5616,48,2.385,2.488,2.493
5617,48,2.419,2.478,2.458
5619,48,2.346,2.390,2.385
5620,48,2.390,2.380,2.375
5622,48,2.405,2.390,2.385
5624,48,2.444,2.414,2.419
5625,48,2.537,2.512,2.507
5628,48,2.551,2.498,2.502
5633,52,2.639,2.590,2.605
5635,52,2.620,2.576,2.595
5636,52,2.517,2.488,2.498
5638,52,2.493,2.458,2.468
5639,52,2.322,2.346,2.370
5641,52,2.366,2.346,2.341
5643,52,2.380,2.351,2.346
5644,52,2.366,2.370,2.366
5649,52,2.532,2.556,2.556
5654,54,2.537,2.566,2.551
5655,54,2.507,2.532,2.517
5657,54,2.463,2.493,2.468
5659,54,2.361,2.390,2.380
5660,54,2.419,2.429,2.405
5662,54,2.370,2.375,2.370
5663,54,2.405,2.419,2.410
5665,54,2.405,2.414,2.454
5666,54,2.483,2.483,2.463
5668,54,2.571,2.561,2.556
5671,54,2.551,2.532,2.542
5672,54,2.644,2.590,2.600
5678,59,2.561,2.498,2.532
5679,59,2.478,2.419,2.458
5681,59,2.566,2.458,2.507
5682,59,2.532,2.429,2.527
5684,59,2.590,2.468,2.561
5700,56,2.859,2.458,2.776
5702,56,2.810,2.400,2.742
5703,56,2.845,2.414,2.786
5705,56,2.918,2.454,2.889
5707,56,3.060,2.571,2.986
5708,56,3.270,2.713,3.196
5710,56,3.319,2.810,3.260
5711,56,3.519,2.962,3.446
5714,56,3.563,2.962,3.460
5716,56,3.519,2.898,3.397
5717,56,3.465,2.810,3.338
5722,47,3.006,2.297,2.908
5724,47,3.109,2.410,2.981
5726,47,3.206,2.468,2.991
5727,47,3.280,2.586,3.187
5729,47,3.504,2.801,3.397
5730,47,3.612,2.884,3.490
5732,47,3.851,3.138,3.773
5734,47,3.861,3.162,3.749
5738,47,3.553,2.854,3.377
5740,47,2.879,2.165,2.717
5745,43,2.375,1.813,2.253
5746,43,2.581,1.999,2.429
5748,43,2.761,2.287,2.683
5750,43,3.211,2.805,3.138
5751,43,4.008,3.622,3.925
5753,43,4.462,4.125,4.360
5755,43,4.682,4.413,4.575
5757,43,4.418,4.164,4.321
5758,43,3.597,3.475,3.573
5760,43,2.840,2.786,2.771
5762,43,1.891,1.823,1.838
5763,43,1.285,1.251,1.222
5768,36,1.564,1.701,1.740
5770,36,2.229,2.395,2.395
5772,36,3.089,3.240,3.221
5773,36,3.578,3.788,3.832
5775,36,3.939,4.189,4.120
5779,36,2.385,2.698,2.732
5781,36,1.755,2.136,2.082
5782,36,0.899,1.251,1.290
5784,36,0.430,0.870,0.860
5785,36,0.425,0.963,1.002
5791,33,2.302,2.854,2.937
5792,33,2.981,3.597,3.612
5794,33,3.343,3.856,3.944
5795,33,3.377,3.954,3.959
5798,33,3.055,3.705,3.734
5800,33,2.028,2.674,2.713
5801,33,1.476,2.116,2.087
5803,33,0.606,1.256,1.295
5804,33,0.161,0.880,0.850
5806,33,0.303,1.002,0.929
5807,33,0.103,1.217,1.124
5813,40,3.050,3.656,3.675
5822,40,0.000,0.381,0.391
5826,40,0.000,0.191,0.264
5869,52,1.989,2.019,2.038
5870,52,2.845,2.893,2.981
5872,52,4.194,4.223,4.282
5874,52,5.000,4.761,4.863
5875,52,5.000,5.000,5.000
5880,56,2.224,2.048,2.126
5883,56,0.919,0.748,0.802
5885,56,0.191,0.015,0.117
5886,56,0.279,0.000,0.112
5888,56,0.591,0.459,0.670
5889,56,1.931,1.652,1.965
5891,56,2.879,2.586,2.854
5892,56,4.511,4.086,4.394
5894,56,5.000,4.824,5.000
5895,56,5.000,4.804,5.000
5897,56,5.000,4.731,5.000
5899,56,4.770,4.120,4.585
5904,52,1.163,0.362,0.948
5905,52,0.899,0.191,0.802
5910,52,3.353,2.556,3.211
5911,52,4.589,3.744,4.443
5913,52,4.316,3.509,4.247
5914,52,4.184,3.333,4.008
5916,52,3.807,2.972,3.680
5918,52,3.597,2.796,3.485
5919,52,3.338,2.512,3.221
5921,52,3.157,2.341,2.986
5927,46,3.055,2.385,2.928
5929,46,3.074,2.502,3.025
5930,46,3.211,2.649,3.152
5932,46,3.397,2.898,3.314
5933,46,3.216,2.781,3.113
5935,46,3.162,2.776,3.035
5937,46,2.937,2.644,2.859
5938,46,2.761,2.532,2.703
5940,46,2.502,2.322,2.419
5941,46,2.214,2.121,2.190
5943,46,2.126,2.116,2.111
5951,39,2.537,2.732,2.722
5953,39,2.498,2.717,2.722
5954,39,2.429,2.732,2.713
5956,39,2.400,2.683,2.634
5957,39,2.209,2.546,2.537
5959,39,1.911,2.283,2.263
5961,39,1.823,2.199,2.204
5962,39,1.701,2.131,2.126
5964,39,1.672,2.146,2.141
5965,39,1.760,2.195,2.209
5972,42,2.175,2.674,2.703
5973,42,2.199,2.717,2.698
5975,42,2.170,2.708,2.703
5976,42,2.121,2.600,2.610
5978,42,2.033,2.517,2.522
5979,42,1.804,2.287,2.258
5981,42,1.760,2.243,2.234
5983,42,1.672,2.126,2.146
5984,42,1.686,2.155,2.155
5988,42,2.067,2.483,2.488
5994,46,2.380,2.713,2.732
5995,46,2.395,2.678,2.683
5997,46,2.322,2.595,2.571
5999,46,2.126,2.370,2.356
6000,46,2.107,2.326,2.322
6002,46,1.970,2.141,2.131
6003,46,2.023,2.175,2.160
6005,46,2.092,2.204,2.209
6006,46,2.263,2.356,2.356
6008,46,2.439,2.522,2.512
6011,46,2.595,2.620,2.595
6012,46,2.796,2.796,2.801
6017,46,2.664,2.610,2.644
6019,46,2.473,2.400,2.439
6021,46,2.454,2.380,2.434
6022,46,2.302,2.209,2.248
6024,46,2.331,2.229,2.297
6025,46,2.400,2.263,2.346
6030,46,2.845,2.674,2.791
6031,46,3.016,2.840,2.957
6033,46,3.021,2.830,2.996
6038,48,2.761,2.542,2.703
6040,48,2.610,2.429,2.615
6041,48,2.512,2.253,2.439
6043,48,2.532,2.253,2.429
6045,48,2.517,2.268,2.473
6046,48,2.698,2.410,2.610
6048,48,2.786,2.502,2.713
6049,48,2.957,2.674,2.884
6051,48,3.109,2.830,3.055
6052,48,3.138,2.854,3.045
6055,48,3.094,2.820,3.040
6057,48,2.991,2.717,2.928
6062,48,2.439,2.234,2.385
6064,48,2.414,2.239,2.380
6065,48,2.400,2.248,2.361
6067,48,2.532,2.361,2.463
6071,48,2.791,2.722,2.786
6073,48,2.810,2.781,2.791
6074,48,2.757,2.737,2.737
6087,46,2.287,2.390,2.390
6091,46,2.639,2.781,2.761
6093,46,2.581,2.742,2.727
6095,46,2.532,2.698,2.703
6097,46,2.405,2.590,2.610
6099,46,2.253,2.473,2.463
6100,46,2.126,2.346,2.322
6102,46,1.935,2.195,2.155
6107,49,2.063,2.351,2.341
6109,49,2.219,2.507,2.517
6110,49,2.312,2.581,2.605
6112,49,2.454,2.766,2.776
6113,49,2.449,2.761,2.742
6115,49,2.419,2.727,2.717
6117,49,2.292,2.634,2.615
6118,49,2.155,2.468,2.454
6123,49,1.867,2.160,2.190
6124,49,1.882,2.180,2.160
6129,48,2.346,2.610,2.581
6131,48,2.512,2.737,2.752
6133,48,2.556,2.776,2.761
6134,48,2.556,2.752,2.752
6136,48,2.488,2.639,2.649
6137,48,2.390,2.571,2.537
6140,48,2.170,2.317,2.297
6142,48,2.082,2.229,2.204
6143,48,2.063,2.180,2.165
6145,48,2.087,2.180,2.170
6146,48,2.165,2.273,2.287
6152,51,2.742,2.761,2.761
6153,51,2.771,2.757,2.766
6155,51,2.766,2.771,2.761
6156,51,2.688,2.664,2.669
6158,51,2.595,2.576,2.586
6160,51,2.361,2.356,2.380
6164,51,2.248,2.195,2.243
6165,51,2.361,2.351,2.351
6167,51,2.458,2.400,2.429
6169,51,2.678,2.620,2.644
6174,51,2.889,2.776,2.835
6176,51,2.830,2.722,2.786
6177,51,2.747,2.625,2.703
6179,51,2.507,2.366,2.454
6180,51,2.454,2.326,2.385
6183,51,2.395,2.243,2.307
6185,51,2.395,2.248,2.356
6186,51,2.512,2.312,2.410
6188,51,2.576,2.419,2.542
6189,51,2.854,2.654,2.796
6191,51,2.918,2.722,2.884
6192,51,3.040,2.835,2.991
6198,51,2.918,2.664,2.840
6199,51,2.664,2.400,2.625
6201,51,2.605,2.356,2.542
6205,51,2.630,2.307,2.561
6207,51,2.796,2.454,2.698
6208,51,2.986,2.630,2.923
6210,51,3.060,2.717,3.006
6212,51,3.275,2.913,3.216
6213,51,3.270,2.869,3.187
6215,51,3.245,2.840,3.167
6220,45,2.869,2.429,2.776
6222,45,2.757,2.312,2.639
6223,45,2.796,2.341,2.713
6226,45,2.776,2.361,2.766
6227,45,2.947,2.502,2.859
6229,45,3.123,2.693,3.045
6231,45,3.192,2.766,3.109
6232,45,3.372,2.928,3.284
6234,45,3.333,2.903,3.255
6235,45,3.289,2.849,3.211
6237,45,3.192,2.742,3.069
6242,43,2.678,2.297,2.586
6247,43,2.742,2.419,2.678
6248,43,2.859,2.546,2.776
6250,43,2.913,2.688,2.845
6251,43,3.069,2.835,2.991
6253,43,3.011,2.815,2.952
6255,43,2.972,2.810,2.884
6256,43,2.786,2.683,2.747
6258,43,2.669,2.590,2.586
6259,43,2.405,2.370,2.380
6265,42,2.204,2.204,2.214
6267,42,2.326,2.366,2.356
6269,42,2.463,2.498,2.507
6270,42,2.566,2.610,2.581
6272,42,2.747,2.761,2.761
6274,42,2.732,2.776,2.761
6275,42,2.717,2.747,2.742
6277,42,2.590,2.659,2.639
6278,42,2.473,2.551,2.517
6280,42,2.287,2.366,2.341
6288,39,2.258,2.395,2.385
6290,39,2.458,2.605,2.595
6291,39,2.581,2.752,2.727
6293,39,2.586,2.757,2.737
6294,39,2.566,2.742,2.747
6296,39,2.454,2.615,2.639
6297,39,2.366,2.537,2.522
6299,39,2.116,2.322,2.322
6313,38,2.512,2.727,2.727
6317,38,2.370,2.600,2.595
6319,38,2.209,2.414,2.414
6320,38,2.116,2.336,2.341
6322,38,1.935,2.151,2.146
6324,38,1.955,2.175,2.151
6325,38,1.950,2.185,2.195
6327,38,2.092,2.331,2.322
6328,38,2.165,2.424,2.429
6334,45,2.493,2.742,2.727
6335,45,2.449,2.708,2.688
6339,45,2.092,2.326,2.326
6341,45,1.970,2.199,2.195
6343,45,1.955,2.190,2.175
6344,45,1.955,2.151,2.180
6346,45,2.116,2.307,2.297
6347,45,2.185,2.361,2.385
6349,45,2.424,2.586,2.590
6351,45,2.542,2.713,2.727
6357,46,2.522,2.630,2.615
6358,46,2.429,2.542,2.517
6360,46,2.287,2.370,2.356
6362,46,2.160,2.224,2.209
6363,46,2.146,2.219,2.190
6365,46,2.185,2.195,2.180
6366,46,2.326,2.326,2.312
6368,46,2.400,2.429,2.429
6370,46,2.639,2.630,2.620
6371,46,2.732,2.752,2.752
6373,46,2.752,2.771,2.757
6381,48,2.283,2.273,2.268
6382,48,2.229,2.224,2.229
6384,48,2.224,2.239,2.234
6385,48,2.326,2.302,2.283
6387,48,2.429,2.380,2.385
6389,48,2.625,2.610,2.634
6390,48,2.703,2.678,2.678
6392,48,2.786,2.752,2.786
6393,48,2.757,2.722,2.757
6396,48,2.727,2.688,2.717
6401,46,2.263,2.214,2.209
6403,46,2.170,2.136,2.151
6405,46,2.283,2.243,2.258
6406,46,2.361,2.317,2.336
6408,46,2.483,2.419,2.424
6409,46,2.683,2.625,2.649
6411,46,2.737,2.683,2.688
6412,46,2.805,2.737,2.776
6414,46,2.781,2.747,2.752
6430,46,2.708,2.620,2.649
6432,46,2.898,2.801,2.835
6433,46,2.859,2.781,2.815
6435,46,2.810,2.752,2.776
6436,46,2.717,2.644,2.664
6439,46,2.512,2.449,2.483
6441,46,2.478,2.405,2.434
6446,47,2.351,2.336,2.385
6447,47,2.395,2.444,2.429
6449,47,2.620,2.595,2.595
6451,47,2.605,2.605,2.605
6452,47,2.801,2.781,2.766
6454,47,2.796,2.747,2.747
6455,47,2.727,2.722,2.703
6457,47,2.634,2.620,2.630
6459,47,2.463,2.429,2.414
6460,47,2.390,2.390,2.390
6462,47,2.243,2.219,2.204
6463,47,2.243,2.224,2.224
6471,48,2.786,2.771,2.766
6473,48,2.771,2.757,2.752
6474,48,2.737,2.727,2.737
6476,48,2.634,2.620,2.610
6478,48,2.537,2.507,2.507
6479,48,2.385,2.385,2.385
6482,48,2.258,2.229,2.243
6483,48,2.248,2.243,2.224
6485,48,2.224,2.229,2.234
6487,48,2.366,2.361,2.326
6492,49,2.776,2.771,2.761
6493,49,2.752,2.761,2.747
6495,49,2.727,2.727,2.708
6497,49,2.644,2.625,2.625
6498,49,2.502,2.512,2.468
6500,49,2.414,2.419,2.410
6501,49,2.341,2.312,2.283
6503,49,2.312,2.331,2.336
6505,49,2.346,2.346,2.312
6509,49,2.620,2.620,2.625
6514,46,2.620,2.630,2.625
6516,46,2.556,2.566,2.566
6517,46,2.488,2.493,2.488
6519,46,2.361,2.351,2.366
6520,46,2.322,2.312,2.317
6523,46,2.341,2.356,2.326
6525,46,2.370,2.361,2.356
6526,46,2.395,2.385,2.434
6528,46,2.458,2.434,2.454
6529,46,2.630,2.639,2.610
6531,46,2.625,2.610,2.620
6536,45,2.610,2.600,2.556
6546,45,2.405,2.405,2.414
6550,45,2.551,2.566,2.561
6551,45,2.683,2.659,2.683
6553,45,2.634,2.639,2.620
6558,46,2.419,2.380,2.380
6560,46,2.424,2.410,2.410
6564,46,2.346,2.341,2.312
6567,46,2.463,2.439,2.410
6568,46,2.502,2.468,2.468
6570,46,2.590,2.590,2.581
6571,46,2.654,2.654,2.644
6573,46,2.600,2.610,2.595
6575,46,2.595,2.586,2.586
6576,46,2.546,2.527,2.517
6581,47,2.312,2.307,2.273
6583,47,2.331,2.317,2.322
6585,47,2.312,2.326,2.312
6586,47,2.424,2.400,2.419
6588,47,2.444,2.449,2.463
6589,47,2.576,2.576,2.561
6591,47,2.654,2.639,2.634
6593,47,2.610,2.615,2.610
6594,47,2.586,2.610,2.615
6596,47,2.576,2.556,2.517
6597,47,2.532,2.512,2.488
6605,50,2.483,2.458,2.424
6607,50,2.463,2.473,2.454
6609,50,2.630,2.630,2.620
6611,50,2.610,2.610,2.605
6613,50,2.634,2.615,2.625
6614,50,2.600,2.615,2.610
6616,50,2.556,2.551,2.542
6617,50,2.502,2.493,2.488
6619,50,2.380,2.361,2.361
6621,50,2.414,2.410,2.405
6622,50,2.322,2.307,2.312
6627,47,2.454,2.454,2.454
6629,47,2.625,2.639,2.615
6631,47,2.586,2.576,2.600
6632,47,2.600,2.595,2.605
6634,47,2.586,2.581,2.586
6635,47,2.546,2.537,2.537
6637,47,2.488,2.488,2.463
6639,47,2.380,2.351,2.341
6643,47,2.356,2.341,2.351
6645,47,2.380,2.380,2.366
6651,48,2.566,2.551,2.537
6652,48,2.654,2.649,2.620
6654,48,2.600,2.590,2.581
6656,48,2.551,2.561,2.566
6657,48,2.483,2.488,2.483
6659,48,2.405,2.395,2.380
6660,48,2.410,2.414,2.405
6662,48,2.307,2.312,2.322
6663,48,2.375,2.346,2.346
6665,48,2.370,2.405,2.390
6667,48,2.468,2.463,2.454
6672,48,2.625,2.620,2.595
6674,48,2.561,2.561,2.561
6675,48,2.551,2.527,2.537
6677,48,2.493,2.468,2.463
6678,48,2.380,2.385,2.351
6680,48,2.434,2.424,2.414
6684,48,2.463,2.429,2.434
6686,48,2.507,2.488,2.507
6687,48,2.522,2.502,2.522
6689,48,2.605,2.595,2.581
6695,47,2.517,2.522,2.502
6697,47,2.478,2.463,2.444
6698,47,2.449,2.429,2.419
6700,47,2.439,2.439,2.429
6702,47,2.390,2.361,2.390
6703,47,2.444,2.444,2.444
6705,47,2.463,2.454,2.439
6706,47,2.512,2.502,2.522
6708,47,2.537,2.532,2.546
6710,47,2.595,2.590,2.571
6711,47,2.605,2.586,2.600
6713,47,2.527,2.537,2.517
6718,45,2.439,2.414,2.405
6720,45,2.434,2.439,2.429
6721,45,2.385,2.385,2.361
6725,45,2.561,2.542,2.483
6727,45,2.532,2.527,2.498
6729,45,2.615,2.620,2.615
6730,45,2.561,2.566,2.581
6732,45,2.546,2.546,2.551
6733,45,2.473,2.468,2.507
6740,46,2.405,2.380,2.380
6741,46,2.385,2.366,2.375
6743,46,2.424,2.400,2.375
6744,46,2.463,2.454,2.444
6746,46,2.595,2.620,2.581
6748,46,2.561,2.590,2.537
6749,46,2.678,2.693,2.639
6751,46,2.590,2.571,2.561
6752,46,2.556,2.522,2.507
6754,46,2.468,2.458,2.478
6756,46,2.468,2.405,2.454
6757,46,2.449,2.405,2.405
6770,47,2.610,2.590,2.561
6777,47,2.488,2.478,2.473
6780,47,2.434,2.449,2.434
6785,46,2.556,2.532,2.488
6787,46,2.527,2.507,2.502
6788,46,2.502,2.512,2.522
6790,46,2.522,2.493,2.512
6791,46,2.581,2.561,2.561
6793,46,2.517,2.488,2.507
6794,46,2.542,2.498,2.512
6796,46,2.478,2.502,2.498
6798,46,2.468,2.439,2.478
6799,46,2.483,2.458,2.454
6801,46,2.473,2.414,2.424
6802,46,2.522,2.473,2.488
6808,48,2.615,2.542,2.512
6809,48,2.546,2.493,2.512
6811,48,2.561,2.542,2.556
6812,48,2.532,2.517,2.517
6814,48,2.561,2.532,2.527
6818,48,2.439,2.400,2.419
6820,48,2.483,2.444,2.429
6823,48,2.483,2.463,2.478
6824,48,2.483,2.488,2.498
6826,48,2.502,2.468,2.498
6831,44,2.634,2.600,2.566
6833,44,2.522,2.517,2.493
6834,44,2.498,2.507,2.488
6836,44,2.493,2.493,2.468
6837,44,2.493,2.473,2.449
6839,44,2.429,2.414,2.380
6841,44,2.444,2.434,2.429
6842,44,2.454,2.449,2.444
6844,44,2.488,2.478,2.478
6845,44,2.507,2.517,2.517
6847,44,2.522,2.512,2.483
6852,45,2.605,2.576,2.537
6854,45,2.522,2.502,2.488
6855,45,2.473,2.468,2.468
6860,45,2.473,2.483,2.463
6861,45,2.410,2.414,2.410
6863,45,2.434,2.429,2.429
6865,45,2.478,2.468,2.468
6867,45,2.493,2.468,2.478
6869,45,2.532,2.517,2.542
6870,45,2.512,2.507,2.498
6876,48,2.600,2.571,2.498
6877,48,2.478,2.488,2.488
6879,48,2.405,2.410,2.390
6880,48,2.473,2.449,2.449
6882,48,2.400,2.410,2.385
6883,48,2.439,2.434,2.419
6885,48,2.483,2.454,2.478
6887,48,2.512,2.507,2.507
6888,48,2.527,2.537,2.532
6890,48,2.522,2.493,2.507
6891,48,2.581,2.576,2.581
6899,45,2.463,2.478,2.463
6901,45,2.410,2.429,2.361
6903,45,2.429,2.434,2.410
6904,45,2.419,2.429,2.419
6907,45,2.498,2.498,2.488
6908,45,2.473,2.483,2.502
6910,45,2.556,2.517,2.517
6911,45,2.600,2.586,2.595
6913,45,2.542,2.532,2.537
6915,45,2.537,2.537,2.561
6916,45,2.454,2.434,2.498
6922,47,2.380,2.380,2.351
6923,47,2.424,2.405,2.410
6925,47,2.419,2.410,2.410
6926,47,2.517,2.522,2.502
6928,47,2.488,2.527,2.512
6929,47,2.546,2.556,2.517
6931,47,2.600,2.610,2.590
6933,47,2.546,2.551,2.537
6937,47,2.488,2.483,2.463
6939,47,2.390,2.297,2.351
6944,48,2.463,2.454,2.439
6945,48,2.463,2.429,2.449
6947,48,2.439,2.395,2.444
6950,48,2.796,2.874,2.786
6951,48,3.363,3.299,3.353
6953,48,3.812,3.798,3.837
6954,48,3.876,3.837,3.827
6956,48,3.861,3.891,3.822
6958,48,3.587,3.597,3.627
6959,48,2.737,2.732,2.678
6961,48,2.410,2.424,2.385
6966,45,1.872,1.843,1.916
6968,45,2.048,2.082,2.082
6969,45,2.991,2.967,3.045
6971,45,3.128,3.113,3.196
6972,45,3.495,3.460,3.558
6974,45,3.612,3.617,3.656
6978,45,2.698,2.688,2.634
6980,45,2.483,2.463,2.458
6982,45,1.579,1.623,1.579
6983,45,1.613,1.637,1.588
6988,43,2.747,2.830,2.776
6999,43,2.576,2.586,2.571
7003,43,1.662,1.642,1.584
7004,43,1.657,1.569,1.569
7006,43,1.789,1.823,1.784
7011,43,3.504,3.412,3.397
7013,43,3.500,3.397,3.431
7014,43,3.548,3.578,3.578
7016,43,3.280,3.280,3.363
7018,43,3.040,3.006,2.923
7019,43,2.165,2.146,2.180
7021,43,1.945,1.813,1.808
7022,43,1.676,1.632,1.642
7024,43,1.520,1.564,1.579
7025,43,1.848,1.852,1.769
7033,45,3.412,3.460,3.519
7036,45,3.314,3.314,3.324
7038,45,3.118,3.089,3.016
7039,45,2.302,2.322,2.268
7041,45,2.424,2.341,1.989
7042,45,1.579,1.569,1.579
7044,45,1.588,1.579,1.584
7045,45,1.623,1.618,1.618
7047,45,2.019,2.014,2.014
7049,45,2.390,2.473,2.517
7050,45,2.669,2.703,2.600
7052,45,3.382,3.358,3.436
7057,45,3.035,3.011,3.138
7059,45,2.331,2.322,2.336
7060,45,2.287,2.331,2.361
7062,45,1.579,1.657,1.574
7063,45,1.647,1.608,1.593
7065,45,1.657,1.706,1.657
7066,45,2.014,2.067,2.033
7071,45,3.280,3.363,3.319
7072,45,3.270,3.255,3.245
7074,45,3.333,3.309,3.416
7080,47,2.287,2.322,2.263
7082,47,1.681,1.681,1.613
7083,47,1.730,1.681,1.618
7085,47,1.593,1.530,1.569
7086,47,1.916,1.891,1.926
7088,47,2.190,2.170,2.102
7090,47,2.849,2.820,2.849
7091,47,3.299,3.333,3.470
7093,47,3.407,3.368,3.470
7094,47,3.431,3.407,3.421
7096,47,3.152,3.167,3.187
7101,47,1.647,1.667,1.623
7103,47,1.598,1.603,1.574
7104,47,1.403,1.393,1.466
7106,47,1.906,1.887,1.843
7107,47,2.028,2.126,2.077
7124,48,1.598,1.588,1.603
7126,48,1.823,1.891,1.843
7128,48,1.994,1.935,1.955
7129,48,2.737,2.776,2.820
7131,48,2.820,2.889,2.928
7132,48,3.328,3.382,3.602
7134,48,3.270,3.231,3.245
7135,48,3.348,3.319,3.275
7137,48,3.050,3.069,3.035
7139,48,2.312,2.273,2.302
7140,48,2.283,2.199,2.175
7142,48,1.388,1.325,1.320
7147,47,2.185,2.146,2.151
7149,47,2.849,2.864,2.908
7150,47,2.952,2.884,2.928
7152,47,3.284,3.343,3.382
7153,47,3.162,3.177,3.221
7155,47,3.187,3.192,3.152
7157,47,2.933,2.962,2.972
7161,47,1.760,1.706,1.735
7164,47,1.779,1.764,1.784
7165,47,1.652,1.637,1.637
7170,43,2.713,2.615,2.747
7172,43,3.265,3.353,3.358
7174,43,3.260,3.216,3.289
7175,43,3.226,3.226,3.221
7177,43,2.918,2.962,2.972
7178,43,2.664,2.561,2.590
7180,43,2.180,2.165,2.151
7181,43,0.024,0.000,0.000
7183,43,0.054,0.000,0.000
7184,43,0.000,0.000,0.000
7186,43,0.914,0.953,1.061
7187,43,1.212,1.256,1.090
7193,47,3.314,3.118,5.000
7194,47,3.284,3.148,5.000
7196,47,3.260,3.065,5.000
7197,47,3.138,2.972,5.000
7202,47,0.000,0.000,0.000
7203,47,0.000,0.000,0.000
7204,47,0.000,0.000,0.000
7207,47,0.000,0.000,0.000
7208,47,1.002,1.031,1.075
7210,47,3.358,3.192,5.000
7215,44,3.172,2.972,4.878
7217,44,2.805,2.761,3.651
7218,44,1.867,1.911,1.852
7220,44,0.982,1.012,0.934
7229,44,3.236,3.030,4.956
7237,46,2.493,2.507,2.551
7238,46,0.684,0.650,0.572
7240,46,0.880,0.797,0.679
7242,46,0.000,0.000,0.000
7243,46,0.000,0.000,0.000
7244,46,0.332,0.244,0.259
7246,46,1.432,1.427,1.457
7249,46,2.067,2.165,2.097
7253,46,3.206,2.996,5.000
7254,46,3.162,2.962,5.000
7260,43,0.054,0.127,0.088
7261,43,0.000,0.000,0.000
7263,43,0.000,0.000,0.000
7264,43,0.000,0.000,0.000
7265,43,0.274,0.249,0.215
7267,43,1.466,1.466,1.417
7269,43,2.757,2.747,3.089
7270,43,3.025,2.893,4.335
7272,43,3.201,3.016,5.000
7273,43,3.211,2.996,5.000
7275,43,3.157,2.947,5.000
7276,43,2.669,2.634,3.025
7282,44,0.000,0.000,0.000
7283,44,0.000,0.000,0.000
7285,44,0.073,0.064,0.000
7286,44,1.217,1.222,1.134
7288,44,1.940,1.965,1.950
7293,44,3.182,2.981,5.000
7295,44,3.177,2.957,5.000
7296,44,2.972,2.805,4.052
7298,44,2.268,2.287,2.234
7299,44,0.274,0.225,0.112
7301,44,0.391,0.254,0.122
7306,46,1.031,1.144,1.041
7308,46,1.510,1.564,1.544
7309,46,2.947,2.854,4.110
7311,46,2.977,2.810,4.589
7312,46,3.196,2.957,5.000
7314,46,3.231,2.986,4.971
7315,46,3.001,2.820,4.272
7317,46,2.283,2.322,2.297
7319,46,0.733,0.733,0.552
7320,46,0.831,0.782,0.704
7322,46,0.000,0.000,0.000
7323,46,0.230,0.235,0.156
7328,43,2.840,2.786,3.436
7334,43,3.206,2.991,5.000
7335,43,3.192,2.947,4.888
7337,43,2.693,2.669,3.016
7339,43,1.701,1.623,1.505
7340,43,0.679,0.709,0.674
7342,43,0.000,0.000,0.000
7343,43,0.005,0.010,0.000
7345,43,0.235,0.215,0.191
7346,43,1.109,1.090,1.080
7351,44,3.206,3.030,5.000
7353,44,3.211,3.001,4.971
7354,44,3.167,2.977,4.892
7356,44,2.796,2.703,3.309
7358,44,2.195,2.190,2.131
7359,44,1.202,1.271,1.256
7361,44,1.080,1.007,0.973
7362,44,1.212,1.212,1.183
7364,44,1.388,1.413,1.359
7365,44,2.468,2.463,2.483
7373,43,2.537,2.507,2.512
7375,43,2.507,2.498,2.483
7378,43,2.454,2.478,2.468
7379,43,2.380,2.366,2.341
7381,43,2.444,2.414,2.410
7382,43,2.454,2.424,2.424
7384,43,2.463,2.468,2.478
7386,43,2.478,2.488,2.439
7387,43,2.493,2.517,2.498
7389,43,2.566,2.576,2.561
7390,43,2.546,2.537,2.527
7396,45,2.502,2.493,2.478
7397,45,2.498,2.463,2.458
7399,45,2.390,2.351,2.351
7400,45,2.414,2.400,2.390
7402,45,2.424,2.410,2.395
7404,45,2.463,2.454,2.449
7405,45,2.473,2.454,2.468
7407,45,2.512,2.502,2.483
7411,45,2.566,2.581,2.595
7413,45,2.527,2.527,2.542
7419,44,2.414,2.390,2.375
7420,44,2.458,2.444,2.424
7422,44,2.410,2.395,2.375
7424,44,2.429,2.439,2.405
7425,44,2.454,2.458,2.449
7427,44,2.488,2.483,2.478
7428,44,2.556,2.551,2.546
7430,44,2.498,2.488,2.502
7432,44,2.605,2.581,2.576
7433,44,2.537,2.532,2.532
7435,44,2.532,2.532,2.498
7436,44,2.488,2.468,2.468
7442,43,2.370,2.380,2.390
7451,43,2.581,2.566,2.581
7455,43,2.498,2.498,2.478
7457,43,2.463,2.449,2.449
7458,43,2.380,2.361,2.346
7467,43,2.483,2.473,2.498
7469,43,2.566,2.556,2.581
7471,43,2.522,2.502,2.488
7472,43,2.571,2.561,2.566
7474,43,2.527,2.532,2.522
7475,43,2.522,2.498,2.493
7477,43,2.473,2.478,2.483
7478,43,2.385,2.380,2.380
7480,43,2.449,2.434,2.429
7482,43,2.351,2.370,2.351
7487,44,2.512,2.483,2.483
7489,44,2.586,2.542,2.561
7490,44,2.507,2.507,2.512
7492,44,2.576,2.507,2.542
7493,44,2.546,2.517,2.502
7495,44,2.507,2.493,2.483
7496,44,2.498,2.493,2.468
7498,44,2.405,2.400,2.380
7500,44,2.449,2.444,2.468
7509,46,2.566,2.571,2.571
7510,46,2.502,2.488,2.512
7512,46,2.595,2.561,2.556
7513,46,2.537,2.551,2.517
7515,46,2.507,2.478,2.522
7517,46,2.483,2.478,2.488
7518,46,2.429,2.410,2.419
7520,46,2.414,2.458,2.444
7521,46,2.380,2.395,2.390
7523,46,2.380,2.454,2.390
7525,46,2.434,2.429,2.444
7526,46,2.498,2.488,2.458
7531,46,2.561,2.571,2.610
7533,46,2.532,2.556,2.546
7535,46,3.094,3.079,3.123
7536,46,2.801,2.757,2.801
7538,46,2.556,2.488,2.410
7539,46,2.111,2.131,2.214
7541,46,1.598,1.598,1.461
7545,46,1.618,1.588,1.706
7548,46,1.686,1.725,1.725
7549,46,2.610,2.542,2.576
7555,44,3.231,3.231,3.275
7556,44,3.089,3.040,3.021
7558,44,2.742,2.688,2.727
7559,44,2.102,2.048,2.019
7561,44,1.848,1.813,1.789
7563,44,1.711,1.598,1.603
7564,44,1.618,1.505,1.569
7566,44,1.662,1.662,1.662
7567,44,1.906,1.848,1.833
7569,44,2.571,2.639,2.615
7570,44,2.674,2.703,2.713
7572,44,3.094,3.162,3.143
7577,45,2.967,2.933,2.879
7579,45,2.155,2.116,2.107
7580,45,1.921,1.882,1.828
7582,45,1.681,1.588,1.676
7586,45,1.843,1.799,1.857
7588,45,2.370,2.322,2.429
7590,45,2.532,2.493,2.551
7592,45,3.294,3.245,3.250
7594,45,3.275,3.221,3.245
7595,45,3.368,3.289,3.314
7600,48,2.224,2.170,2.165
7602,48,1.486,1.505,1.564
7604,48,1.540,1.432,1.486
7605,48,1.510,1.505,1.447
7607,48,1.867,1.916,1.804
7608,48,3.304,3.245,3.988
7610,48,2.717,2.639,2.688
7611,48,2.889,2.869,2.849
7613,48,2.722,2.722,2.761
7615,48,3.211,3.065,4.907
7616,48,3.123,3.016,4.829
7621,43,0.000,0.000,0.000
7623,43,0.186,0.200,0.098
7627,43,2.126,2.131,2.141
7629,43,3.250,3.016,4.990
7630,43,3.309,3.123,5.000
7633,43,3.270,3.069,5.000
7635,43,3.221,3.025,5.000
7636,43,3.201,2.991,5.000
7638,43,3.123,2.928,4.878
7639,43,0.992,0.997,0.846
7645,44,0.000,0.000,0.000
7646,44,1.144,1.119,1.061
7647,44,1.823,1.906,1.940
7649,44,3.314,3.118,5.000
7651,44,3.240,3.069,5.000
7652,44,3.275,3.084,5.000
7654,44,3.265,3.060,5.000
7655,44,3.236,3.030,5.000
7657,44,3.162,3.006,4.966
7658,44,1.711,1.613,1.525
7660,44,1.168,1.114,0.782
7668,46,2.962,2.933,3.724
7678,46,2.791,2.649,3.646
7682,46,0.000,0.000,0.000
7684,46,0.000,0.000,0.000
7685,46,0.000,0.000,0.000
7690,44,3.182,3.065,5.000
7692,44,3.275,3.069,5.000
7694,44,3.275,3.050,5.000
7695,44,3.236,3.084,5.000
7697,44,3.167,2.986,5.000
7698,44,1.818,1.598,1.452
7700,44,0.342,0.308,0.254
7701,44,0.000,0.000,0.000
7703,44,0.000,0.000,0.000
7704,44,0.000,0.000,0.000
7706,44,0.821,0.772,0.777
7707,44,1.955,2.004,2.165
7712,44,3.221,3.035,5.000
7714,44,3.265,3.045,5.000
7719,44,0.000,0.000,0.000
7721,44,0.235,0.161,0.020
7722,44,0.000,0.000,0.000
7724,44,0.000,0.000,0.000
7725,44,0.000,0.000,0.000
7726,44,0.000,0.000,0.000
7728,44,1.608,1.720,1.764
7729,44,3.314,3.118,5.000
7735,46,3.236,3.035,5.000
7736,46,3.211,2.977,5.000
7738,46,3.172,2.889,4.707
7739,46,0.000,0.000,0.000
7741,46,0.000,0.000,0.000
7742,46,0.000,0.000,0.000
7744,46,0.000,0.000,0.000
7745,46,0.112,0.068,0.000
7747,46,0.743,0.738,0.723
7748,46,3.387,3.211,5.000
7750,46,3.265,3.040,5.000
7758,45,2.092,2.048,1.369
7759,45,0.000,0.000,0.000
7762,45,0.000,0.000,0.000
7763,45,0.000,0.000,0.000
7764,45,0.000,0.000,0.000
7766,45,0.098,0.000,0.000
7767,45,1.100,1.012,0.880
7769,45,3.309,3.157,5.000
7770,45,3.206,3.104,5.000
7772,45,3.270,3.133,5.000
7774,45,3.221,3.050,5.000
7775,45,3.177,3.016,5.000
7780,44,0.000,0.000,0.000
7782,44,0.000,0.000,0.000
7783,44,0.000,0.000,0.000
7785,44,0.000,0.000,0.000
7786,44,0.293,0.640,0.142
7788,44,1.818,2.028,2.146
7789,44,3.231,3.065,5.000
7806,43,0.000,0.000,0.000
7808,43,0.899,0.938,0.748
7809,43,3.372,3.250,5.000
7811,43,3.245,3.084,5.000
7812,43,3.236,3.104,5.000
7814,43,3.148,3.016,5.000
7815,43,3.133,2.967,5.000
7817,43,2.986,2.903,5.000
7819,43,0.000,0.000,0.000
7820,43,0.000,0.000,0.000
7825,49,0.000,0.000,0.000
7827,49,0.655,0.684,0.362
7828,49,3.421,3.480,5.000
7830,49,3.162,3.050,5.000
7831,49,3.221,3.162,5.000
7833,49,3.152,2.986,5.000
7834,49,3.138,2.977,5.000
7836,49,2.952,2.874,5.000
7838,49,2.923,2.693,4.194
7842,49,0.000,0.000,0.000
7848,42,1.676,1.828,1.740
7850,42,3.270,3.079,5.000
7851,42,3.294,3.162,5.000
7853,42,3.152,3.035,5.000
7854,42,3.065,3.011,5.000
7856,42,3.030,2.942,5.000
7857,42,2.967,2.713,4.995
7859,42,0.000,0.000,0.000
7860,42,0.000,0.000,0.000
7862,42,0.000,0.000,0.000
7863,42,0.000,0.000,0.000
7865,42,0.000,0.000,0.000
7866,42,0.000,0.000,0.000
7871,43,3.304,3.143,5.000
7873,43,3.182,3.006,5.000
7874,43,3.138,2.962,5.000
7876,43,2.991,2.854,5.000
7878,43,2.957,2.849,4.692
7882,43,0.000,0.000,0.000
7883,43,0.000,0.000,0.000
7885,43,0.000,0.064,0.000
7886,43,0.562,0.621,0.562
7889,43,3.680,3.475,5.000
7894,43,3.113,2.952,5.000
7903,43,0.000,0.000,0.000
7907,43,1.124,1.046,1.100
7909,43,3.324,3.201,5.000
7910,43,3.211,3.069,5.000
7916,43,3.138,3.079,5.000
7917,43,2.947,2.796,4.971
7919,43,0.000,0.000,0.000
7920,43,0.000,0.000,0.000
7922,43,0.000,0.000,0.000
7923,43,0.000,0.000,0.000
7924,43,0.000,0.000,0.000
7926,43,0.103,0.000,0.054
7927,43,2.151,2.224,2.263
7969,47,3.143,2.967,5.000
7971,47,3.231,3.050,5.000
7972,47,3.172,3.011,5.000
7975,47,3.177,2.981,5.000
7977,47,3.079,2.918,5.000
7978,47,2.967,2.805,4.374
7983,45,0.000,0.000,0.000
7985,45,0.000,0.000,0.000
7986,45,1.109,1.188,1.129
7988,45,2.195,2.204,2.121
7989,45,3.157,3.035,5.000
7991,45,3.226,3.084,5.000
7992,45,3.128,2.957,5.000
7994,45,3.157,2.986,5.000
7996,45,3.074,2.893,5.000
7997,45,3.065,2.835,4.892
7999,45,0.161,0.235,0.000
8000,45,0.000,0.000,0.000
8002,45,0.000,0.000,0.000
8010,44,3.152,2.996,5.000
8011,44,3.206,3.045,5.000
8013,44,3.187,2.996,5.000
8014,44,3.094,2.977,5.000
8017,44,3.069,2.933,5.000
8018,44,2.605,2.468,3.157
8020,44,0.425,0.503,0.415
8022,44,0.000,0.000,0.000
8023,44,0.000,0.000,0.000
8024,44,0.000,0.000,0.000
8029,44,3.148,3.030,5.000
8031,44,3.260,3.069,5.000
8033,44,3.201,3.006,5.000
8034,44,3.201,3.016,5.000
8036,44,3.182,2.996,5.000
8037,44,3.045,2.825,4.712
8039,44,0.020,0.000,0.000
8040,44,0.000,0.000,0.000
8042,44,0.000,0.000,0.000
8046,44,1.466,1.584,1.471
8051,45,3.226,3.060,5.000
8053,45,3.138,3.006,5.000
8054,45,3.167,2.996,5.000
8056,45,3.069,2.884,5.000
8059,45,2.498,2.424,2.781
8060,45,0.938,0.904,0.958
8062,45,0.000,0.000,0.000
8063,45,0.000,0.000,0.000
8065,45,0.000,0.000,0.000
8066,45,1.271,1.290,1.178
8067,45,2.053,2.067,2.033
8069,45,3.260,3.084,5.000
8074,45,3.231,3.025,5.000
8076,45,3.157,2.933,5.000
8077,45,2.913,2.830,4.506
8079,45,1.031,1.012,0.953
8081,45,0.577,0.503,0.386
8085,45,0.518,0.562,0.572
8086,45,1.935,1.901,1.848
8088,45,2.854,2.815,3.465
8090,45,3.201,3.006,5.000
8091,45,3.255,3.050,5.000
8096,43,3.109,2.923,4.878
8098,43,2.063,2.043,1.896
8100,43,1.261,1.295,1.153
8102,43,0.000,0.000,0.000
8104,43,0.068,0.083,0.015
8105,43,0.313,0.376,0.298
8107,43,1.711,1.681,1.628
8108,43,2.488,2.561,2.639
8110,43,3.206,2.991,5.000
8111,43,3.211,3.025,5.000
8113,43,3.187,3.025,5.000
8115,43,3.211,3.030,5.000
8120,46,1.246,1.266,1.193
8121,46,0.000,0.000,0.000
8125,46,1.139,1.413,1.114
8127,46,2.038,2.043,2.082
8129,46,3.299,3.118,5.000
8130,46,3.172,3.016,5.000
8132,46,3.182,3.035,5.000
8133,46,3.182,3.021,5.000
8135,46,3.148,2.986,5.000
8137,46,3.079,2.893,4.883
8142,44,0.034,0.073,0.000
8143,44,0.376,0.391,0.318
8146,44,1.109,1.129,0.963
8147,44,1.989,2.004,1.950
8157,44,3.123,2.913,4.980
8165,46,0.323,0.279,0.337
8166,46,1.642,1.632,1.588
8168,46,2.341,2.395,2.429
8169,46,3.196,2.981,5.000
8171,46,3.265,3.074,5.000
8172,46,3.187,3.030,5.000
8177,46,3.055,2.889,4.819
8178,46,1.764,1.716,1.544
8180,46,1.276,1.261,1.129
8181,46,0.049,0.083,0.000
8188,45,2.121,2.107,2.053
8189,45,3.187,3.025,4.936
8191,45,3.221,3.050,5.000
8192,45,3.201,3.011,5.000
8194,45,3.226,3.035,5.000
8196,45,3.172,2.996,5.000
8197,45,3.074,2.928,4.936
8199,45,2.219,2.195,2.058
8200,45,1.398,1.349,1.246
8202,45,0.117,0.093,0.054
8203,45,0.313,0.411,0.313
8205,45,0.670,0.704,0.538
8210,46,3.162,3.006,5.000
8212,46,3.192,3.001,5.000
8213,46,3.123,2.977,5.000
8218,46,2.781,2.683,3.719
8219,46,1.520,1.544,1.505
8221,46,0.376,0.347,0.303
8222,46,0.327,0.327,0.259
8224,46,0.479,0.499,0.381
8225,46,1.491,1.544,1.457
8227,46,2.273,2.263,2.199
8233,44,3.182,3.030,5.000
8235,44,3.187,3.006,5.000
8236,44,3.167,2.962,5.000
8238,44,2.874,2.766,4.110
8240,44,1.496,1.530,1.476
8241,44,0.455,0.430,0.386
8243,44,0.254,0.323,0.205
8244,44,0.396,0.440,0.367
8246,44,1.457,1.486,1.422
8247,44,2.185,2.219,2.190
8249,44,3.182,2.991,5.000
8251,44,3.211,3.030,5.000
8259,46,1.540,1.540,1.437
8260,46,1.075,1.056,0.948
8262,46,0.230,0.210,0.142
8263,46,0.596,0.440,0.386
8265,46,1.134,1.085,0.978
8266,46,1.975,1.955,1.984
8268,46,2.908,2.845,3.807
8270,46,3.157,2.933,5.000
8271,46,3.201,3.006,5.000
8274,46,3.143,2.977,5.000
8279,47,1.926,1.862,1.779
8281,47,1.285,1.222,1.124
8282,47,0.230,0.200,0.210
8284,47,0.611,0.455,0.621
8285,47,0.743,0.797,0.714
8287,47,1.940,1.940,1.882
8288,47,2.781,2.722,3.216
8290,47,3.152,2.986,5.000
8291,47,3.172,3.021,5.000
8296,47,3.006,2.830,5.000
8301,43,0.279,0.293,0.269
8303,43,0.411,0.411,0.342
8304,43,0.508,0.582,0.435
8306,43,1.579,1.628,1.579
8307,43,2.317,2.361,2.336
8309,43,3.172,2.991,5.000
8310,43,3.201,3.021,5.000
8312,43,3.167,2.986,5.000
8315,43,3.157,2.991,5.000
8316,43,3.055,2.908,5.000
8318,43,3.045,2.835,4.629
8323,50,0.430,0.440,0.396
8325,50,0.572,0.557,0.538
8326,50,1.525,1.520,1.525
8328,50,2.307,2.375,2.331
8329,50,3.143,3.001,5.000
8331,50,3.206,3.030,5.000
8332,50,3.182,2.981,5.000
8337,50,3.089,2.903,4.927
8338,50,2.478,2.429,2.571
8340,50,1.637,1.681,1.623
8345,45,1.266,1.354,1.383
8347,45,2.102,2.131,2.111
8348,45,2.957,2.913,4.223
8350,45,3.211,3.035,5.000
8351,45,3.162,2.977,5.000
8353,45,3.201,2.933,5.000
8355,45,3.113,2.952,5.000
8356,45,3.089,2.933,4.990
8359,45,2.556,2.473,2.717
8360,45,1.623,1.598,1.520
8362,45,0.362,0.357,0.186
8363,45,0.499,0.489,0.406
8369,44,2.947,2.913,3.988
8370,44,3.162,2.986,5.000
8380,44,1.603,1.603,1.505
8384,44,0.748,0.718,0.616
8392,47,3.148,3.001,5.000
8393,47,3.162,2.991,5.000
8395,47,3.177,2.937,5.000
8396,47,3.030,2.849,4.721
8398,47,2.160,2.146,1.994
8401,47,1.471,1.471,1.437
8402,47,0.381,0.450,0.313
8404,47,0.611,0.699,0.635
8405,47,0.880,0.860,0.826
8407,47,1.926,1.965,1.940
8408,47,2.732,2.727,3.021
8414,46,3.182,2.986,5.000
8415,46,3.128,2.981,5.000
8417,46,3.069,2.869,4.824
8418,46,2.449,2.410,2.390
8420,46,1.632,1.657,1.579
8422,46,0.376,0.406,0.303
8423,46,0.621,0.582,0.489
8425,46,0.865,0.816,0.782
8429,46,3.162,2.972,4.985
8431,46,3.236,3.040,5.000
8436,46,3.113,2.947,5.000
8437,46,2.796,2.678,3.944
8439,46,1.779,1.804,1.755
8441,46,0.904,0.880,0.806
8443,46,0.846,0.855,0.762
8445,46,0.943,0.924,0.850
8446,46,1.735,1.725,1.691
8448,46,2.263,2.297,2.370
8449,46,3.123,2.996,4.809
8451,46,3.226,3.084,5.000
8453,46,3.177,3.045,5.000
8454,46,3.074,2.967,5.000
8459,44,1.813,1.779,1.686
8461,44,0.929,0.938,0.811
8462,44,0.792,0.806,0.758
8464,44,0.875,0.846,0.811
8466,44,1.632,1.720,1.701
8470,44,3.152,3.016,5.000
8471,44,3.201,3.074,5.000
8473,44,3.182,3.011,5.000
8475,44,3.123,2.981,5.000
8476,44,3.050,2.913,5.000
8481,48,0.689,0.718,0.591
8483,48,0.929,0.890,0.899
8486,48,1.364,1.334,1.276
8487,48,2.107,2.097,2.102
8489,48,2.923,2.893,3.543
8490,48,3.148,3.016,5.000
8492,48,3.201,3.084,5.000
8493,48,3.157,3.016,5.000
8495,48,3.123,2.996,5.000
8497,48,3.069,2.933,5.000
8498,48,2.566,2.483,3.368
8503,43,0.904,0.894,0.831
8505,43,1.095,1.222,1.315
8507,43,2.072,2.038,1.955
8519,43,1.676,1.657,1.686
8520,43,0.890,0.914,0.831
8526,45,1.877,2.004,1.794
8527,45,2.586,2.595,2.669
8530,45,3.157,3.016,5.000
8531,45,3.294,3.138,5.000
8533,45,3.143,3.030,5.000
8535,45,3.148,3.006,5.000
8536,45,3.040,2.937,5.000
8538,45,2.889,2.801,4.492
8539,45,1.716,1.686,1.618
8541,45,0.978,0.958,0.821
8542,45,0.738,0.728,0.674
8544,45,0.919,0.929,0.816
8549,44,3.143,2.977,4.927
8551,44,3.226,3.109,5.000
8552,44,3.172,3.055,5.000
8554,44,3.143,3.040,5.000
8556,44,3.045,2.893,5.000
8560,44,1.530,1.442,1.364
8561,44,0.704,0.718,0.645
8563,44,1.056,1.046,0.924
8565,44,1.354,1.388,1.329
8566,44,2.111,2.111,2.058
8572,45,3.221,3.065,5.000
8574,45,3.123,2.991,5.000
8576,45,3.045,2.933,5.000
8577,45,2.981,2.791,4.878
8579,45,2.283,2.273,2.268
8580,45,1.701,1.725,1.608
8582,45,0.870,0.836,0.792
8583,45,0.953,1.017,0.982
8585,45,1.188,1.168,1.149
8587,45,2.014,2.028,2.033
8588,45,2.791,2.766,2.952
8590,45,3.123,2.981,4.907
8595,44,3.079,2.957,5.000
8597,44,2.967,2.849,4.907
8601,44,0.880,0.919,0.846
8602,44,1.022,0.958,0.929
8604,44,1.056,1.056,0.953
8618,45,2.693,2.571,3.871
8622,45,0.782,0.802,0.679
8624,45,1.002,1.022,0.880
8625,45,1.496,1.461,1.305
8627,45,2.072,2.063,2.023
8628,45,2.923,2.854,3.343
8630,45,3.123,3.006,4.946
8632,45,3.221,3.084,5.000
8633,45,3.109,3.006,5.000
8635,45,3.089,2.962,5.000
8640,47,1.642,1.603,1.535
8642,47,0.836,0.782,0.714
8643,47,1.080,1.085,1.017
8645,47,1.153,1.197,1.227
8646,47,2.014,2.067,2.048
8648,47,2.796,2.810,3.065
8652,47,3.148,3.025,5.000
8654,47,3.128,2.991,5.000
8655,47,3.118,2.928,5.000
8658,47,2.859,2.713,4.428
8663,44,0.890,0.899,0.885
8665,44,0.987,0.992,0.934
8666,44,1.867,1.862,1.813
8668,44,2.326,2.341,2.390
8669,44,3.104,2.986,4.707
8671,44,3.211,3.079,5.000
8672,44,3.138,3.006,5.000
8674,44,3.162,3.001,5.000
8676,44,3.011,2.825,5.000
8677,44,2.859,2.717,4.472
8679,44,1.818,1.779,1.760
8684,44,1.002,1.026,0.953
8686,44,1.808,1.823,1.794
8687,44,2.341,2.390,2.400
8689,44,3.060,2.947,4.629
8693,44,3.123,2.991,5.000
8695,44,3.094,2.947,5.000
8696,44,2.933,2.757,4.809
8699,44,2.317,2.322,2.380
8700,44,1.706,1.681,1.628
8702,44,0.821,0.860,0.797
8707,43,2.146,2.126,2.126
8709,43,3.045,2.967,4.189
8710,43,3.206,3.074,5.000
8712,43,3.187,3.065,5.000
8714,43,3.157,2.996,5.000
8715,43,3.089,2.903,5.000
8717,43,2.928,2.840,4.907
8718,43,2.322,2.341,2.429
8720,43,1.799,1.720,1.681
8721,43,0.831,0.787,0.792
8723,43,0.973,0.992,0.953
8725,43,1.139,1.222,1.124
8730,42,3.172,3.089,5.000
8734,42,3.055,2.933,5.000
8736,42,3.006,2.840,4.990
8737,42,2.644,2.537,3.778
8739,42,1.804,1.833,1.808
8740,42,0.982,1.061,0.860
8743,42,0.938,0.943,0.929
8745,42,1.041,1.046,0.968
8746,42,1.843,1.852,1.808
8748,42,2.263,2.302,2.312
8753,45,3.152,3.035,5.000
8755,45,3.138,3.006,5.000
8756,45,2.991,2.825,5.000
8758,45,2.776,2.674,4.135
8759,45,1.808,1.808,1.750
8761,45,1.105,1.056,1.022
8762,45,0.992,0.982,0.914
8764,45,1.046,1.051,0.987
8765,45,1.799,1.740,1.662
8767,45,2.234,2.258,2.224
8775,45,3.045,2.933,5.000
8777,45,2.957,2.791,4.624
8778,45,1.940,1.896,1.857
8780,45,1.530,1.544,1.486
8781,45,0.929,0.929,0.870
8783,45,1.095,1.085,0.997
8786,45,1.461,1.457,1.354
8787,45,2.136,2.146,2.077
8789,45,2.884,2.869,3.548
8790,45,3.123,2.996,4.932
8792,45,3.231,3.089,5.000
8793,45,3.113,2.991,5.000
8799,45,2.087,2.111,1.994
8800,45,1.588,1.579,1.496
8802,45,0.899,0.909,0.806
8803,45,1.070,1.061,0.968
8805,45,1.393,1.500,1.437
8807,45,2.141,2.126,2.102
8808,45,2.884,2.879,3.304
8812,45,3.226,3.011,5.000
8814,45,3.133,2.986,5.000
8816,45,3.006,2.874,5.000
8821,44,0.826,0.797,0.733
8822,44,0.919,0.919,0.850
8824,44,1.012,1.056,1.022
8825,44,1.857,1.896,1.794
8828,44,2.400,2.449,2.405
8837,44,2.874,2.761,4.531
8845,46,1.432,1.442,1.417
8847,46,2.141,2.107,2.048
8848,46,2.981,2.952,3.807
8850,46,3.187,3.094,5.000
8851,46,3.211,3.084,5.000
8853,46,3.065,2.669,4.936
8855,46,3.099,2.952,5.000
8856,46,2.986,2.854,5.000
8858,46,2.419,2.400,2.986
8859,46,1.843,1.813,1.745
8867,46,2.737,2.717,2.967
8870,46,3.055,2.977,4.878
8872,46,3.236,3.133,5.000
8873,46,3.152,3.035,5.000
8875,46,3.113,2.962,5.000
8876,46,2.957,2.864,5.000
8878,46,2.698,2.576,4.135
8879,46,1.818,1.813,1.745
8881,46,0.811,0.865,0.758
8883,46,0.772,0.767,0.704
8888,45,2.703,2.713,2.801
8889,45,3.118,2.996,4.941
8891,45,3.250,3.143,5.000
8893,45,3.143,3.040,5.000
8894,45,3.128,3.006,5.000
8896,45,2.981,2.820,5.000
8897,45,2.757,2.625,4.350
8899,45,1.740,1.760,1.662
8900,45,0.914,0.870,0.787
8905,45,1.339,1.466,1.535
8910,45,3.260,3.167,5.000
8913,45,3.177,3.050,5.000
8914,45,3.128,3.001,5.000
8916,45,3.021,2.957,5.000
8917,45,2.889,2.771,4.873
8919,45,1.877,1.838,1.808
8920,45,1.388,1.408,1.305
8922,45,0.591,0.606,0.562
8924,45,0.919,0.890,0.787
8925,45,1.271,1.281,1.207
8927,45,2.190,1.877,2.121
8928,45,2.947,2.898,3.441
8934,44,3.123,2.962,5.000
8935,44,3.069,2.933,5.000
8937,44,2.923,2.820,4.888
8938,44,2.048,1.999,1.872
8940,44,1.466,1.422,1.344
8941,44,0.655,0.670,0.567
8946,44,1.896,1.901,1.838
8947,44,2.522,2.561,2.595
8949,44,3.094,2.972,4.888
8950,44,3.294,3.201,5.000
8957,47,2.981,2.869,5.000
8958,47,2.419,2.380,3.211
8960,47,1.799,1.818,1.701
8961,47,0.674,0.640,0.528
8963,47,0.762,0.743,0.709
8965,47,0.899,0.890,0.860
8966,47,1.808,1.779,1.808
8968,47,2.429,2.429,2.449
8969,47,3.152,3.016,4.853
8971,47,3.275,3.172,5.000
8972,47,3.182,3.055,5.000
8974,47,3.138,3.006,5.000
8979,47,1.799,1.818,1.740
8981,47,0.767,0.699,0.684
8982,47,0.743,0.772,0.689
8987,47,2.175,2.199,2.180
8988,47,3.182,3.065,4.433
8990,47,3.245,3.118,5.000
8991,47,3.226,3.118,5.000
8993,47,3.157,3.021,5.000
8995,47,3.065,2.962,5.000
8996,47,2.913,2.786,4.844
9002,47,0.782,0.782,0.709
9004,47,0.938,0.943,0.855
9006,47,1.544,1.544,1.437
9007,47,2.151,2.180,2.151
9009,47,3.187,3.104,4.257
9010,47,3.211,3.089,5.000
9012,47,3.201,3.099,5.000
9013,47,3.133,3.045,5.000
9015,47,3.040,2.928,5.000
9017,47,2.962,2.810,4.922
9018,47,2.297,2.263,2.507
9023,44,0.904,0.914,0.777
9028,44,2.898,2.898,3.260
9029,44,3.148,3.030,5.000
9031,44,3.265,3.187,5.000
9033,44,3.143,3.055,5.000
9034,44,3.094,2.977,5.000
9036,44,2.996,2.913,5.000
9037,44,2.571,2.458,3.675
9039,44,1.774,1.725,1.628
9041,44,0.689,0.645,0.533
9047,48,1.950,2.028,1.999
9048,48,2.859,2.879,3.260
9050,48,3.162,3.079,5.000
9051,48,3.270,3.162,5.000
9061,48,0.543,0.543,0.411
9069,46,3.270,3.187,4.878
9070,46,3.275,3.211,5.000
9072,46,3.187,3.109,5.000
9073,46,3.113,2.986,5.000
9075,46,2.981,2.825,5.000
9079,46,1.598,1.593,1.491
9081,46,0.327,0.337,0.264
9083,46,0.587,0.552,0.464
9085,46,0.767,0.802,0.748
9086,46,1.877,1.867,1.808
9092,46,3.240,3.148,5.000
9093,46,3.187,3.074,5.000
9095,46,3.079,2.996,5.000
9096,46,2.986,2.869,5.000
9098,46,2.346,2.312,3.123
9100,46,1.564,1.530,1.408
9101,46,0.225,0.176,0.132
9103,46,0.415,0.371,0.308
9104,46,0.533,0.469,0.474
9106,46,1.584,1.662,1.598
9107,46,2.380,2.395,2.429
9109,46,3.265,3.084,5.000
9114,46,3.084,2.947,5.000
9116,46,3.040,2.879,5.000
9120,46,0.587,0.479,0.489
9122,46,0.347,0.249,0.210
9123,46,0.533,0.450,0.455
9126,46,1.500,1.408,1.378
9127,46,2.214,2.009,2.077
9129,46,3.456,3.294,4.941
9130,46,3.397,3.162,5.000
9132,46,3.416,3.187,5.000
9137,45,2.991,2.703,4.844
9139,45,1.598,1.369,1.505
9140,45,0.890,0.699,0.718
9142,45,0.396,0.186,0.362
9144,45,0.660,0.503,0.587
9145,45,1.378,1.246,1.393
9147,45,2.204,1.965,2.028
9148,45,3.480,3.284,4.653
9150,45,3.416,3.123,5.000
9151,45,3.446,3.162,5.000
9153,45,3.299,2.981,5.000
9161,47,0.367,0.205,0.259
9163,47,0.523,0.376,0.499
9164,47,0.797,0.640,0.728
9166,47,1.994,1.896,1.935
9167,47,3.006,2.859,3.172
9170,47,3.294,3.050,5.000
9171,47,3.436,3.240,5.000
9173,47,3.319,3.143,5.000
9175,47,3.211,3.050,5.000
9176,47,3.094,2.879,5.000
9178,47,2.766,2.571,4.150
9183,42,0.347,0.332,0.254
9185,42,0.626,0.626,0.562
9186,42,1.784,1.769,1.735
9188,42,2.727,2.732,2.889
9189,42,3.109,3.045,5.000
9191,42,3.314,3.211,5.000
9192,42,3.162,3.084,5.000
9194,42,3.152,3.021,5.000
9211,43,3.133,3.206,5.000
9213,43,3.025,3.045,5.000
9214,43,3.040,3.060,5.000
9216,43,2.805,2.879,5.000
9217,43,2.698,2.727,4.878
9219,43,1.334,1.515,1.442
9220,43,0.802,0.992,0.850
9222,43,0.176,0.293,0.288
9227,43,1.999,2.263,2.239
9229,43,2.952,3.118,5.000
9230,43,2.996,3.123,5.000
9232,43,2.835,3.040,5.000
9234,43,2.766,2.991,5.000
9235,43,2.615,2.805,4.932
9237,43,2.561,2.752,4.878
9238,43,1.227,1.588,1.496
9240,43,0.758,1.134,0.982
9241,43,0.000,0.381,0.308
9249,43,2.776,3.065,5.000
9251,43,2.766,3.084,5.000
9254,43,2.678,2.923,5.000
9255,43,2.669,2.903,5.000
9257,43,2.571,2.801,4.927
9258,43,1.960,2.326,2.722
9260,43,1.217,1.637,1.598
9261,43,0.024,0.425,0.371
9263,43,0.298,0.753,0.591
9265,43,0.450,0.865,0.802
9266,43,1.447,1.774,1.701
9268,43,2.087,2.468,2.537
9273,48,2.898,3.016,5.000
9275,48,2.820,2.908,4.995
9276,48,2.713,2.840,4.853
9278,48,2.234,2.361,3.094
9279,48,1.530,1.750,1.657
9281,48,0.371,0.552,0.430
9282,48,0.479,0.679,0.606
9299,50,1.442,1.457,1.344
9303,50,0.279,0.313,0.239
9305,50,0.562,0.577,0.469
9306,50,1.818,1.755,1.691
9308,50,2.742,2.791,2.996
9309,50,3.162,3.025,5.000
9311,50,3.363,3.231,5.000
9313,50,3.270,3.069,5.000
9318,51,2.253,2.190,2.615
9320,51,1.442,1.295,1.325
9321,51,0.000,0.000,0.000
9322,51,0.210,0.132,0.064
9324,51,0.313,0.303,0.274
9326,51,1.530,1.525,1.544
9327,51,2.346,2.322,2.414
9329,51,3.397,3.162,5.000
9330,51,3.553,3.265,5.000
9332,51,3.421,3.148,5.000
9333,51,3.412,3.094,5.000
9342,52,0.112,0.000,0.020
9344,52,0.367,0.000,0.220
9345,52,1.329,0.875,1.090
9347,52,2.341,1.828,2.185
9349,52,3.944,3.407,5.000
9350,52,3.856,3.231,5.000
9352,52,3.974,3.206,5.000
9353,52,3.827,3.113,5.000
9355,52,3.749,3.045,5.000
9356,52,3.768,2.854,5.000
9358,52,2.224,1.207,2.023
9363,48,0.870,0.000,0.718
9365,48,1.212,0.210,1.344
9366,48,2.869,1.657,2.727
9368,48,4.761,3.456,5.000
9370,48,4.761,3.470,5.000
9371,48,4.873,3.558,5.000
9373,48,4.648,3.231,5.000
9374,48,4.638,3.143,5.000
9379,48,1.354,0.000,1.290
9380,48,1.349,0.000,1.095
9386,42,2.058,0.547,2.023
9388,42,4.291,3.060,4.809
9389,42,4.917,3.299,5.000
9391,42,5.000,3.631,5.000
9393,42,4.853,3.363,5.000
9394,42,4.800,3.304,5.000
9396,42,4.286,2.874,5.000
9397,42,4.120,2.776,4.853
9399,42,0.934,0.000,0.806
9400,42,0.904,0.000,0.621
9402,42,0.797,0.000,0.582
9403,42,0.660,0.000,0.562
9409,35,4.159,3.534,5.000
9410,35,4.213,3.719,5.000
9412,35,3.768,3.387,5.000
9413,35,3.534,3.221,5.000
9415,35,3.138,3.089,5.000
9419,35,0.000,0.000,0.000
9421,35,0.000,0.000,0.000
9422,35,0.000,0.024,0.000
9425,35,0.000,0.210,0.103
9426,35,0.000,0.352,0.225
9431,25,2.791,3.631,5.000
9433,25,2.434,3.353,5.000
9434,25,2.214,3.143,5.000
9436,25,1.877,2.854,5.000
9438,25,1.339,2.331,3.974
9439,25,0.000,1.153,0.890
9441,25,0.000,1.232,1.173
9442,25,0.000,1.344,1.207
9444,25,0.000,1.398,1.276
9445,25,0.000,1.447,1.344
9447,25,0.000,1.569,1.593
9448,25,1.804,3.338,5.000
9453,30,1.403,2.898,5.000
9455,30,1.119,2.752,4.457
9459,30,0.000,1.598,1.461
9461,30,0.000,1.515,1.383
9462,30,0.000,1.437,1.354
9464,30,0.000,1.403,1.290
9465,30,0.000,1.427,1.320
9468,30,0.464,1.921,2.023
9469,30,1.720,2.879,4.179
9471,30,2.063,3.133,5.000
9476,44,1.681,2.498,3.240
9478,44,0.626,1.310,1.153
9479,44,0.000,0.601,0.547
9481,44,0.000,0.215,0.103
9482,44,0.000,0.181,0.044
9484,44,0.000,0.215,0.132
9485,44,0.982,1.207,1.100
9487,44,1.559,1.745,1.681
9488,44,2.820,2.918,3.245
9490,44,2.972,2.933,3.724
9492,44,3.182,2.967,4.853
9500,52,0.855,0.645,0.743
9501,52,0.455,0.254,0.381
9503,52,0.777,0.518,0.582
9504,52,1.158,0.904,1.007
9506,52,1.994,1.535,1.588
9516,52,2.468,2.468,2.551
9524,58,0.499,0.679,0.616
9526,58,1.207,1.354,1.276
9527,58,1.637,1.799,1.745
9529,58,2.581,2.781,2.830
9530,58,2.849,2.996,3.519
9532,58,2.786,2.893,4.150
9534,58,2.703,2.805,3.910
9535,58,2.419,2.605,3.157
9537,58,2.038,2.185,2.082
9538,58,0.811,0.997,0.890
9544,59,0.611,0.587,0.582
9545,59,1.383,1.359,1.266
9547,59,1.838,1.764,1.789
9551,59,3.231,2.977,4.404
9554,59,3.069,2.732,4.135
9555,59,3.148,2.674,3.734
9557,59,2.727,2.351,2.595
9558,59,1.676,1.046,1.554
9560,59,1.540,0.826,1.500
9561,59,0.694,0.000,0.528
9567,56,2.444,1.403,2.410
9568,56,3.827,2.693,3.861
9570,56,3.886,2.747,4.032
9571,56,4.428,3.030,5.000
9573,56,4.384,2.923,4.951
9575,56,4.326,2.893,4.990
9576,56,3.856,2.239,3.754
9578,56,2.346,0.655,2.107
9579,56,2.038,0.362,1.916
9581,56,1.466,0.000,1.300
9582,56,1.520,0.000,1.373
9584,56,1.549,0.000,1.378
9592,44,5.000,3.456,5.000
9593,44,5.000,3.324,5.000
9596,44,4.712,3.084,5.000
9598,44,4.326,2.849,5.000
9599,44,1.202,0.000,1.022
9601,44,1.173,0.000,1.051
9602,44,1.109,0.000,0.968
9604,44,0.909,0.000,0.787
9605,44,1.378,0.455,1.364
9607,44,2.185,1.149,1.950
9612,36,4.125,3.465,5.000
9613,36,3.759,3.309,5.000
9615,36,3.446,2.981,5.000
9617,36,3.211,2.810,4.790
9618,36,0.000,0.000,0.000
9620,36,0.000,0.000,0.000
9621,36,0.000,0.000,0.000
9622,36,0.000,0.000,0.000
9624,36,0.000,0.000,0.000
9628,36,3.309,3.759,5.000
9630,36,2.996,3.597,5.000
9635,27,2.405,3.118,5.000
9636,27,1.906,2.786,5.000
9639,27,0.000,0.738,0.640
9640,27,0.000,0.904,0.831
9642,27,0.000,0.924,0.841
9643,27,0.000,0.973,0.875
9645,27,0.068,1.369,1.325
9647,27,0.000,1.168,1.105
9648,27,2.546,3.715,5.000
9650,27,2.102,3.377,5.000
9651,27,2.414,3.739,5.000
9653,27,2.033,3.314,5.000
9658,33,0.000,1.315,1.256
9660,33,0.000,1.329,1.153
9661,33,0.000,1.295,1.178
9663,33,0.000,1.227,1.114
9664,33,0.000,1.237,1.139
9668,33,2.576,3.768,5.000
9670,33,2.600,3.778,5.000
9671,33,2.473,3.553,5.000
9673,33,2.214,3.245,5.000
9675,33,2.053,2.981,5.000
9681,42,0.000,0.660,0.420
9682,42,0.000,0.572,0.401
9684,42,0.000,0.435,0.347
9685,42,0.000,0.635,0.547
9687,42,0.313,0.880,0.787
9688,42,3.602,3.891,5.000
9690,42,3.319,3.661,5.000
9692,42,3.397,3.671,5.000
9693,42,3.138,3.324,5.000
9695,42,3.074,3.148,5.000
9696,42,2.644,2.820,5.000
9698,42,0.616,0.635,0.523
9703,50,0.000,0.000,0.000
9705,50,0.274,0.308,0.474
9709,50,4.511,4.448,4.516
9710,50,5.000,5.000,5.000
9712,50,5.000,5.000,5.000
9714,50,5.000,5.000,5.000
9715,50,4.526,4.604,4.565
9717,50,3.084,3.192,3.245
9718,50,0.215,0.103,0.279
9720,50,0.000,0.000,0.000
9726,54,0.875,0.958,1.007
9727,54,1.975,2.087,2.155
9737,54,2.801,2.644,4.770
9741,54,0.000,0.000,0.000
9742,54,0.000,0.000,0.000
9747,59,3.475,3.539,3.905
9749,59,3.783,3.524,5.000
9751,59,4.213,3.925,5.000
9752,59,3.964,3.470,5.000
9754,59,3.900,3.431,5.000
9755,59,3.475,2.903,5.000
9760,59,0.303,0.000,0.142
9761,59,0.415,0.000,0.215
9763,59,0.523,0.000,0.420
9764,59,0.762,0.000,0.684
9767,59,1.598,0.728,1.735
9772,48,4.897,3.597,5.000
9773,48,4.712,3.338,5.000
9775,48,4.497,3.094,5.000
9777,48,4.306,2.796,5.000
9778,48,1.329,0.000,1.109
9780,48,1.461,0.000,1.202
9781,48,1.432,0.000,1.202
9783,48,1.540,0.000,1.403
9784,48,1.584,0.000,1.369
9786,48,2.063,0.181,1.750
9787,48,4.223,2.664,4.482
9793,42,5.000,3.426,5.000
9794,42,4.990,3.206,5.000
9796,42,4.521,2.957,5.000
9800,42,1.383,0.000,1.119
9801,42,1.207,0.000,1.100
9803,42,1.124,0.000,0.953
9804,42,1.246,0.186,1.437
9806,42,2.185,1.090,2.087
9809,42,4.878,3.905,5.000
9810,42,4.585,3.583,5.000
9815,36,3.451,3.011,5.000
9817,36,3.270,2.810,5.000
9819,36,0.000,0.000,0.000
9820,36,0.000,0.000,0.000
9821,36,0.000,0.000,0.000
9823,36,0.000,0.000,0.000
9824,36,0.000,0.000,0.000
9826,36,0.000,0.166,0.103
9827,36,1.344,2.014,1.887
9829,36,3.079,3.592,5.000
9830,36,3.231,3.827,5.000
9832,36,2.815,3.524,5.000
9840,25,0.000,1.207,1.065
9841,25,0.000,1.320,1.168
9843,25,0.000,1.325,1.183
9844,25,0.000,1.520,1.305
9846,25,0.000,1.632,1.598
9847,25,2.268,3.905,5.000
9849,25,1.764,3.392,5.000
9852,25,2.009,3.666,5.000
9853,25,1.681,3.319,5.000
9855,25,1.403,3.182,5.000
9856,25,1.085,2.849,5.000
9862,34,0.000,1.691,1.491
9863,34,0.000,1.652,1.486
9865,34,0.000,1.632,1.447
9866,34,0.000,1.510,1.574
9868,34,1.921,3.539,3.871
9869,34,2.028,3.221,5.000
9871,34,2.488,3.773,5.000
9872,34,2.160,3.328,5.000
9888,45,3.612,3.651,5.000
9890,45,4.013,3.891,5.000
9891,45,3.333,3.079,5.000
9894,45,3.240,3.050,5.000
9896,45,3.118,2.913,5.000
9897,45,2.522,2.185,3.157
9899,45,0.000,0.000,0.000
9900,45,0.000,0.000,0.000
9902,45,0.000,0.000,0.000
9907,51,1.706,1.520,1.745
9908,51,3.587,3.441,4.604
9910,51,3.431,3.206,5.000
9911,51,3.338,3.157,5.000
9913,51,3.040,2.947,5.000
9915,51,2.908,2.849,4.971
9916,51,2.385,2.454,3.333
9918,51,0.455,0.591,0.430
9919,51,0.371,0.547,0.479
9921,51,0.000,0.000,0.000
9929,57,2.908,3.148,4.780
9930,57,3.284,3.363,5.000
9932,57,2.957,3.025,5.000
9933,57,2.884,3.006,4.980
9935,57,2.659,2.727,4.697
9938,57,2.102,2.126,2.214
9939,57,0.000,0.117,0.088
9941,57,0.000,0.000,0.000
9942,57,0.000,0.000,0.000
9944,57,0.000,0.000,0.000
9945,57,0.073,0.112,0.303
9946,57,1.588,1.500,1.593
9952,58,4.150,3.617,5.000
9953,58,3.930,3.275,5.000
9955,58,3.705,2.869,5.000
9964,58,1.281,0.000,0.743
9968,58,5.000,3.705,5.000
9974,51,4.844,3.240,5.000
9975,51,4.457,2.830,5.000
9980,51,1.584,0.000,1.393
9982,51,1.481,0.000,1.334
9983,51,1.598,0.000,1.344
9985,51,2.263,0.440,1.960
9987,51,2.776,1.100,2.879
9988,51,5.000,3.407,5.000
9990,51,5.000,3.319,5.000
9991,51,5.000,3.465,5.000
9997,40,4.409,2.708,5.000
9998,40,1.295,0.000,1.183
10000,40,1.246,0.000,1.056
10001,40,1.134,0.000,0.909
10003,40,1.026,0.000,0.772
10004,40,0.821,0.000,0.743
10006,40,1.652,0.630,1.500
10007,40,4.800,3.842,5.000
10009,40,4.282,3.456,5.000
10011,40,4.482,3.920,5.000
10012,40,3.925,3.436,5.000
10054,27,1.593,3.055,5.000
10056,27,1.334,2.674,4.985
10057,27,0.000,1.525,1.466
10059,27,0.000,1.491,1.354
10065,35,0.083,1.593,1.735
10067,35,0.000,1.383,1.095
10068,35,2.620,3.842,5.000
10070,35,2.248,3.416,5.000
10072,35,2.498,3.475,5.000
10073,35,2.199,3.157,5.000
10075,35,1.740,2.512,5.000
10076,35,1.774,2.370,4.497
10078,35,0.000,0.645,0.508
10080,35,0.000,0.533,0.269
10081,35,0.000,0.435,0.332
10083,35,0.000,0.313,0.249
10088,47,2.801,3.060,3.617
10089,47,2.630,2.967,4.218
10094,47,2.830,2.849,4.883
10095,47,2.414,2.449,3.284
10097,47,1.500,1.554,1.398
10099,47,0.758,0.850,0.806
10100,47,0.000,0.000,0.000
10102,47,0.083,0.161,0.039
10103,47,0.220,0.254,0.137
10105,47,1.349,1.300,1.217
10111,50,3.250,3.128,4.902
10113,50,3.060,2.947,4.712
10114,50,2.928,2.786,4.262
10116,50,2.561,2.429,2.796
10118,50,1.662,1.579,1.588
10119,50,1.178,1.212,1.163
10121,50,0.381,0.337,0.357
10122,50,0.577,0.611,0.523
10124,50,0.748,0.762,0.704
10126,50,1.525,1.559,1.510
10134,54,2.967,2.835,4.506
10135,54,2.556,2.537,3.172
10137,54,2.028,2.028,1.940
10138,54,1.036,1.046,0.973
10140,54,0.352,0.347,0.244
10142,54,0.513,0.489,0.371
10143,54,0.660,0.665,0.606
10145,54,1.486,1.457,1.373
10146,54,2.023,1.911,1.911
10148,54,3.065,2.913,3.456
10151,54,3.338,3.201,4.501
10156,56,2.683,2.532,3.353
10158,56,1.760,1.564,1.593
10159,56,1.046,0.875,0.997
10161,56,0.000,0.000,0.000
10162,56,0.283,0.044,0.156
10164,56,0.459,0.186,0.357
10165,56,1.549,1.168,1.481
10170,56,3.514,3.123,4.326
10171,56,3.661,3.089,5.000
10173,56,3.656,3.040,5.000
10178,55,0.855,0.073,0.718
10180,55,0.513,0.000,0.415
10181,55,0.630,0.000,0.528
10183,55,0.860,0.000,0.699
10184,55,1.745,0.635,1.637
10186,55,2.615,1.486,2.478
10188,55,4.497,3.426,5.000
10189,55,4.477,3.187,5.000
10191,55,4.433,3.104,5.000
10194,55,4.443,3.084,5.000
10195,55,4.350,2.869,5.000
10200,47,1.378,0.000,1.359
10202,47,1.383,0.000,1.329
10204,47,1.442,0.000,1.232
10205,47,1.921,0.054,1.584
10207,47,2.942,1.383,2.908
10211,47,5.000,3.500,5.000
10213,47,5.000,3.382,5.000
10214,47,4.844,3.123,5.000
10216,47,4.394,2.747,5.000
10229,38,4.355,3.519,5.000
10233,38,3.915,3.328,5.000
10236,38,3.299,2.854,5.000
10237,38,2.918,2.737,4.956
10239,38,0.000,0.000,0.000
10240,38,0.000,0.000,0.000
10246,25,0.000,0.205,0.274
10247,25,1.061,1.662,1.569
10249,25,3.104,3.597,5.000
10250,25,2.742,3.451,5.000
10252,25,2.390,3.162,5.000
10254,25,2.111,2.991,5.000
10255,25,1.999,2.727,4.770
10257,25,1.080,2.185,2.625
10261,25,0.000,1.285,1.129
10263,25,0.000,1.354,1.261
10268,30,1.579,3.162,4.218
10270,30,1.417,3.011,4.673
10271,30,1.457,2.962,5.000
10273,30,1.188,2.796,4.809
10274,30,0.943,2.620,3.783
10276,30,0.288,2.072,2.190
10279,30,0.000,1.706,1.569
10280,30,0.000,1.657,1.525
10282,30,0.000,1.618,1.471
10283,30,0.000,1.569,1.466
10285,30,0.000,1.623,1.525
10286,30,0.044,1.628,1.598
10292,35,1.618,2.845,4.022
10293,35,1.554,2.698,3.617
10295,35,1.452,2.532,2.830
10296,35,1.100,2.038,1.989
10301,35,0.000,0.464,0.435
10302,35,0.059,0.684,0.606
10304,35,0.323,0.875,0.787
10305,35,1.168,1.584,1.500
10307,35,1.716,2.072,2.028
10309,35,2.268,2.502,2.454
10314,50,2.586,2.561,2.644
10316,50,2.131,2.063,2.028
10317,50,1.403,1.266,1.290
10319,50,1.325,1.197,1.281
10321,50,0.762,0.567,0.699
10323,50,1.012,0.860,0.943
10325,50,1.188,1.012,1.085
10326,50,1.769,1.613,1.686
10328,50,2.273,2.165,2.283
10329,50,2.512,2.395,2.498
10331,50,2.962,2.825,3.275
10336,55,2.043,2.033,1.994
10338,55,1.173,1.178,1.095
10342,55,0.797,0.890,0.811
10344,55,0.914,0.997,0.943
10345,55,1.452,1.632,1.554
10347,55,1.857,1.999,1.970
10349,55,2.287,2.434,2.405
10350,55,2.717,2.849,3.104
10352,55,2.576,2.708,2.962
10354,55,2.498,2.634,2.669
10359,63,1.183,1.271,1.183
10360,63,0.596,0.626,0.587
10363,63,0.865,0.885,0.802
10365,63,1.070,1.036,0.992
10366,63,1.691,1.588,1.588
10368,63,2.283,2.136,2.243
10369,63,2.561,2.375,2.517
10371,63,3.094,2.815,3.358
10373,63,2.991,2.674,3.069
10374,63,2.879,2.463,2.835
10382,59,1.393,0.567,1.310
10384,59,1.588,0.679,1.476
10386,59,2.283,1.344,2.185
10387,59,2.849,1.774,2.805
10389,59,3.372,2.165,3.231
10390,59,4.042,2.796,3.983
10392,59,3.905,2.556,3.837
10394,59,3.783,2.366,3.661
10395,59,3.392,1.838,3.221
10397,59,2.874,1.178,2.654
10399,59,2.414,0.704,2.283
10404,49,2.317,0.459,2.199
10406,49,3.094,1.158,2.957
10408,49,3.925,1.989,3.837
10410,49,4.057,2.077,3.939
10411,49,4.677,2.801,4.624
10413,49,4.413,2.463,4.247
10415,49,4.145,2.258,4.052
10419,49,2.307,0.538,2.224
10421,49,1.598,0.000,1.413
10422,49,1.696,0.064,1.540
10427,38,3.309,2.141,3.270
10429,38,3.558,2.551,3.475
10431,38,3.988,3.109,4.736
10432,38,3.651,2.854,4.370
10434,38,3.368,2.796,4.013
10436,38,2.805,2.341,2.732
10437,38,1.652,1.369,1.491
10439,38,1.153,0.968,1.007
10440,38,0.000,0.049,0.000
10442,38,0.186,0.337,0.166
10456,27,1.413,2.493,2.576
10460,27,0.000,1.232,1.075
10461,27,0.000,1.320,1.197
10463,27,0.000,1.413,1.300
10465,27,0.000,1.569,1.476
10473,26,1.061,2.742,4.003
10474,26,0.865,2.654,3.500
10476,26,0.308,2.126,2.214
10477,26,0.000,1.760,1.662
10479,26,0.000,1.745,1.647
10481,26,0.000,1.676,1.569
10482,26,0.000,1.676,1.549
10484,26,0.000,1.564,1.486
10485,26,0.000,1.632,1.618
10487,26,0.308,1.935,1.960
10488,26,1.105,2.532,2.625
10495,41,1.496,2.556,2.786
10496,41,1.090,2.082,2.087
10498,41,0.440,1.339,1.266
10499,41,0.396,1.207,1.163
10501,41,0.000,0.655,0.547
10503,41,0.288,0.890,0.787
10504,41,0.538,1.041,0.997
10506,41,1.188,1.559,1.510
10510,41,2.507,2.615,2.644
10512,41,2.556,2.630,2.683
10517,53,1.794,1.725,1.686
10519,53,1.393,1.310,1.339
10520,53,0.997,0.890,0.875
10522,53,1.085,1.002,1.017
10523,53,1.139,1.051,1.056
10525,53,1.598,1.525,1.554
10527,53,1.838,1.750,1.769
10528,53,2.405,2.326,2.341
10530,53,2.630,2.595,2.615
10531,53,2.586,2.551,2.532
10534,53,2.463,2.493,2.463
10539,52,1.427,1.491,1.413
10541,52,0.948,0.997,0.909
10543,52,1.056,1.153,1.065
10544,52,1.119,1.207,1.129
10546,52,1.559,1.662,1.584
10550,52,2.419,2.502,2.498
10552,52,2.488,2.566,2.537
10553,52,2.395,2.429,2.380
10555,52,2.190,2.160,2.107
10557,52,1.935,1.935,1.882
10562,59,1.178,0.987,1.075
10563,59,1.261,1.007,1.153
10565,59,1.784,1.461,1.681
10567,59,2.038,1.662,1.935
10568,59,2.708,2.234,2.620
10570,59,2.996,2.449,2.962
10571,59,3.050,2.380,2.991
10573,59,3.030,2.258,2.967
10575,59,2.747,1.877,2.674
10577,59,2.600,1.559,2.463
10579,59,2.028,0.885,1.906
10581,59,1.862,0.621,1.730
10586,48,2.747,1.129,2.659
10598,48,2.634,0.518,2.493
10600,48,2.615,0.528,2.458
10601,48,2.380,0.318,2.243
10607,41,3.192,1.320,3.065
10608,41,3.895,2.121,3.754
10610,41,4.110,2.502,4.042
10612,41,3.974,2.478,3.876
10613,41,3.773,2.390,3.680
10615,41,3.260,1.979,3.133
10616,41,2.805,1.686,2.688
10619,41,1.813,0.865,1.711
10621,41,1.329,0.533,1.173
10622,41,1.178,0.601,1.095
10624,41,1.168,0.714,1.026
10625,41,1.696,1.408,1.574
10631,35,2.752,2.942,3.553
10632,35,2.458,2.801,3.485
10634,35,2.273,2.678,3.162
10636,35,1.657,2.283,2.268
10640,35,0.000,0.811,0.704
10641,35,0.000,0.924,0.826
10643,35,0.000,1.026,0.953
10644,35,0.000,1.310,1.300
10646,35,0.215,1.647,1.598
10648,35,1.051,2.566,2.610
10653,27,1.056,2.688,3.021
10655,27,0.582,2.248,2.375
10656,27,0.137,1.882,1.887
10658,27,0.000,1.725,1.613
10659,27,0.000,1.725,1.613
10662,27,0.000,1.720,1.623
10663,27,0.000,1.720,1.628
10665,27,0.000,1.720,1.711
10666,27,0.000,1.720,1.711
10668,27,0.596,2.307,2.361
10670,27,0.640,2.287,2.380
10675,37,0.836,2.185,2.180
10679,37,0.088,1.271,1.222
10681,37,0.000,0.865,0.777
10682,37,0.000,0.982,0.924
10692,37,2.204,2.488,2.507
10700,48,1.065,1.075,0.982
10701,48,1.056,1.041,0.982
10703,48,1.207,1.173,1.124
10705,48,1.559,1.466,1.461
10707,48,1.750,1.696,1.716
10708,48,2.439,2.375,2.370
10710,48,2.458,2.405,2.429
10712,48,2.620,2.561,2.590
10713,48,2.483,2.405,2.424
10715,48,2.258,2.209,2.160
10720,53,1.061,1.109,1.056
10722,53,1.119,1.144,1.065
10723,53,1.168,1.212,1.129
10725,53,1.559,1.628,1.500
10729,53,2.190,2.287,2.263
10731,53,2.556,2.600,2.576
10733,53,2.297,2.390,2.419
10734,53,2.248,2.263,2.229
10736,53,1.984,1.994,1.921
10737,53,1.427,1.417,1.344
10743,60,1.310,1.193,1.207
10744,60,1.642,1.520,1.535
10747,60,1.843,1.691,1.804
10748,60,2.556,2.322,2.507
10750,60,2.625,2.322,2.576
10752,60,2.820,2.473,2.791
10753,60,2.752,2.312,2.669
10755,60,2.600,2.082,2.502
10757,60,2.405,1.823,2.307
10758,60,1.760,1.085,1.647
10760,60,1.838,1.065,1.740
10761,60,1.652,0.841,1.554
10769,54,3.270,1.984,3.206
10771,54,3.695,2.297,3.583
10773,54,3.553,2.063,3.480
10774,54,3.485,1.867,3.368
10776,54,3.182,1.471,3.069
10778,54,2.595,0.802,2.429
10779,54,2.639,0.777,2.468
10781,54,2.273,0.347,2.111
10782,54,2.546,0.601,2.366
10788,45,3.910,1.877,3.798
10790,45,4.022,2.009,3.959
10792,45,4.154,2.131,4.022
10794,45,3.959,1.999,3.861
10795,45,3.675,1.789,3.578
10797,45,3.368,1.505,3.216
10798,45,2.458,0.689,2.375
10800,45,2.361,0.670,2.170
10802,45,2.082,0.484,1.935
10803,45,2.131,0.714,2.023
10811,35,3.407,2.742,3.387
10813,35,3.118,2.639,3.021
10815,35,2.766,2.424,2.669
10816,35,2.258,2.126,2.180
10818,35,0.973,0.982,0.919
10819,35,0.748,0.929,0.826
10821,35,0.220,0.562,0.459
10823,35,0.259,0.704,0.684
10824,35,0.508,1.100,1.075
10826,35,1.002,1.637,1.579
10827,35,1.896,2.634,2.688
10834,23,1.642,2.781,3.524
10835,23,1.295,2.542,2.674
10837,23,0.557,1.984,1.955
10838,23,0.000,1.422,1.334
10840,23,0.000,1.496,1.388
10842,23,0.000,1.559,1.461
10843,23,0.000,1.647,1.530
10847,23,0.347,2.229,2.322
10849,23,0.543,2.414,2.546
10851,23,1.036,2.859,3.407
10856,30,0.059,1.931,1.945
10858,30,0.000,1.779,1.696
10859,30,0.000,1.720,1.637
10861,30,0.000,1.652,1.540
10862,30,0.000,1.584,1.461
10864,30,0.000,1.486,1.408
10865,30,0.049,1.569,1.530
10867,30,0.528,1.965,2.009
10868,30,0.968,2.234,2.248
10870,30,1.544,2.693,2.796
10872,30,1.530,2.532,2.571
10873,30,1.500,2.366,2.414
10880,47,0.846,1.325,1.222
10881,47,0.499,0.938,0.841
10883,47,0.806,1.085,1.012
10887,47,1.799,1.828,1.769
10889,47,2.258,2.234,2.224
10890,47,2.620,2.498,2.581
10892,47,2.610,2.434,2.566
10894,47,2.595,2.380,2.527
10895,47,2.302,2.058,2.224
10897,47,2.023,1.774,1.935
10902,52,1.300,1.119,1.222
10904,52,1.373,1.217,1.290
10905,52,1.735,1.623,1.667
10907,52,2.028,1.955,1.994
10909,52,2.224,2.185,2.175
10919,52,1.271,1.403,1.320
10927,56,1.525,1.711,1.662
10928,56,2.126,2.302,2.268
10930,56,2.180,2.375,2.351
10932,56,2.336,2.488,2.434
10933,56,2.204,2.356,2.307
10935,56,2.048,2.151,2.116
10939,56,1.403,1.398,1.325
10941,56,1.036,0.973,0.934
10946,59,1.960,1.569,1.887
10948,59,2.620,2.121,2.571
10949,59,2.742,2.111,2.683
10951,59,3.074,2.292,2.972
10953,59,3.021,2.126,2.957
10954,59,2.991,1.916,2.874
10956,59,2.786,1.579,2.678
10957,59,2.268,0.875,2.102
10959,59,2.346,0.831,2.209
10962,59,2.141,0.484,2.028
10963,59,2.380,0.572,2.248
10965,59,2.625,0.738,2.566
10970,47,4.071,1.872,3.983
10972,47,4.189,1.896,4.066
10973,47,4.135,1.769,3.998
10975,47,3.925,1.491,3.749
10979,47,3.069,0.645,2.903
10981,47,2.630,0.244,2.454
10983,47,2.761,0.484,2.634
10984,47,2.849,0.655,2.742
10986,47,3.236,1.109,3.104
10991,39,3.978,2.268,3.866
10993,39,3.734,2.170,3.627
10994,39,3.372,1.984,3.260
10996,39,2.996,1.730,2.859
10998,39,2.082,1.056,1.955
10999,39,1.901,1.022,1.774
11001,39,1.500,0.850,1.417
11003,39,1.481,1.046,1.369
11005,39,1.618,1.383,1.525
11007,39,1.779,1.750,1.696
11008,39,2.219,2.390,2.400
11010,39,2.141,2.444,2.444
11015,25,1.481,2.283,2.273
11019,25,0.000,1.202,1.134
11021,25,0.000,1.188,1.090
11023,25,0.000,1.325,1.251
11024,25,0.000,1.437,1.383
11026,25,0.000,1.569,1.574
11027,25,0.225,1.984,2.028
11029,25,0.455,2.209,2.283
11030,25,0.899,2.722,2.908
11032,25,0.660,2.537,2.703
11037,28,0.000,1.975,1.857
11039,28,0.000,1.984,1.862
11040,28,0.000,1.970,1.838
11042,28,0.000,1.950,1.838
11043,28,0.000,1.906,1.813
11046,28,0.000,1.891,1.823
11048,28,0.020,1.931,1.984
11049,28,0.415,2.195,2.204
11051,28,0.899,2.605,2.752
11055,28,0.567,2.063,2.126
11060,41,0.000,0.963,0.865
11062,41,0.000,1.017,0.924
11063,41,0.181,1.051,1.007
11065,41,0.714,1.457,1.388
11067,41,1.090,1.701,1.647
11068,41,1.730,2.229,2.190
11070,41,2.043,2.444,2.444
11071,41,2.131,2.439,2.439
11073,41,2.146,2.366,2.346
11075,41,1.955,2.116,2.043
11076,41,1.764,1.852,1.804
11082,52,1.168,1.114,1.061
11083,52,1.256,1.202,1.178
11085,52,1.628,1.569,1.564
11086,52,1.867,1.794,1.808
11089,52,2.268,2.185,2.180
11091,52,2.512,2.454,2.493
11092,52,2.473,2.410,2.444
11097,52,1.931,1.916,1.852
11098,52,1.329,1.349,1.266
11100,52,1.285,1.310,1.217
11105,55,1.500,1.530,1.476
11107,55,1.701,1.764,1.706
11108,55,2.170,2.229,2.170
11110,55,2.356,2.424,2.375
11112,55,2.366,2.424,2.395
11113,55,2.287,2.351,2.287
11115,55,2.107,2.136,2.053
11116,55,1.833,1.857,1.818
11118,55,1.334,1.359,1.276
11120,55,1.202,1.193,1.124
11121,55,1.149,1.139,1.090
11123,55,1.276,1.222,1.193
11128,58,2.307,2.160,2.253
11131,58,2.615,2.429,2.586
11132,58,2.605,2.356,2.556
11137,58,2.190,1.833,2.116
11138,58,1.628,1.212,1.549
11151,53,3.143,2.209,3.055
11156,53,2.796,1.696,2.674
11157,53,2.380,1.207,2.219
11159,53,2.239,1.022,2.097
11160,53,1.818,0.552,1.686
11162,53,1.994,0.679,1.833
11164,53,2.136,0.797,2.004
11165,53,2.590,1.232,2.483
11167,53,2.952,1.579,2.859
11172,45,3.441,2.009,3.358
11175,45,3.343,1.877,3.226
11176,45,3.006,1.569,2.884
11178,45,2.405,0.978,2.268
11180,45,2.366,0.934,2.180
11181,45,1.935,0.557,1.789
11183,45,2.067,0.762,1.965
11187,45,2.659,1.549,2.605
11189,45,3.089,2.043,3.030
11190,45,3.402,2.439,3.348
11196,40,2.561,1.891,2.458
11197,40,1.906,1.329,1.764
11199,40,1.681,1.212,1.569
11200,40,1.085,0.714,0.968
11202,40,1.149,0.909,1.065
11204,40,1.163,1.109,1.070
11205,40,1.584,1.608,1.554
11207,40,1.872,1.979,1.945
11208,40,2.165,2.302,2.263
11210,40,2.556,2.776,2.849
11212,40,2.356,2.620,2.649
11218,31,0.787,1.305,1.207
11220,31,0.655,1.232,1.149
11221,31,0.064,0.797,0.714
11223,31,0.191,0.973,0.924
11224,31,0.210,1.105,1.022
11229,31,1.442,2.322,2.317
11230,31,1.701,2.634,2.703
11232,31,1.623,2.590,2.644
11233,31,1.491,2.478,2.537
11235,31,1.051,2.097,2.107
11240,37,0.000,0.963,0.880
11242,37,0.000,1.007,0.934
11243,37,0.000,1.075,1.002
11245,37,0.327,1.505,1.476
11247,37,0.552,1.779,1.735
11248,37,1.114,2.229,2.263
11250,37,1.422,2.537,2.620
11251,37,1.403,2.483,2.527
11253,37,1.285,2.400,2.444
11255,37,0.948,2.063,2.033
11256,37,0.718,1.784,1.755
11259,37,0.196,1.256,1.212
11264,41,0.264,1.178,1.109
11276,41,1.373,1.877,1.823
11278,41,0.850,1.305,1.246
11280,41,0.865,1.281,1.207
11281,41,0.753,1.139,1.065
11286,47,1.525,1.755,1.696
11288,47,2.023,2.204,2.170
11290,47,2.204,2.375,2.361
11291,47,2.239,2.385,2.366
11293,47,2.195,2.331,2.292
11295,47,2.043,2.121,2.077
11296,47,1.848,1.926,1.852
11298,47,1.408,1.496,1.422
11299,47,1.300,1.349,1.266
11302,47,1.276,1.325,1.251
11304,47,1.383,1.408,1.339
11309,51,2.185,2.185,2.151
11310,51,2.405,2.405,2.405
11312,51,2.390,2.380,2.361
11316,51,1.984,1.975,1.935
11318,51,1.530,1.520,1.481
11320,51,1.520,1.486,1.437
11321,51,1.373,1.344,1.310
11323,51,1.447,1.432,1.398
11324,51,1.642,1.623,1.603
11326,51,1.848,1.794,1.769
11331,52,2.454,2.380,2.414
11333,52,2.390,2.326,2.361
11335,52,2.263,2.165,2.185
11336,52,2.038,1.916,1.935
11338,52,1.603,1.491,1.525
11339,52,1.515,1.359,1.383
11341,52,1.471,1.325,1.388
11343,52,1.554,1.403,1.471
11345,52,1.774,1.618,1.735
11347,52,1.940,1.750,1.857
11348,52,2.419,2.224,2.351
11356,53,2.204,1.872,2.146
11358,53,1.711,1.310,1.613
11360,53,1.720,1.295,1.613
11361,53,1.554,1.090,1.466
11363,53,1.662,1.163,1.598
11364,53,1.867,1.349,1.833
11366,53,2.151,1.564,2.092
11368,53,2.669,2.033,2.625
11369,53,2.757,2.077,2.708
11371,53,3.040,2.307,2.947
11376,50,2.532,1.623,2.414
11387,50,2.634,1.325,2.522
11391,50,3.592,2.170,3.534
11392,50,3.558,2.058,3.446
11394,50,3.465,1.940,3.358
11399,42,2.659,1.085,2.556
11401,42,2.224,0.626,2.082
11402,42,2.322,0.787,2.209
11404,42,2.405,0.880,2.278
11408,42,3.231,1.896,3.123
11410,42,3.500,2.248,3.421
11412,42,3.387,2.234,3.299
11413,42,3.231,2.180,3.143
11415,42,2.889,1.916,2.786
11417,42,2.502,1.657,2.390
11422,36,1.486,1.056,1.398
11423,36,1.486,1.207,1.413
11425,36,1.789,1.647,1.711
11427,36,2.028,2.067,2.038
11428,36,2.111,2.234,2.180
11431,36,2.434,2.644,2.664
11433,36,2.195,2.512,2.502
11434,36,1.945,2.366,2.356
11436,36,1.569,2.082,2.019
11437,36,1.036,1.672,1.579
11439,36,0.699,1.452,1.393
11444,27,0.220,1.285,1.217
11449,27,0.924,2.180,2.165
11450,27,1.202,2.502,2.556
11452,27,1.046,2.419,2.473
11453,27,0.875,2.341,2.366
11455,27,0.552,2.058,2.072
11457,27,0.200,1.750,1.725
11458,27,0.000,1.491,1.437
11460,27,0.000,1.496,1.388
11461,27,0.000,1.491,1.417
11467,34,0.220,1.833,1.848
11468,34,0.606,2.111,2.126
11470,34,0.934,2.414,2.458
11471,34,0.919,2.346,2.366
11474,34,0.909,2.253,2.258
11476,34,0.758,2.028,2.014
11477,34,0.621,1.823,1.774
11479,34,0.391,1.525,1.491
11480,34,0.362,1.398,1.329
11485,34,1.554,2.361,2.346
11490,44,2.111,2.566,2.542
11492,44,2.136,2.512,2.498
11493,44,2.204,2.483,2.488
11495,44,2.190,2.395,2.385
11496,44,2.204,2.366,2.346
11498,44,2.170,2.273,2.253
11500,44,2.170,2.209,2.195
11501,44,2.273,2.258,2.263
11503,44,2.331,2.287,2.307
11505,44,2.478,2.395,2.439
11506,44,2.537,2.444,2.493
11512,52,2.639,2.537,2.595
11513,52,2.590,2.488,2.551
11516,52,2.478,2.405,2.454
11517,52,2.380,2.307,2.341
11519,52,2.361,2.317,2.341
11521,52,2.224,2.204,2.214
11522,52,2.283,2.297,2.283
11527,52,1.706,1.755,1.676
11528,52,2.092,2.151,2.082
11530,52,2.170,2.243,2.204
11535,53,1.916,1.975,1.926
11537,53,1.706,1.784,1.691
11538,53,1.442,1.535,1.432
11540,53,1.227,1.295,1.202
11542,53,1.246,1.310,1.232
11543,53,1.290,1.329,1.261
11545,53,1.574,1.608,1.544
11546,53,1.740,1.745,1.691
11548,53,2.126,2.116,2.077
11550,53,2.297,2.268,2.278
11551,53,2.361,2.263,2.287
11556,57,1.877,1.603,1.789
11559,57,1.725,1.398,1.618
11561,57,1.471,1.070,1.349
11562,57,1.579,1.129,1.481
11567,57,2.175,1.520,2.082
11568,57,2.683,1.965,2.595
11570,57,2.815,2.023,2.757
11571,57,2.962,2.067,2.879
11573,57,2.933,1.960,2.849
11575,57,2.849,1.784,2.727
11580,51,2.136,0.811,1.994
11582,51,2.199,0.811,2.087
11583,51,2.302,0.826,2.165
11585,51,2.644,1.139,2.532
11586,51,2.908,1.334,2.781
11588,51,3.314,1.691,3.192
11590,51,3.578,1.911,3.475
11591,51,3.583,1.901,3.460
11593,51,3.543,1.833,3.436
11595,51,3.309,1.584,3.182
11596,51,3.104,1.383,2.972
11602,41,2.307,0.714,2.199
11607,41,2.825,1.334,2.669
11616,41,2.610,1.647,2.483
11620,41,1.442,0.831,1.334
11626,37,1.808,1.642,1.720
11627,37,2.170,2.175,2.151
11629,37,2.126,2.224,2.175
11630,37,2.414,2.581,2.561
11632,37,2.155,2.395,2.341
11634,37,1.940,2.287,2.224
11635,37,1.520,1.955,1.901
11637,37,0.934,1.442,1.373
11639,37,0.704,1.349,1.295
11640,37,0.205,0.934,0.860
11643,37,0.264,1.056,0.968
11648,26,1.188,2.199,2.195
11650,26,1.163,2.219,2.239
11651,26,1.364,2.458,2.483
11653,26,1.149,2.307,2.326
11657,26,0.279,1.544,1.500
11659,26,0.000,1.373,1.344
11660,26,0.000,1.217,1.114
11662,26,0.000,1.251,1.158
11663,26,0.000,1.276,1.202
11665,26,0.000,1.461,1.437
11670,36,1.036,2.414,2.483
11672,36,0.899,2.307,2.351
11673,36,0.836,2.195,2.229
11675,36,0.572,1.935,1.926
11677,36,0.288,1.628,1.574
11678,36,0.078,1.373,1.339
11680,36,0.000,1.100,1.026
11681,36,0.000,1.124,1.090
11683,36,0.000,1.178,1.134
11684,36,0.352,1.476,1.442
11687,36,0.616,1.672,1.632
11689,36,1.129,2.082,2.067
11694,44,1.461,2.175,2.151
11698,44,0.870,1.408,1.339
11700,44,0.938,1.413,1.334
11701,44,0.982,1.383,1.320
11703,44,1.129,1.457,1.378
11705,44,1.535,1.784,1.730
11706,44,2.165,2.361,2.351
11708,44,2.390,2.532,2.512
11709,44,2.419,2.522,2.517
11711,44,2.463,2.502,2.493
11716,50,2.414,2.370,2.385
11718,50,2.356,2.287,2.326
11720,50,2.312,2.229,2.283
11721,50,2.380,2.283,2.346
11723,50,2.405,2.307,2.366
11724,50,2.502,2.405,2.463
11726,50,2.537,2.454,2.498
11729,50,2.600,2.522,2.566
11730,50,2.639,2.586,2.610
11738,58,2.253,2.287,2.278
11740,58,2.204,2.239,2.224
11742,58,2.239,2.297,2.273
11743,58,2.248,2.312,2.292
11745,58,2.326,2.400,2.385
11747,58,2.380,2.454,2.419
11748,58,2.468,2.537,2.512
11750,58,2.512,2.586,2.571
11751,58,2.463,2.532,2.522
11753,58,2.449,2.517,2.502
11755,58,2.395,2.439,2.429
11756,58,2.341,2.380,2.356
11762,62,1.369,1.305,1.285
11763,62,1.413,1.310,1.339
11765,62,1.745,1.579,1.657
11766,62,1.950,1.745,1.896
11768,62,2.268,1.970,2.190
11771,62,2.576,2.190,2.512
11775,62,2.493,1.833,2.385
11777,62,2.429,1.662,2.326
11778,62,2.063,1.173,1.960
11783,51,2.253,0.943,2.146
11785,51,2.517,1.085,2.424
11787,51,2.796,1.217,2.717
11788,51,3.299,1.569,3.162
11790,51,3.573,1.730,3.470
11792,51,3.666,1.706,3.534
11793,51,3.710,1.623,3.592
11795,51,3.563,1.359,3.412
11796,51,3.441,1.119,3.280
11798,51,3.065,0.670,2.923
11800,51,2.947,0.513,2.810
11801,51,2.972,0.474,2.835
11807,43,3.671,1.144,3.548
11808,43,3.905,1.408,3.773
11810,43,4.213,1.750,4.081
11811,43,4.096,1.691,3.959
11817,43,3.456,1.305,3.319
11818,43,2.845,0.821,2.717
11820,43,2.674,0.762,2.502
11822,43,2.468,0.723,2.336
11823,43,2.444,0.855,2.302
11828,30,2.923,2.014,2.815
11830,30,3.030,2.336,2.986
11832,30,2.830,2.351,2.752
11833,30,2.595,2.361,2.527
11843,30,0.298,1.168,1.100
11851,22,0.797,2.385,2.449
11852,22,0.543,2.273,2.317
11854,22,0.196,2.092,2.141
11855,22,0.000,1.965,1.940
11858,22,0.000,2.063,1.935
11859,22,0.000,2.165,2.048
11861,22,0.000,2.248,2.126
11863,22,0.000,2.331,2.214
11867,22,0.000,2.483,2.380
11868,22,0.000,2.478,2.444
11874,30,0.000,2.385,2.366
11875,30,0.000,2.336,2.263
11877,30,0.000,2.234,2.131
11878,30,0.000,2.141,2.028
11880,30,0.000,1.994,1.887
11881,30,0.000,1.852,1.745
11883,30,0.000,1.696,1.598
11885,30,0.000,1.569,1.544
11886,30,0.147,1.652,1.613
11888,30,0.743,2.048,2.028
11889,30,1.022,2.141,2.170
11891,30,1.295,2.195,2.204
11896,45,1.408,1.720,1.637
11899,45,1.227,1.413,1.349
11900,45,1.193,1.207,1.139
11902,45,1.325,1.193,1.227
11906,45,1.926,1.515,1.833
11908,45,2.400,1.940,2.326
11910,45,2.454,1.965,2.375
11911,45,2.644,2.111,2.556
11913,45,2.561,2.038,2.478
11914,45,2.458,1.931,2.351
11920,55,1.755,1.398,1.662
11921,55,1.691,1.422,1.603
11923,55,1.691,1.466,1.598
11924,55,1.813,1.691,1.740
11926,55,1.877,1.813,1.804
11928,55,2.121,2.151,2.092
11929,55,2.131,2.224,2.185
11931,55,2.136,2.253,2.209
11933,55,2.009,2.190,2.146
11934,55,1.838,2.067,2.028
11936,55,1.657,1.901,1.838
11942,60,1.012,1.388,1.329
11954,60,1.774,2.048,1.970
11956,60,1.667,1.887,1.833
11958,60,1.364,1.491,1.437
11959,60,1.383,1.466,1.393
11965,61,1.750,1.544,1.691
11966,61,1.970,1.642,1.887
11968,61,2.385,1.950,2.302
11969,61,2.581,2.063,2.542
11971,61,2.703,2.038,2.610
11973,61,2.698,1.940,2.634
11974,61,2.654,1.779,2.556
11976,61,2.551,1.584,2.449
11978,61,2.253,1.173,2.141
11979,61,2.243,1.031,2.102
11981,61,2.253,0.943,2.141
11987,50,2.854,1.281,2.742
11989,50,3.221,1.544,3.084
11990,50,3.490,1.735,3.397
11992,50,3.504,1.672,3.392
11996,50,3.226,1.232,3.109
11998,50,2.820,0.772,2.669
12000,50,2.825,0.728,2.669
12001,50,2.688,0.562,2.537
12003,50,2.771,0.630,2.634
12004,50,3.001,0.860,2.849
12010,40,3.715,1.662,3.607
12011,40,3.690,1.686,3.563
12013,40,3.597,1.647,3.475
12015,40,3.372,1.481,3.216
12016,40,3.089,1.281,2.942
12018,40,2.595,0.894,2.458
12019,40,2.351,0.767,2.209
12021,40,2.268,0.821,2.136
12023,40,2.253,0.914,2.111
12024,40,2.439,1.266,2.322
12027,40,2.483,1.466,2.380
12032,27,2.688,2.243,2.605
12036,27,1.818,1.887,1.784
12038,27,1.188,1.393,1.320
12040,27,0.943,1.290,1.178
12041,27,0.640,1.173,1.114
12043,27,0.596,1.246,1.183
12044,27,0.660,1.466,1.427
12046,27,0.733,1.652,1.618
12048,27,1.105,2.107,2.136
12049,27,0.982,2.170,2.165
12055,25,0.455,2.038,2.033
12056,25,0.093,1.774,1.794
12058,25,0.000,1.672,1.569
12059,25,0.000,1.755,1.637
12061,25,0.000,1.833,1.730
12062,25,0.000,1.891,1.794
12064,25,0.000,1.965,1.896
12065,25,0.000,2.014,1.945
12067,25,0.000,2.087,2.170
12118,48,1.696,1.520,1.593
12125,55,1.755,1.652,1.662
12127,55,1.926,1.867,1.857
12129,55,2.067,2.038,2.028
12130,55,2.283,2.283,2.253
12132,55,2.195,2.224,2.185
12133,55,2.126,2.165,2.097
12135,55,1.901,1.965,1.891
12137,55,1.672,1.750,1.662
12138,55,1.437,1.544,1.471
12140,55,1.202,1.305,1.217
12145,54,1.530,1.662,1.593
12147,54,1.789,1.916,1.882
12148,54,1.911,2.033,1.970
12150,54,2.170,2.283,2.239
12152,54,2.107,2.199,2.136
12153,54,2.048,2.107,2.048
12156,54,1.867,1.921,1.857
12157,54,1.637,1.652,1.559
12162,54,1.388,1.295,1.290
12163,54,1.461,1.329,1.373
12169,59,2.243,1.935,2.170
12170,59,2.507,2.146,2.444
12172,59,2.512,2.092,2.429
12173,59,2.517,2.028,2.414
12175,59,2.336,1.784,2.248
12177,59,2.209,1.574,2.097
12178,59,2.023,1.344,1.931
12180,59,1.852,1.105,1.745
12181,59,1.950,1.134,1.833
12183,59,2.014,1.144,1.906
12185,59,2.283,1.334,2.175
12190,48,3.094,1.955,2.981
12192,48,3.060,1.862,2.972
12193,48,3.021,1.750,2.923
12195,48,2.859,1.515,2.742
12196,48,2.542,1.109,2.400
12202,48,2.239,0.670,2.097
12203,48,2.287,0.660,2.175
12205,48,2.595,0.919,2.454
12207,48,2.786,1.061,2.674
12208,48,3.201,1.452,3.084
12214,44,3.353,1.540,3.226
12215,44,3.123,1.315,2.986
12217,44,2.830,1.031,2.674
12218,44,2.615,0.836,2.473
12220,44,2.351,0.587,2.204
12222,44,2.400,0.723,2.278
12223,44,2.463,0.841,2.351
12225,44,2.708,1.173,2.615
12227,44,2.898,1.432,2.796
12228,44,3.109,1.720,2.981
12230,44,3.299,2.038,3.216
12235,35,2.581,1.740,2.478
12237,35,2.097,1.413,1.989
12242,35,1.432,1.158,1.325
12244,35,1.354,1.256,1.256
12245,35,1.515,1.564,1.500
12247,35,1.588,1.760,1.691
12248,35,1.867,2.155,2.107
12250,35,1.970,2.390,2.366
12252,35,1.828,2.375,2.341
12253,35,1.642,2.322,2.307
12259,26,0.283,1.413,1.344
12260,26,0.000,1.075,1.002
12262,26,0.000,1.183,1.090
12263,26,0.000,1.295,1.217
12265,26,0.000,1.491,1.471
12266,26,0.015,1.672,1.662
12268,26,0.459,2.107,2.121
12270,26,0.601,2.346,2.395
12271,26,0.499,2.322,2.395
12273,26,0.352,2.243,2.312
12281,28,0.000,1.911,1.804
12283,28,0.000,1.891,1.784
12285,28,0.000,1.872,1.813
12286,28,0.000,1.843,1.808
12288,28,0.249,2.092,2.151
12290,28,0.337,2.121,2.190
12291,28,0.601,2.287,2.361
12293,28,0.582,2.160,2.224
12294,28,0.562,2.033,2.043
12296,28,0.415,1.808,1.789
12298,28,0.073,1.334,1.281
12299,28,0.171,1.320,1.246
12305,41,0.836,1.491,1.427
12306,41,1.173,1.701,1.637
12308,41,1.725,2.107,2.048
12309,41,1.955,2.199,2.160
12311,41,2.195,2.292,2.243
12313,41,2.209,2.190,2.175
12314,41,2.136,2.028,2.116
12319,41,1.848,1.496,1.750
12320,41,1.642,1.251,1.559
12326,52,2.131,1.672,2.038
12328,52,2.493,2.053,2.414
12330,52,2.532,2.102,2.449
12331,52,2.610,2.234,2.532
12333,52,2.512,2.155,2.414
12335,52,2.346,2.072,2.248
12344,52,1.510,1.598,1.525
12352,58,1.935,2.229,2.175
12353,58,1.813,2.141,2.107
12355,58,1.623,1.965,1.877
12357,58,1.354,1.725,1.647
12358,58,1.153,1.559,1.481
12360,58,0.875,1.295,1.222
12361,58,0.919,1.334,1.251
12363,58,0.963,1.383,1.315
12364,58,1.232,1.618,1.540
12374,59,2.107,2.151,2.092
12375,59,2.023,1.921,1.931
12377,59,1.911,1.706,1.828
12378,59,1.720,1.349,1.637
12380,59,1.667,1.144,1.569
12382,59,1.794,1.090,1.686
12383,59,1.921,1.031,1.804
12385,59,2.312,1.207,2.190
12386,59,2.566,1.300,2.473
12388,59,3.089,1.598,2.962
12390,59,3.333,1.652,3.211
12395,51,3.543,1.217,3.387
12396,51,3.441,0.943,3.280
12398,51,3.270,0.640,3.143
12400,51,3.143,0.337,2.977
12401,51,3.250,0.313,3.099
12403,51,3.372,0.347,3.216
12405,51,3.705,0.601,3.534
12409,51,4.370,1.193,4.228
12411,51,4.501,1.354,4.350
12417,40,3.871,0.929,3.719
12418,40,3.441,0.621,3.299
12420,40,3.162,0.479,3.030
12422,40,3.074,0.543,2.928
12423,40,2.986,0.665,2.835
12425,40,3.138,1.017,2.991
12427,40,3.162,1.266,3.055
12428,40,3.412,1.730,3.294
12430,40,3.436,1.999,3.333
12431,40,3.270,2.082,3.162
12433,40,3.045,2.116,2.937
12435,40,2.600,1.965,2.502
12440,23,0.943,1.163,1.075
12441,23,0.787,1.222,1.124
12443,23,0.601,1.251,1.188
12445,23,0.714,1.574,1.520
12446,23,0.660,1.755,1.720
12451,23,0.718,2.317,2.346
12452,23,0.386,2.190,2.248
12455,23,0.000,2.014,2.038
12456,23,0.000,2.146,2.067
12458,23,0.000,2.283,2.165
12463,19,0.000,2.791,2.654
12465,19,0.000,2.893,2.742
12466,19,0.000,2.972,2.859
12468,19,0.000,3.060,2.972
12469,19,0.000,3.089,3.021
12471,19,0.000,3.109,3.030
12473,19,0.000,3.104,3.011
12474,19,0.000,3.084,2.967
12476,19,0.000,2.996,2.908
12477,19,0.000,2.908,2.771
12479,19,0.000,2.786,2.659
12484,34,0.000,2.180,2.087
12486,34,0.000,1.945,1.882
12490,34,0.875,2.209,2.258
12492,34,1.065,2.141,2.141
12493,34,1.232,2.058,2.023
12495,34,1.320,1.857,1.804
12497,34,1.276,1.579,1.491
12499,34,1.364,1.432,1.354
12501,34,1.266,1.114,1.163
12502,34,1.461,1.109,1.369
12507,51,2.458,1.711,2.385
12509,51,2.556,1.760,2.468
12511,51,2.835,2.004,2.742
12512,51,2.752,1.935,2.639
12514,51,2.654,1.867,2.556
12516,51,2.429,1.716,2.336
12517,51,2.087,1.452,1.970
12519,51,1.950,1.417,1.857
12520,51,1.632,1.197,1.549
12522,51,1.618,1.305,1.535
12530,58,2.048,2.248,2.204
12532,58,1.906,2.190,2.136
12533,58,1.740,2.097,2.043
12535,58,1.491,1.911,1.862
12536,58,1.153,1.647,1.593
12539,58,0.948,1.544,1.461
12541,58,0.660,1.266,1.193
12542,58,0.655,1.310,1.241
12544,58,0.699,1.364,1.285
12545,58,0.929,1.579,1.525
12547,58,1.105,1.750,1.711
12552,65,1.657,2.111,2.048
12554,65,1.628,2.033,1.975
12555,65,1.588,1.862,1.799
12557,65,1.422,1.588,1.500
12559,65,1.471,1.505,1.422
12560,65,1.305,1.207,1.222
12570,65,2.898,1.848,2.805
12580,51,2.542,0.655,2.400
12583,51,2.708,0.699,2.546
12584,51,2.840,0.762,2.683
12586,51,3.094,0.958,2.972
12588,51,3.456,1.261,3.353
12589,51,3.539,1.310,3.407
12591,51,3.778,1.491,3.641
12592,51,3.656,1.398,3.568
12598,42,2.918,0.596,2.776
12599,42,2.825,0.503,2.644
12601,42,2.713,0.445,2.561
12603,42,2.776,0.552,2.610
12604,42,2.918,0.792,2.796
12606,42,3.006,0.963,2.893
12608,42,3.397,1.432,3.260
12609,42,3.412,1.554,3.304
12611,42,3.495,1.755,3.372
12612,42,3.363,1.720,3.231
12614,42,3.143,1.652,3.030
12622,28,1.828,1.188,1.750
12625,28,1.833,1.413,1.789
12626,28,1.921,1.681,1.838
12628,28,2.170,2.121,2.121
12629,28,2.028,2.155,2.097
12631,28,2.107,2.341,2.292
12633,28,1.843,2.234,2.204
12634,28,1.574,2.116,2.067
12636,28,1.168,1.891,1.823
12637,28,0.630,1.476,1.413
12643,21,0.000,1.281,1.232
12644,21,0.000,1.476,1.442
12646,21,0.034,1.623,1.603
12647,21,0.357,2.053,2.092
12649,21,0.288,2.082,2.136
12651,21,0.376,2.248,2.307
12652,21,0.225,2.165,2.214
12654,21,0.029,2.038,2.082
12671,32,0.137,2.253,2.346
12672,32,0.122,2.063,2.204
12674,32,0.127,2.058,2.102
12676,32,0.000,1.833,1.852
12677,32,0.000,1.652,1.588
12679,32,0.000,1.525,1.461
12680,32,0.000,1.364,1.290
12682,32,0.000,1.246,1.188
12683,32,0.015,1.261,1.222
12689,44,1.281,1.994,1.950
12690,44,1.706,2.263,2.239
12692,44,1.750,2.175,2.131
12694,44,1.808,2.111,2.058
12695,44,1.711,1.901,1.838
12697,44,1.515,1.584,1.500
12698,44,1.486,1.466,1.413
12700,44,1.285,1.168,1.202
12702,44,1.422,1.241,1.339
12706,44,1.926,1.642,1.843
12712,52,2.434,2.155,2.375
12714,52,2.356,2.092,2.273
12715,52,2.146,1.911,2.043
12717,52,1.896,1.706,1.799
12719,52,1.657,1.510,1.574
12720,52,1.413,1.320,1.315
12722,52,1.403,1.354,1.329
12723,52,1.378,1.403,1.339
12725,52,1.564,1.647,1.569
12727,52,1.779,1.862,1.794
12728,52,1.994,2.097,2.038
12733,57,1.965,2.151,2.102
12735,57,1.774,1.989,1.916
12737,57,1.530,1.750,1.672
12738,57,1.403,1.628,1.554
12740,57,1.168,1.403,1.320
12741,57,1.222,1.442,1.373
12743,57,1.241,1.457,1.378
12747,57,1.896,2.058,1.994
12749,57,2.023,2.155,2.111
12751,57,2.107,2.190,2.141
12757,61,1.838,1.735,1.745
12759,61,1.623,1.486,1.564
12760,61,1.491,1.281,1.398
12762,61,1.564,1.251,1.466
12763,61,1.642,1.261,1.544
12765,61,1.916,1.466,1.813
12766,61,2.092,1.564,2.028
12768,61,2.483,1.848,2.380
12770,61,2.688,1.970,2.605
12771,61,2.761,1.950,2.669
12773,61,2.742,1.857,2.669
12778,53,2.312,1.119,2.209
12780,53,2.136,0.831,1.994
12782,53,2.243,0.850,2.126
12783,53,2.356,0.880,2.229
12787,53,3.196,1.525,3.084
12789,53,3.368,1.647,3.275
12791,53,3.460,1.637,3.343
12792,53,3.441,1.559,3.328
12795,53,3.284,1.359,3.192
12797,53,3.138,1.183,3.006
12802,40,2.625,0.630,2.483
12811,40,3.539,1.760,3.421
12815,40,3.089,1.515,2.957
12817,40,2.674,1.188,2.507
12819,40,2.429,1.090,2.312
12824,34,2.126,1.305,2.038
12825,34,2.224,1.535,2.121
12827,34,2.522,2.004,2.434
12829,34,2.439,2.121,2.370
12830,34,2.537,2.385,2.493
12832,34,2.292,2.317,2.287
12834,34,2.033,2.185,2.131
12839,34,0.904,1.437,1.364
12840,34,0.459,1.119,1.022
12842,34,0.367,1.158,1.080
12847,25,0.816,1.970,1.960
12849,25,0.826,2.087,2.087
12850,25,1.061,2.419,2.458
12852,25,0.850,2.307,2.341
12854,25,0.611,2.180,2.195
12855,25,0.274,1.911,1.935
12857,25,0.000,1.652,1.608
12858,25,0.000,1.711,1.623
12860,25,0.000,1.774,1.652
12862,25,0.000,1.828,1.706
12863,25,0.000,1.872,1.769
12868,31,0.039,2.038,2.082
12870,31,0.391,2.370,2.454
12872,31,0.264,2.258,2.326
12873,31,0.215,2.136,2.190
12878,31,0.000,1.667,1.579
12879,31,0.000,1.559,1.476
12882,31,0.000,1.476,1.378
12883,31,0.000,1.364,1.285
12885,31,0.049,1.452,1.437
12886,31,0.362,1.637,1.623
12892,44,1.408,2.219,2.204
12893,44,1.505,2.180,2.155
12895,44,1.398,1.950,1.906
12896,44,1.359,1.779,1.711
12898,44,1.080,1.408,1.334
12900,44,1.022,1.251,1.153
12901,44,1.109,1.241,1.153
12903,44,1.251,1.281,1.193
12904,44,1.554,1.491,1.466
12906,44,1.750,1.642,1.681
12908,44,2.195,2.028,2.126
12909,44,2.312,2.116,2.268
12914,52,2.155,1.921,2.072
12919,52,1.637,1.442,1.540
12920,52,1.520,1.383,1.447
12923,52,1.569,1.461,1.496
12925,52,1.681,1.623,1.642
12926,52,1.804,1.755,1.725
12928,52,2.116,2.111,2.067
12929,52,2.107,2.151,2.102
12931,52,2.219,2.268,2.224
12933,52,2.097,2.195,2.131
12938,58,1.398,1.564,1.481
12940,58,1.246,1.413,1.325
12941,58,1.202,1.373,1.295
12943,58,1.241,1.413,1.349
12944,58,1.408,1.584,1.525
12946,58,1.549,1.745,1.676
12948,58,1.896,2.067,2.028
12949,58,1.970,2.141,2.102
12951,58,2.077,2.204,2.151
12959,59,1.471,1.403,1.373
12960,59,1.398,1.271,1.325
12962,59,1.481,1.285,1.393
12964,59,1.657,1.413,1.593
12966,59,1.872,1.525,1.774
12968,59,2.287,1.852,2.209
12969,59,2.400,1.857,2.322
12971,59,2.669,2.009,2.576
12973,59,2.644,1.887,2.556
12974,59,2.625,1.764,2.527
12976,59,2.502,1.505,2.400
12977,59,2.204,1.080,2.077
12983,52,2.326,0.816,2.190
12984,52,2.625,1.007,2.478
12986,52,2.830,1.114,2.703
12988,52,3.294,1.452,3.167
12989,52,3.441,1.500,3.338
12991,52,3.578,1.559,3.451
12995,52,3.402,1.153,3.255
12997,52,3.079,0.787,2.908
12998,52,3.030,0.704,2.879
13000,52,2.742,0.411,2.615
13005,42,3.250,0.968,3.128
13007,42,3.651,1.437,3.514
13010,42,3.636,1.515,3.539
13011,42,3.788,1.716,3.666
13013,42,3.631,1.662,3.495
13014,42,3.441,1.584,3.294
13016,42,3.133,1.393,3.011
13018,42,2.600,0.997,2.463
13019,42,2.444,1.007,2.317
13021,42,2.116,0.855,2.009
13022,42,2.102,1.017,1.984
13028,31,2.542,2.077,2.439
13037,31,0.826,1.383,1.305
13041,31,0.196,1.178,1.105
13043,31,0.078,1.212,1.149
13052,23,0.601,2.278,2.331
13053,23,0.411,2.229,2.287
13055,23,0.054,1.955,1.984
13057,23,0.000,1.891,1.828
13058,23,0.000,1.935,1.843
13060,23,0.000,1.979,1.862
13061,23,0.000,2.033,1.931
13063,23,0.000,2.067,1.950
13064,23,0.000,2.082,1.979
13066,23,0.000,2.092,1.999
13067,23,0.000,2.126,2.170
13073,33,0.142,2.155,2.234
13074,33,0.000,1.935,1.989
13076,33,0.000,1.799,1.794
13077,33,0.000,1.681,1.579
13079,33,0.000,1.564,1.481
13081,33,0.000,1.452,1.369
13082,33,0.000,1.339,1.290
13086,33,0.655,1.784,1.760
13088,33,0.978,1.970,1.935
13090,33,1.378,2.239,2.234
13096,49,1.398,1.852,1.794
13097,49,1.183,1.540,1.447
13099,49,1.232,1.471,1.388
13101,49,1.036,1.193,1.114
13102,49,1.212,1.285,1.217
13104,49,1.359,1.354,1.315
13105,49,1.667,1.593,1.579
13107,49,1.950,1.848,1.906
13109,49,2.126,1.970,2.053
13110,49,2.390,2.234,2.326
13112,49,2.341,2.151,2.268
13113,49,2.263,2.067,2.195
13119,55,1.632,1.486,1.525
13120,55,1.408,1.290,1.320
13122,55,1.486,1.408,1.398
13126,55,1.896,1.921,1.872
13128,55,2.053,2.087,2.028
13130,55,2.234,2.292,2.239
13131,55,2.175,2.239,2.190
13133,55,2.102,2.190,2.131
13134,55,1.911,2.019,1.970
13141,52,1.285,1.442,1.369
13142,52,1.354,1.505,1.442
13144,52,1.413,1.559,1.486
13146,52,1.623,1.750,1.686
13147,52,1.848,1.979,1.916
13149,52,1.955,2.063,1.999
13150,52,2.195,2.263,2.209
13152,52,2.111,2.204,2.136
13154,52,2.087,2.131,2.067
13155,52,1.931,1.950,1.887
13157,52,1.740,1.706,1.642
13158,52,1.623,1.569,1.549
13166,59,1.950,1.691,1.882
13168,59,2.195,1.882,2.097
13170,59,2.454,2.111,2.395
13171,59,2.454,2.048,2.375
13173,59,2.439,1.984,2.346
13174,59,2.263,1.760,2.185
13176,59,2.087,1.515,1.970
13179,59,1.887,1.281,1.789
13180,59,1.686,1.046,1.588
13186,52,2.195,1.373,2.092
13187,52,2.507,1.652,2.434
13189,52,2.634,1.720,2.546
13190,52,2.952,1.975,2.854
13192,52,2.913,1.877,2.801
13194,52,2.859,1.769,2.742
13195,52,2.674,1.569,2.571
13197,52,2.405,1.222,2.273
13199,52,2.297,1.095,2.185
13200,52,2.028,0.762,1.901
13208,42,2.957,1.564,2.849
13210,42,3.255,1.857,3.167
13211,42,3.192,1.784,3.094
13213,42,3.113,1.686,3.006
13215,42,2.903,1.471,2.776
13216,42,2.581,1.163,2.434
13218,42,2.390,0.997,2.268
13220,42,2.082,0.699,1.931
13222,42,2.111,0.772,1.999
13224,42,2.165,0.850,2.053
13225,42,2.434,1.163,2.307
13227,42,2.586,1.403,2.488
13232,37,2.933,1.862,2.830
13234,37,2.796,1.877,2.693
13236,37,2.522,1.725,2.410
13237,37,2.092,1.349,1.955
13239,37,1.950,1.344,1.818
13240,37,1.540,1.041,1.447
13245,37,1.735,1.544,1.662
13246,37,1.843,1.784,1.769
13248,37,2.102,2.141,2.067
13253,28,1.906,2.204,2.155
13255,28,1.584,1.989,1.911
13256,28,1.158,1.618,1.549
13267,28,0.733,1.730,1.706
13271,28,1.202,2.385,2.385
13276,33,0.503,1.833,1.789
13278,33,0.000,1.325,1.285
13279,33,0.000,1.300,1.232
13281,33,0.000,1.310,1.232
13282,33,0.000,1.334,1.261
13284,33,0.000,1.388,1.349
13285,33,0.103,1.598,1.579
13287,33,0.450,1.965,1.975
13289,33,0.601,2.009,2.028
13290,33,0.914,2.346,2.356
13298,37,0.108,1.398,1.359
13300,37,0.000,1.100,1.031
13301,37,0.000,1.173,1.124
13303,37,0.147,1.251,1.193
13304,37,0.528,1.569,1.510
13307,37,0.826,1.804,1.750
13309,37,1.149,2.023,1.975
13310,37,1.525,2.287,2.278
13312,37,1.540,2.239,2.214
13313,37,1.564,2.195,2.151
13315,37,1.413,1.960,1.911
13317,37,1.276,1.745,1.672
13322,49,1.031,1.310,1.227
13324,49,1.158,1.383,1.310
13325,49,1.584,1.740,1.662
13327,49,1.838,1.970,1.911
13328,49,2.019,2.102,2.048
13330,49,2.283,2.317,2.302
13332,49,2.253,2.268,2.234
13348,51,2.532,2.522,2.507
13350,51,2.581,2.605,2.571
13352,51,2.512,2.527,2.517
13353,51,2.498,2.512,2.493
13355,51,2.405,2.424,2.414
13357,51,2.356,2.375,2.361
13358,51,2.302,2.322,2.312
13360,51,2.248,2.263,2.243
13362,51,2.297,2.322,2.297
13367,55,2.527,2.532,2.532
13369,55,2.522,2.512,2.502
13370,55,2.595,2.586,2.586
13372,55,2.556,2.517,2.527
13373,55,2.542,2.498,2.507
13375,55,2.488,2.424,2.444
13377,55,2.410,2.326,2.370
13378,55,2.454,2.356,2.414
13380,55,2.414,2.283,2.375
13384,55,1.740,1.530,1.672
13390,56,2.512,2.136,2.439
13391,56,2.483,2.063,2.410
13394,56,2.463,1.975,2.375
13395,56,2.326,1.789,2.234
13397,56,2.141,1.525,2.033
13399,56,2.023,1.334,1.916
13400,56,1.848,1.075,1.730
13402,56,1.940,1.095,1.828
13403,56,2.023,1.119,1.931
13405,56,2.331,1.339,2.239
13407,56,2.551,1.476,2.473
13412,51,3.143,1.804,3.016
13414,51,3.113,1.686,2.986
13415,51,2.933,1.422,2.796
13417,51,2.688,1.090,2.546
13418,51,2.605,0.963,2.488
13420,51,2.424,0.699,2.283
13424,51,2.884,1.036,2.771
13426,51,3.094,1.178,2.962
13428,51,3.407,1.486,3.289
13429,51,3.622,1.681,3.504
13436,39,3.314,1.393,3.201
13437,39,3.006,1.100,2.869
13439,39,2.845,0.978,2.713
13440,39,2.517,0.723,2.395
13442,39,2.561,0.841,2.429
13444,39,2.600,0.934,2.449
13445,39,2.815,1.271,2.703
13447,39,2.928,1.500,2.835
13449,39,3.055,1.750,2.952
13450,39,3.250,2.082,3.148
13452,39,3.079,2.063,2.967
13457,31,1.916,1.447,1.774
13459,31,1.691,1.413,1.579
13460,31,1.271,1.217,1.193
13465,31,1.232,1.603,1.549
13466,31,1.285,1.794,1.745
13468,31,1.476,2.111,2.072
13469,31,1.579,2.356,2.361
13471,31,1.408,2.331,2.322
13473,31,1.197,2.287,2.287
13474,31,0.806,2.009,2.009
13481,27,0.000,1.559,1.447
13482,27,0.000,1.672,1.588
13484,27,0.000,1.794,1.696
13485,27,0.000,1.911,1.843
13487,27,0.000,1.994,1.960
13488,27,0.000,2.102,2.121
13490,27,0.142,2.283,2.361
13491,27,0.064,2.273,2.356
13505,33,0.000,1.818,1.760
13508,33,0.420,2.014,2.023
13510,33,0.841,2.234,2.273
13512,33,0.919,2.151,2.141
13516,33,0.899,1.686,1.628
13518,33,0.772,1.417,1.354
13519,33,0.758,1.212,1.129
13525,48,1.623,1.598,1.564
13527,48,1.926,1.789,1.877
13529,48,2.155,1.901,2.087
13530,48,2.454,2.126,2.395
13532,48,2.444,2.058,2.331
13534,48,2.400,1.984,2.307
13535,48,2.224,1.779,2.126
13537,48,1.984,1.569,1.882
13538,48,1.818,1.427,1.750
13540,48,1.579,1.212,1.471
13542,48,1.584,1.261,1.496
13543,48,1.574,1.334,1.505
13548,56,2.019,1.989,1.955
13550,56,2.180,2.219,2.170
13552,56,2.053,2.141,2.072
13556,56,1.525,1.735,1.672
13558,56,1.237,1.520,1.442
13559,56,1.022,1.329,1.241
13561,56,0.987,1.334,1.246
13563,56,0.987,1.344,1.271
13565,56,1.212,1.559,1.496
13570,62,1.852,2.160,2.126
13572,62,1.852,2.107,2.048
13574,62,1.862,2.048,1.984
13575,62,1.779,1.877,1.813
13577,62,1.647,1.652,1.579
13578,62,1.564,1.442,1.481
13580,62,1.447,1.178,1.344
13582,62,1.574,1.163,1.481
13583,62,1.720,1.153,1.623
13585,62,2.063,1.320,1.975
13586,62,2.326,1.408,2.239
13588,62,2.703,1.603,2.605
13596,52,3.133,1.153,2.981
13598,52,2.913,0.811,2.781
13599,52,2.864,0.630,2.708
13601,52,2.908,0.596,2.776
13602,52,3.011,0.611,2.864
13604,52,3.280,0.816,3.128
13607,52,3.446,0.978,3.314
13608,52,3.783,1.295,3.651
13610,52,3.915,1.461,3.778
13611,52,3.895,1.491,3.763
13617,39,3.270,1.114,3.109
13618,39,2.981,0.963,2.801
13620,39,2.639,0.762,2.488
13622,39,2.566,0.850,2.434
13623,39,2.473,0.953,2.361
13625,39,2.634,1.290,2.512
13626,39,2.693,1.569,2.600
13628,39,2.830,1.891,2.713
13630,39,2.898,2.214,2.835
13638,31,1.183,1.520,1.461
13639,31,0.797,1.276,1.197
13641,31,0.611,1.281,1.202
13642,31,0.445,1.305,1.222
13644,31,0.543,1.574,1.530
13646,31,0.538,1.750,1.716
13647,31,0.826,2.155,2.155
13650,31,0.821,2.283,2.312
13651,31,0.723,2.312,2.375
13653,31,0.547,2.253,2.287
13655,31,0.230,2.048,2.063
13656,31,0.000,1.887,1.872
13662,29,0.000,2.107,1.989
13663,29,0.000,2.136,2.028
13665,29,0.000,2.155,2.063
13666,29,0.000,2.146,2.087
13668,29,0.029,2.151,2.214
13669,29,0.152,2.248,2.331
13674,29,0.196,2.063,2.107
13675,29,0.064,1.828,1.828
13677,29,0.000,1.554,1.500
13678,29,0.000,1.437,1.378
13684,41,0.347,1.413,1.369
13685,41,0.694,1.603,1.559
13687,41,1.300,2.048,2.014
13688,41,1.505,2.077,2.053
13691,41,1.823,2.268,2.234
13693,41,1.852,2.175,2.121
13694,41,1.852,2.063,2.019
13696,41,1.730,1.862,1.774
13698,41,1.378,1.422,1.325
13699,41,1.408,1.388,1.325
13701,41,1.202,1.139,1.129
13706,53,1.716,1.632,1.662
13708,53,2.126,2.043,2.053
13709,53,2.146,2.102,2.097
13714,53,2.058,2.077,2.028
13715,53,1.823,1.872,1.794
13717,53,1.510,1.544,1.471
13718,53,1.393,1.466,1.388
13720,53,1.124,1.197,1.114
13734,53,2.151,1.970,2.077
13738,53,1.672,1.285,1.593
13740,53,1.642,1.139,1.525
13741,53,1.706,1.075,1.593
13743,53,1.833,1.100,1.720
13745,53,2.107,1.271,2.019
13746,53,2.356,1.383,2.253
13751,53,3.128,1.716,3.021
13753,53,3.182,1.637,3.060
13755,53,3.069,1.422,2.952
13756,53,2.972,1.202,2.849
13758,53,2.771,0.899,2.644
13760,53,2.659,0.709,2.512
13764,53,3.001,0.899,2.874
13765,53,3.201,1.070,3.065
13767,53,3.592,1.427,3.451
13769,53,3.622,1.466,3.504
13774,41,3.524,1.481,3.402
13777,41,3.377,1.364,3.211
13778,41,2.986,1.075,2.859
13780,41,2.810,1.002,2.674
13781,41,2.742,1.026,2.610
13783,41,2.703,1.100,2.556
13785,41,2.796,1.329,2.683
13786,41,2.845,1.500,2.698
13788,41,3.040,1.867,2.923
13790,41,3.050,2.038,2.952
13791,41,2.933,2.077,2.835
13796,34,1.994,1.706,1.911
13798,34,1.647,1.549,1.559
13800,34,1.271,1.339,1.261
13801,34,1.158,1.369,1.285
13806,34,1.149,1.706,1.657
13807,34,1.378,2.067,2.023
13809,34,1.261,2.087,2.063
13810,34,1.281,2.199,2.185
13812,34,1.031,2.111,2.082
13814,34,0.836,1.994,1.970
13820,31,0.000,1.417,1.344
13821,31,0.000,1.500,1.422
13823,31,0.000,1.579,1.505
13825,31,0.000,1.667,1.647
13826,31,0.000,1.730,1.701
13828,31,0.147,1.979,2.019
13829,31,0.098,2.014,2.043
13831,31,0.244,2.136,2.185
13832,31,0.147,2.067,2.121
13834,31,0.049,1.955,1.979
13836,31,0.000,1.857,1.828
13837,31,0.000,1.808,1.730
13845,29,0.137,1.637,1.613
13847,29,0.386,1.896,1.901
13848,29,0.513,1.921,1.911
13850,29,0.890,2.155,2.180
13852,29,0.919,2.092,2.102
13853,29,0.992,2.028,2.014
13855,29,0.934,1.862,1.838
13856,29,0.821,1.608,1.540
13858,29,0.855,1.530,1.471
13864,48,1.237,1.549,1.471
13866,48,1.505,1.701,1.637
13867,48,1.877,1.975,1.931
13869,48,1.989,1.999,1.955
13871,48,2.243,2.180,2.190
13872,48,2.185,2.067,2.141
13874,48,2.190,2.019,2.111
13876,48,2.082,1.862,1.989
13877,48,1.828,1.569,1.725
13881,48,1.652,1.383,1.554
13887,53,2.224,2.028,2.160
13888,53,2.258,2.077,2.175
13890,53,2.405,2.263,2.346
13892,53,2.322,2.214,2.239
13893,53,2.229,2.160,2.165
13895,53,2.063,2.033,1.999
13896,53,1.808,1.823,1.764
13898,53,1.725,1.764,1.696
13900,53,1.515,1.584,1.515
13901,53,1.535,1.632,1.564
13903,53,1.569,1.672,1.618
13905,53,1.706,1.848,1.779
13911,60,2.082,2.263,2.209
13912,60,1.994,2.190,2.136
13914,60,1.931,2.136,2.077
13916,60,1.779,1.989,1.921
13917,60,1.525,1.735,1.662
13919,60,1.500,1.706,1.623
13923,60,1.373,1.535,1.452
13925,60,1.491,1.618,1.554
13926,60,1.667,1.740,1.681
13932,59,2.195,2.077,2.131
13933,59,2.209,1.989,2.121
13935,59,2.087,1.794,2.004
13936,59,1.926,1.515,1.823
13938,59,1.867,1.344,1.769
13940,59,1.720,1.075,1.613
13941,59,1.848,1.080,1.750
13943,59,1.999,1.095,1.896
13944,59,2.331,1.285,2.219
13947,59,2.576,1.413,2.483
13960,51,2.884,0.538,2.727
13964,51,3.319,0.758,3.211
13966,51,3.519,0.904,3.397
13967,51,3.910,1.246,3.783
13969,51,3.983,1.310,3.851
13977,41,3.245,0.821,3.099
13979,41,3.172,0.806,3.021
13980,41,2.952,0.728,2.801
13982,41,2.937,0.846,2.796
13984,41,2.991,1.061,2.830
13985,41,3.040,1.285,2.903
13987,41,3.299,1.740,3.201
13988,41,3.221,1.843,3.109
13991,41,3.236,2.092,3.152
13993,41,3.006,2.072,2.903
13994,41,2.752,2.019,2.634
13996,41,2.346,1.852,2.253
14001,21,1.085,1.339,1.246
14003,21,0.968,1.369,1.295
14004,21,0.997,1.598,1.540
14006,21,1.022,1.774,1.730
14008,21,1.281,2.165,2.151
14009,21,1.178,2.243,2.248
14025,21,0.000,2.190,2.111
14027,21,0.000,2.253,2.258
14028,21,0.000,2.263,2.263
14030,21,0.034,2.326,2.400
14031,21,0.000,2.283,2.287
14034,21,0.000,2.268,2.263
14036,21,0.000,2.243,2.170
14037,21,0.000,2.175,2.087
14039,21,0.000,2.107,2.019
14040,21,0.000,2.019,1.916
14046,35,0.000,1.720,1.716
14047,35,0.288,1.970,1.979
14049,35,0.484,2.004,2.028
14050,35,0.865,2.253,2.268
14052,35,0.924,2.146,2.141
14054,35,0.953,2.067,2.067
14055,35,0.885,1.867,1.838
14057,35,0.699,1.584,1.525
14061,35,0.743,1.334,1.281
14063,35,0.894,1.388,1.310
14068,50,1.769,2.014,1.950
14070,50,2.058,2.248,2.204
14071,50,2.043,2.170,2.121
14073,50,2.009,2.107,2.053
14075,50,1.848,1.935,1.862
14077,50,1.662,1.701,1.623
14079,50,1.540,1.574,1.500
14080,50,1.334,1.344,1.266
14082,50,1.413,1.417,1.344
14083,50,1.452,1.452,1.373
14085,50,1.676,1.672,1.623
14090,54,2.287,2.248,2.234
14092,54,2.219,2.170,2.165
14094,54,2.155,2.092,2.092
14095,54,1.999,1.911,1.931
14097,54,1.764,1.667,1.686
14098,54,1.672,1.564,1.598
14103,54,1.564,1.413,1.471
14104,54,1.774,1.623,1.711
14106,54,1.921,1.740,1.833
14107,54,2.224,2.028,2.136
14113,53,2.297,2.077,2.209
14114,53,2.107,1.901,2.048
14116,53,1.945,1.706,1.843
14119,53,1.755,1.540,1.681
14120,53,1.559,1.349,1.476
14122,53,1.598,1.398,1.505
14123,53,1.618,1.427,1.544
14125,53,1.838,1.667,1.769
14127,53,1.955,1.789,1.887
14128,53,2.185,2.023,2.116
14130,53,2.322,2.199,2.273
14131,53,2.292,2.160,2.224
14137,48,1.755,1.681,1.662
14138,48,1.618,1.564,1.540
14143,48,1.422,1.427,1.359
14144,48,1.628,1.637,1.574
14146,48,1.745,1.755,1.691
14147,48,2.072,2.063,2.004
14149,48,2.170,2.175,2.111
14151,48,2.175,2.185,2.141
14152,48,2.131,2.141,2.097
14158,50,1.540,1.554,1.496
14159,50,1.334,1.329,1.251
14162,50,1.383,1.388,1.310
14163,50,1.398,1.408,1.344
14165,50,1.623,1.623,1.564
14167,50,1.750,1.750,1.696
14168,50,2.014,2.014,1.945
14170,50,2.175,2.190,2.136
14171,50,2.170,2.155,2.121
14173,50,2.126,2.121,2.067
14175,50,1.935,1.935,1.887
14183,47,1.373,1.354,1.310
14184,47,1.603,1.569,1.530
14186,47,1.735,1.701,1.652
14187,47,2.077,2.038,2.004
14234,51,2.366,1.745,2.258
14238,51,1.940,1.237,1.828
14240,51,1.755,1.022,1.647
14242,51,1.882,1.114,1.799
14243,51,1.984,1.202,1.921
14249,44,2.742,1.857,2.649
14251,44,2.874,1.975,2.771
14253,44,2.786,1.882,2.688
14254,44,2.664,1.740,2.576
14256,44,2.498,1.559,2.395
14258,44,2.102,1.153,1.989
14259,44,2.082,1.139,1.975
14261,44,1.945,0.992,1.838
14262,44,2.014,1.100,1.916
14264,44,2.170,1.256,2.067
14272,38,2.674,1.945,2.595
14274,38,2.537,1.867,2.434
14275,38,2.326,1.696,2.214
14277,38,1.935,1.364,1.828
14278,38,1.872,1.388,1.779
14280,38,1.618,1.202,1.525
14282,38,1.672,1.325,1.584
14283,38,1.657,1.403,1.613
14285,38,1.848,1.652,1.779
14286,38,2.053,1.940,1.994
14289,38,2.063,2.028,1.975
14294,35,1.882,2.033,1.940
14296,35,1.686,1.857,1.784
14298,35,1.241,1.442,1.403
14299,35,1.202,1.471,1.383
14301,35,0.992,1.325,1.246
14302,35,1.012,1.403,1.320
14304,35,1.085,1.530,1.447
14308,35,1.422,2.014,1.955
14310,35,1.588,2.209,2.185
14311,35,1.481,2.151,2.126
14317,35,0.767,1.593,1.520
14318,35,0.674,1.540,1.491
14320,35,0.430,1.300,1.237
14321,35,0.474,1.373,1.325
14323,35,0.523,1.442,1.388
14325,35,0.723,1.657,1.618
14326,35,0.899,1.857,1.833
14328,35,1.031,1.975,1.940
14329,35,1.237,2.185,2.160
14332,35,1.168,2.116,2.102
14334,35,1.139,2.063,2.053
14335,35,0.943,1.877,1.852
14341,38,0.435,1.334,1.256
14342,38,0.518,1.403,1.344
14344,38,0.630,1.461,1.437
14348,38,1.281,2.004,1.965
14350,38,1.496,2.126,2.141
14351,38,1.510,2.131,2.097
14353,38,1.515,2.102,2.063
14354,38,1.398,1.926,1.867
14356,38,1.281,1.789,1.725
14361,47,1.036,1.403,1.329
14363,47,1.129,1.461,1.383
14365,47,1.398,1.681,1.603
14366,47,1.574,1.833,1.769
14368,47,1.794,1.999,1.935
14369,47,2.014,2.190,2.136
14371,47,2.014,2.141,2.072
14374,47,2.014,2.111,2.043
14375,47,1.857,1.931,1.872
14377,47,1.750,1.779,1.716
14378,47,1.535,1.549,1.491
14380,47,1.403,1.378,1.334
14388,53,2.092,2.038,2.019
14390,53,2.229,2.155,2.175
14391,53,2.239,2.151,2.175
14393,53,2.204,2.107,2.151
14394,53,2.063,1.950,1.979
14396,53,1.911,1.799,1.848
14398,53,1.623,1.505,1.559
14399,53,1.520,1.378,1.417
14401,53,1.510,1.364,1.422
14402,53,1.540,1.388,1.457
14408,49,2.146,1.975,2.063
14409,49,2.326,2.170,2.273
14411,49,2.297,2.116,2.219
14413,49,2.263,2.067,2.165
14414,49,2.087,1.911,2.014
14417,49,1.877,1.701,1.789
14418,49,1.637,1.466,1.554
14420,49,1.442,1.276,1.349
14422,49,1.457,1.285,1.369
14430,45,2.273,2.146,2.209
14431,45,2.243,2.126,2.175
14433,45,2.209,2.107,2.136
14435,45,2.009,1.921,1.935
14436,45,1.843,1.750,1.760
14438,45,1.540,1.461,1.452
14439,45,1.398,1.334,1.290
14441,45,1.383,1.344,1.305
14442,45,1.417,1.383,1.334
14444,45,1.569,1.569,1.505
14446,45,1.720,1.720,1.652
14447,45,2.019,2.043,1.984
14461,46,1.329,1.339,1.271
14465,46,1.642,1.652,1.588
14467,46,1.872,1.887,1.838
14469,46,1.960,1.965,1.911
14470,46,2.195,2.204,2.165
14476,48,1.823,1.823,1.774
14480,48,1.256,1.266,1.217
14482,48,1.325,1.325,1.261
14483,48,1.388,1.388,1.325
14485,48,1.628,1.632,1.588
14486,48,1.828,1.833,1.779
14488,48,2.004,2.004,1.940
14489,48,2.209,2.195,2.160
14491,48,2.160,2.151,2.107
14493,48,2.102,2.102,2.038
14498,46,1.559,1.559,1.496
14500,46,1.315,1.315,1.246
14502,46,1.378,1.398,1.320
14504,46,1.442,1.442,1.393
14505,46,1.662,1.676,1.623
14507,46,1.877,1.877,1.823
14509,46,1.979,1.979,1.921
14510,46,2.204,2.209,2.175
14512,46,2.141,2.146,2.097
14520,46,1.325,1.325,1.251
14521,46,1.373,1.373,1.305
14523,46,1.417,1.422,1.359
14525,46,1.642,1.628,1.569
14526,46,1.769,1.779,1.735
14528,46,1.999,1.989,1.931
14529,46,2.175,2.195,2.146
14531,46,2.151,2.151,2.102
14533,46,2.107,2.107,2.063
14534,46,1.921,1.921,1.862
14536,46,1.774,1.769,1.706
14537,46,1.500,1.510,1.447
14543,46,1.422,1.427,1.364
14545,46,1.652,1.652,1.598
14547,46,1.813,1.833,1.779
14549,46,1.994,1.989,1.935
14550,46,2.199,2.204,2.165
14552,46,2.151,2.155,2.092
14553,46,2.102,2.092,2.048
14558,46,1.442,1.466,1.398
14559,46,1.388,1.378,1.295
14561,46,1.325,1.334,1.261
14566,47,1.755,1.755,1.706
14568,47,2.014,2.019,1.960
14569,47,2.170,2.185,2.136
14571,47,2.165,2.165,2.116
14573,47,2.141,2.126,2.072
14574,47,1.940,1.931,1.877
14576,47,1.779,1.779,1.716
14578,47,1.481,1.476,1.427
14579,47,1.329,1.325,1.246
14581,47,1.329,1.325,1.256
14582,47,1.349,1.349,1.285
14589,48,1.999,1.994,1.940
14590,48,2.195,2.224,2.170
14592,48,2.165,2.155,2.121
14593,48,2.107,2.097,2.048
14598,48,1.442,1.437,1.373
14599,48,1.373,1.393,1.300
14601,48,1.285,1.300,1.237
14603,48,1.359,1.369,1.300
14604,48,1.500,1.510,1.457
14606,48,1.647,1.647,1.598
14611,46,2.170,2.155,2.121
14613,46,2.131,2.121,2.082
14614,46,1.955,1.945,1.891
14616,46,1.813,1.789,1.745
14617,46,1.452,1.432,1.388
14619,46,1.344,1.300,1.256
14621,46,1.325,1.276,1.241
14622,46,1.388,1.334,1.290
14624,46,1.579,1.500,1.491
14625,46,1.725,1.647,1.662
14627,46,2.102,1.994,2.043
14633,46,2.253,2.067,2.175
14638,46,1.588,1.325,1.500
14639,46,1.598,1.305,1.500
14641,46,1.476,1.173,1.383
14642,46,1.579,1.246,1.486
14644,46,1.711,1.344,1.628
14646,46,1.921,1.530,1.823
14647,46,2.278,1.867,2.214
14649,46,2.341,1.906,2.283
14650,46,2.546,2.063,2.468
14656,46,2.219,1.632,2.121
14657,46,1.862,1.251,1.774
14659,46,1.808,1.168,1.696
14661,46,1.774,1.105,1.657
14662,46,1.852,1.163,1.755
14664,46,2.038,1.329,1.940
14665,46,2.170,1.437,2.097
14667,46,2.556,1.808,2.483
14669,46,2.620,1.838,2.537
14674,46,2.639,1.823,2.546
14679,41,2.009,1.188,1.896
14681,41,1.862,1.046,1.755
14690,41,2.732,2.053,2.630
14694,41,2.405,1.833,2.302
14696,41,2.185,1.672,2.102
14701,36,1.598,1.266,1.500
14703,36,1.598,1.339,1.505
14704,36,1.784,1.598,1.696
14706,36,1.882,1.779,1.838
14708,36,2.082,2.028,1.999
14709,36,2.209,2.229,2.180
14711,36,2.136,2.204,2.151
14713,36,2.067,2.160,2.107
14715,36,1.838,1.950,1.882
14717,36,1.647,1.779,1.711
14718,36,1.320,1.515,1.442
14724,33,1.119,1.442,1.378
14725,33,1.325,1.681,1.623
14737,33,1.706,2.326,2.312
14739,33,1.676,2.322,2.307
14741,33,1.691,2.346,2.336
14746,33,1.764,2.498,2.498
14748,33,1.799,2.537,2.527
14749,33,1.838,2.605,2.595
14751,33,1.774,2.546,2.537
14753,33,1.755,2.527,2.517
14754,33,1.681,2.458,2.444
14756,33,1.628,2.410,2.400
14758,33,1.579,2.361,2.351
14760,33,1.520,2.302,2.287
14762,33,1.574,2.341,2.336
14763,33,1.593,2.356,2.351
14765,33,1.696,2.454,2.434
14770,35,1.911,2.605,2.595
14772,35,1.867,2.542,2.532
14773,35,1.862,2.502,2.493
14778,35,1.764,2.341,2.326
14779,35,1.769,2.302,2.297
14781,35,1.828,2.341,2.331
14783,35,1.877,2.356,2.336
14784,35,2.014,2.444,2.439
14786,35,2.058,2.483,2.473
14791,46,2.224,2.546,2.546
14793,46,2.214,2.522,2.507
14794,46,2.190,2.463,2.434
14796,46,2.146,2.370,2.366
14798,46,2.151,2.385,2.361
14799,46,2.102,2.292,2.283
14802,46,2.170,2.351,2.336
14803,46,1.564,1.716,1.657
14805,46,1.632,1.789,1.740
14807,46,1.799,1.945,1.891
14808,46,2.023,2.151,2.077
14810,46,2.219,2.239,2.180
14818,50,1.608,1.681,1.598
14820,50,1.452,1.496,1.422
14821,50,1.476,1.515,1.442
14823,50,1.496,1.535,1.461
14824,50,1.716,1.755,1.691
14826,50,1.857,1.887,1.813
14828,50,2.185,2.204,2.151
14829,50,2.307,2.326,2.292
14831,50,2.307,2.336,2.297
14836,54,1.843,1.852,1.799
14838,54,1.652,1.676,1.598
14839,54,1.427,1.432,1.359
14841,54,1.461,1.471,1.403
14843,54,1.496,1.496,1.442
14845,54,1.735,1.750,1.691
14847,54,1.891,1.896,1.857
14848,54,2.165,2.160,2.107
14850,54,2.336,2.346,2.312
14852,54,2.322,2.312,2.283
14860,50,1.285,1.285,1.197
14861,50,1.246,1.271,1.188
14863,50,1.281,1.295,1.222
14864,50,1.520,1.540,1.471
14866,50,1.672,1.686,1.628
14867,50,2.077,2.097,2.023
14869,50,2.209,2.229,2.170
14871,50,2.253,2.268,2.224
14872,50,2.180,2.219,2.170
14874,50,2.028,2.053,1.970
14876,50,1.794,1.813,1.740
14877,50,1.334,1.354,1.285
14882,53,1.188,1.222,1.149
14884,53,1.481,1.520,1.452
14887,53,1.574,1.613,1.544
14888,53,1.975,2.014,1.950
14890,53,2.180,2.214,2.151
14891,53,2.195,2.214,2.165
14896,53,1.760,1.789,1.706
14897,53,1.344,1.339,1.266
14899,53,1.285,1.285,1.212
14904,56,1.413,1.408,1.325
14906,56,1.569,1.554,1.500
14907,56,2.023,2.009,1.955
14909,56,2.087,2.087,2.063
14911,56,2.195,2.199,2.126
14912,56,2.111,2.087,2.048
14914,56,1.989,1.935,1.901
14916,56,1.799,1.750,1.711
14930,55,2.195,2.004,2.141
14934,55,2.209,1.911,2.126
14935,55,2.019,1.657,1.935
14937,55,1.755,1.334,1.667
14939,55,1.632,1.173,1.544
14940,55,1.398,0.860,1.285
14942,55,1.520,0.924,1.422
14950,53,2.742,1.769,2.654
14951,53,2.766,1.716,2.674
14953,53,2.781,1.608,2.664
14955,53,2.610,1.369,2.517
14956,53,2.463,1.114,2.326
14958,53,2.234,0.802,2.116
14959,53,2.067,0.543,1.931
14961,53,2.151,0.547,2.014
14963,53,2.219,0.577,2.092
14964,53,2.561,0.836,2.439
14966,53,2.757,0.982,2.639
14968,53,3.099,1.295,2.967
14974,42,3.275,1.369,3.133
14975,42,3.060,1.149,2.937
14977,42,2.771,0.875,2.610
14979,42,2.605,0.738,2.483
14980,42,2.322,0.479,2.195
14982,42,2.361,0.567,2.239
14986,42,2.757,1.105,2.649
14988,42,3.050,1.491,2.933
14990,42,3.177,1.696,3.074
14995,31,2.703,1.525,2.576
14996,31,2.366,1.285,2.239
14998,31,2.097,1.144,1.994
15000,31,1.774,0.924,1.657
15001,31,1.745,1.002,1.642
15003,31,1.725,1.109,1.628
15004,31,1.911,1.417,1.804
15006,31,1.999,1.628,1.921
15008,31,2.175,1.921,2.087
15009,31,2.307,2.199,2.248
15011,31,2.185,2.190,2.141
15014,31,2.043,2.136,2.058
15019,23,1.139,1.447,1.359
15020,23,0.782,1.139,1.065
15022,23,0.777,1.212,1.124
15024,23,0.797,1.276,1.202
15028,23,1.334,1.955,1.931
15030,23,1.457,2.131,2.087
15031,23,1.408,2.136,2.116
15033,23,1.300,2.087,2.067
15034,23,1.109,1.921,1.887
15036,23,0.850,1.716,1.676
15041,25,0.166,1.173,1.109
15043,25,0.166,1.217,1.163
15044,25,0.367,1.452,1.417
15046,25,0.508,1.628,1.598
15048,25,0.826,1.921,1.891
15049,25,0.992,2.102,2.111
15051,25,0.987,2.126,2.116
15052,25,0.934,2.082,2.082
15054,25,0.733,1.911,1.891
15057,25,0.518,1.701,1.672
15058,25,0.117,1.373,1.339
15063,30,0.034,1.261,1.217
15068,30,0.777,1.950,1.940
15069,30,0.880,2.043,2.053
15071,30,1.002,2.116,2.126
15073,30,0.968,2.053,2.058
15074,30,0.850,1.950,1.955
15076,30,0.728,1.779,1.745
15077,30,0.342,1.388,1.329
15079,30,0.313,1.339,1.285
15080,30,0.210,1.193,1.134
15086,39,0.797,1.618,1.593
15087,39,1.202,1.984,1.940
15089,39,1.383,2.116,2.102
15091,39,1.466,2.155,2.126
15092,39,1.437,2.087,2.067
15094,39,1.354,1.955,1.896
15095,39,1.232,1.789,1.716
15097,39,0.865,1.408,1.334
15100,39,0.850,1.364,1.261
15104,39,0.924,1.344,1.281
15109,45,1.760,2.067,2.009
15111,45,1.945,2.214,2.165
15112,45,1.901,2.151,2.082
15114,45,1.818,2.033,1.989
15116,45,1.652,1.862,1.804
15117,45,1.290,1.471,1.383
15119,45,1.266,1.422,1.334
15120,45,1.075,1.232,1.139
15122,45,1.217,1.320,1.232
15124,45,1.281,1.403,1.325
15125,45,1.510,1.642,1.535
15130,47,2.190,2.239,2.199
15132,47,2.116,2.170,2.121
15134,47,2.014,2.043,1.989
15135,47,1.838,1.862,1.794
15137,47,1.413,1.447,1.364
15138,47,1.378,1.388,1.305
15140,47,1.197,1.237,1.153
15145,47,1.579,1.623,1.544
15159,51,1.383,1.457,1.398
15163,51,1.173,1.271,1.183
15164,51,1.383,1.515,1.442
15166,51,1.544,1.681,1.593
15167,51,1.979,2.111,2.043
15169,51,2.038,2.180,2.146
15171,51,2.175,2.336,2.273
15176,51,1.681,1.838,1.745
15177,51,1.261,1.417,1.344
15179,51,1.051,1.212,1.105
15181,51,1.012,1.178,1.080
15182,51,1.061,1.212,1.149
15185,51,1.339,1.481,1.408
15186,51,1.530,1.686,1.598
15188,51,1.975,2.111,2.058
15190,51,2.102,2.243,2.204
15191,51,2.199,2.322,2.268
15199,52,1.246,1.315,1.217
15201,52,1.100,1.183,1.095
15202,52,1.197,1.256,1.183
15204,52,1.403,1.471,1.398
15206,52,1.618,1.647,1.569
15207,52,2.058,2.082,2.028
15209,52,2.126,2.141,2.092
15210,52,2.341,2.341,2.322
15212,52,2.268,2.239,2.195
15214,52,2.141,2.126,2.092
15215,52,1.916,1.891,1.848
15221,53,1.173,1.144,1.095
15222,53,1.217,1.197,1.134
15224,53,1.466,1.437,1.388
15225,53,1.637,1.623,1.588
15228,53,2.077,2.087,2.033
15230,53,2.165,2.185,2.146
15231,53,2.278,2.283,2.239
15236,53,1.867,1.877,1.804
15237,53,1.452,1.452,1.369
15239,53,1.310,1.334,1.246
15244,58,1.271,1.325,1.281
15246,58,1.525,1.535,1.457
15247,58,1.984,2.004,1.960
15249,58,2.058,2.063,2.009
15250,58,2.302,2.278,2.234
15252,58,2.199,2.165,2.136
15254,58,2.102,2.043,2.023
15255,58,1.857,1.755,1.779
15257,58,1.417,1.281,1.320
15259,58,1.373,1.193,1.266
15260,58,1.144,0.899,1.056
15262,58,1.310,1.002,1.202
15267,55,2.351,1.774,2.292
15270,55,2.493,1.794,2.429
15271,55,2.737,1.906,2.639
15276,55,2.561,1.369,2.439
15277,55,2.292,0.909,2.165
15279,55,2.278,0.743,2.165
15280,55,2.102,0.406,1.970
15282,55,2.273,0.445,2.180
15284,55,2.463,0.469,2.366
15289,48,3.592,1.124,3.470
15291,48,3.861,1.271,3.724
15292,48,3.847,1.129,3.700
15294,48,3.788,0.997,3.646
15295,48,3.631,0.738,3.475
15297,48,3.236,0.288,3.069
15299,48,3.236,0.220,3.065
15300,48,3.035,0.000,2.889
15302,48,3.143,0.108,2.986
15303,48,3.260,0.269,3.152
15305,48,3.504,0.533,3.348
15307,48,3.837,0.929,3.700
15313,39,3.895,1.315,3.759
15317,39,2.986,0.762,2.810
15319,39,2.786,0.762,2.634
15321,39,2.419,0.582,2.263
15322,39,2.385,0.782,2.263
15324,39,2.356,0.934,2.229
15325,39,2.468,1.310,2.356
15327,39,2.649,1.720,2.571
15329,39,2.590,1.891,2.512
15334,20,2.004,2.102,2.048
15336,20,1.603,1.896,1.838
15337,20,0.924,1.422,1.329
15339,20,0.650,1.349,1.261
15340,20,0.239,1.153,1.075
15342,20,0.137,1.232,1.168
15344,20,0.083,1.359,1.315
15345,20,0.127,1.579,1.569
15347,20,0.347,1.960,1.984
15348,20,0.279,2.043,2.077
15357,19,0.000,2.502,2.375
15359,19,0.000,2.620,2.498
15361,19,0.000,2.722,2.590
15362,19,0.000,2.810,2.678
15364,19,0.000,2.879,2.752
15365,19,0.000,2.928,2.810
15367,19,0.000,2.962,2.859
15368,19,0.000,2.986,2.869
15370,19,0.000,2.972,2.937
15372,19,0.000,2.937,2.859
15385,27,0.000,1.828,1.730
15389,27,0.709,2.146,2.165
15390,27,1.109,2.326,2.351
15392,27,1.197,2.243,2.239
15393,27,1.281,2.126,2.092
15395,27,1.202,1.891,1.838
15398,27,0.904,1.432,1.344
15403,49,1.100,1.237,1.134
15415,49,2.048,1.965,1.979
15417,49,1.706,1.637,1.598
15418,49,1.515,1.476,1.427
15420,49,1.178,1.158,1.095
15425,51,1.593,1.657,1.584
15427,51,1.984,2.063,2.004
15428,51,2.063,2.146,2.087
15430,51,2.307,2.405,2.361
15432,51,2.204,2.292,2.234
15433,51,2.121,2.185,2.121
15435,51,1.882,1.940,1.877
15437,51,1.505,1.544,1.452
15438,51,1.432,1.457,1.364
15441,51,1.139,1.129,1.070
15442,51,1.232,1.212,1.178
15448,59,2.224,2.077,2.190
15449,59,2.336,2.151,2.278
15451,59,2.566,2.317,2.498
15453,59,2.488,2.214,2.429
15457,59,1.896,1.500,1.774
15458,59,1.735,1.329,1.613
15460,59,1.422,1.002,1.310
15462,59,1.471,1.070,1.388
15463,59,1.559,1.149,1.471
15465,59,1.887,1.486,1.774
15470,55,2.688,2.283,2.615
15472,55,2.561,2.190,2.468
15473,55,2.463,2.111,2.356
15475,55,2.160,1.848,2.053
15477,55,1.711,1.457,1.613
15478,55,1.569,1.359,1.476
15480,55,1.183,1.017,1.114
15481,55,1.241,1.129,1.163
15484,55,1.305,1.222,1.217
15486,55,1.598,1.588,1.530
15487,55,1.848,1.896,1.843
15489,55,2.023,2.097,2.023
15497,49,1.461,1.623,1.530
15498,49,1.163,1.373,1.281
15500,49,0.836,1.056,0.943
15502,49,0.850,1.095,1.002
15503,49,0.885,1.139,1.075
15505,49,1.202,1.491,1.417
15506,49,1.398,1.701,1.623
15508,49,1.794,2.072,2.028
15509,49,2.014,2.312,2.283
15515,49,1.628,1.926,1.867
15516,49,1.261,1.554,1.461
15518,49,1.046,1.334,1.256
15520,49,0.733,1.012,0.924
15521,49,0.797,1.061,0.987
15523,49,0.880,1.139,1.051
15524,49,1.246,1.486,1.417
15527,49,1.486,1.711,1.647
15529,49,1.862,2.038,1.984
15533,49,2.067,2.209,2.165
15538,49,1.193,1.290,1.207
15540,49,0.958,1.051,0.953
15541,49,0.958,1.051,0.948
15543,49,1.031,1.090,0.992
15545,49,1.369,1.413,1.329
15546,49,1.579,1.613,1.525
15548,49,2.067,2.072,2.019
15549,49,2.229,2.224,2.204
15551,49,2.283,2.283,2.248
15553,49,2.229,2.219,2.190
15554,49,2.014,1.994,1.940
15556,49,1.784,1.760,1.720
15561,54,1.090,1.012,0.987
15563,54,1.129,1.056,1.065
15564,54,1.481,1.388,1.413
15566,54,1.696,1.579,1.628
15567,54,2.116,1.955,2.033
15573,54,2.336,2.087,2.268
15574,54,2.204,1.891,2.087
15576,54,2.019,1.637,1.911
15578,54,1.525,1.129,1.413
15583,51,1.452,0.855,1.315
15585,51,1.813,1.153,1.701
15586,51,2.009,1.315,1.940
15588,51,2.542,1.730,2.444
15589,51,2.737,1.862,2.649
15591,51,2.845,1.896,2.752
15593,51,2.840,1.818,2.752
15594,51,2.678,1.588,2.610
15596,51,2.517,1.325,2.395
15597,51,2.082,0.821,1.979
15599,51,2.009,0.655,1.872
15601,51,1.945,0.557,1.833
15606,46,2.639,1.075,2.542
15608,46,3.050,1.432,2.908
15609,46,3.299,1.681,3.211
15622,46,2.204,0.572,2.072
15630,39,3.270,1.872,3.172
15632,39,3.167,1.818,3.055
15633,39,3.030,1.764,2.923
15635,39,2.761,1.559,2.654
15637,39,2.380,1.251,2.243
15638,39,2.136,1.105,2.023
15640,39,1.755,0.816,1.632
15641,39,1.755,0.890,1.632
15643,39,1.764,1.017,1.667
15645,39,1.999,1.334,1.906
15646,39,2.146,1.623,2.107
15651,32,2.444,2.175,2.292
15654,32,2.263,2.131,2.190
15656,32,1.945,1.921,1.877
15657,32,1.481,1.544,1.452
15659,32,1.310,1.437,1.354
15661,32,0.938,1.114,1.031
15665,32,1.153,1.496,1.422
15666,32,1.295,1.686,1.628
15668,32,1.632,2.067,2.009
15673,25,1.540,2.170,2.141
15675,25,1.266,1.940,1.906
15677,25,0.904,1.662,1.584
15678,25,0.601,1.427,1.369
15680,25,0.225,1.129,1.056
15681,25,0.210,1.168,1.095
15683,25,0.249,1.241,1.178
15684,25,0.494,1.520,1.476
15686,25,0.635,1.716,1.667
15688,25,0.997,2.063,2.043
15689,25,1.183,2.302,2.307
15691,25,1.158,2.287,2.302
15697,27,0.415,1.652,1.588
15699,27,0.225,1.476,1.422
15700,27,0.000,1.173,1.124
15705,27,0.274,1.525,1.466
15706,27,0.499,1.696,1.662
15708,27,0.953,2.131,2.121
15709,27,1.056,2.239,2.243
15711,27,1.173,2.346,2.341
15713,27,1.153,2.243,2.263
15714,27,1.022,2.102,2.082
15720,37,0.235,1.222,1.158
15721,37,0.279,1.217,1.139
15723,37,0.362,1.251,1.183
15724,37,0.684,1.515,1.466
15726,37,0.943,1.735,1.672
15727,37,1.413,2.146,2.107
15729,37,1.628,2.322,2.292
15731,37,1.720,2.361,2.341
15732,37,1.706,2.302,2.283
15734,37,1.569,2.121,2.102
15735,37,1.408,1.911,1.848
15742,43,0.855,1.237,1.173
15746,43,1.408,1.701,1.632
15748,43,1.911,2.151,2.102
15749,43,2.019,2.229,2.170
15751,43,2.239,2.405,2.366
15753,43,2.170,2.331,2.283
15754,43,2.063,2.185,2.131
15756,43,1.862,1.965,1.916
15757,43,1.413,1.496,1.388
15759,43,1.369,1.422,1.329
15764,49,1.540,1.559,1.515
15766,49,1.745,1.730,1.681
15767,49,2.175,2.180,2.131
15769,49,2.302,2.302,2.283
15771,49,2.395,2.390,2.356
15772,49,2.317,2.317,2.283
15774,49,2.131,2.151,2.102
15776,49,1.931,1.935,1.862
15777,49,1.461,1.452,1.393
15782,49,1.266,1.281,1.222
15788,50,2.160,2.170,2.131
15789,50,2.219,2.229,2.195
15791,50,2.405,2.405,2.366
15793,50,2.292,2.302,2.253
15794,50,2.146,2.165,2.102
15796,50,1.926,1.950,1.882
15797,50,1.452,1.447,1.383
15799,50,1.373,1.398,1.325
15801,50,1.163,1.188,1.114
15802,50,1.246,1.276,1.188
15804,50,1.383,1.432,1.369
15809,51,2.248,2.292,2.253
15811,51,2.336,2.380,2.331
15812,51,2.243,2.297,2.258
15814,51,2.053,2.102,2.058
15816,51,1.843,1.911,1.833
15817,51,1.364,1.417,1.354
15822,51,1.153,1.256,1.173
15823,51,1.222,1.310,1.256
15826,51,1.510,1.632,1.569
15827,51,1.828,1.965,1.911
15833,48,2.165,2.317,2.258
15834,48,2.043,2.155,2.116
15836,48,1.784,1.935,1.862
15837,48,1.290,1.447,1.344
15839,48,1.227,1.373,1.290
15848,48,1.926,2.087,2.033
15856,50,1.608,1.745,1.662
15858,50,1.222,1.383,1.315
15859,50,0.968,1.105,1.017
15861,50,0.973,1.114,1.031
15863,50,1.017,1.158,1.065
15864,50,1.364,1.496,1.417
15867,50,1.540,1.672,1.588
15868,50,2.019,2.111,2.063
15873,50,2.170,2.248,2.199
15878,51,1.261,1.320,1.241
15880,51,1.100,1.158,1.051
15881,51,1.036,1.075,1.012
15883,51,1.105,1.149,1.061
15884,51,1.344,1.408,1.339
15886,51,1.554,1.598,1.525
15888,51,2.067,2.077,2.038
15889,51,2.146,2.170,2.136
15891,51,2.317,2.317,2.283
15892,51,2.219,2.224,2.180
15894,51,2.063,2.053,1.994
15899,51,1.085,1.075,1.012
15901,51,1.080,1.046,0.987
15902,51,1.105,1.114,1.046
15904,51,1.432,1.408,1.339
15906,51,1.623,1.593,1.544
15907,51,2.092,2.072,2.023
15910,51,2.243,2.219,2.204
15914,51,2.151,2.067,2.072
15916,51,1.872,1.794,1.794
15917,51,1.466,1.349,1.344
15923,53,1.237,1.075,1.144
15924,53,1.471,1.305,1.422
15926,53,1.701,1.481,1.608
15928,53,2.190,1.960,2.131
15929,53,2.278,2.014,2.224
15931,53,2.498,2.165,2.414
15932,53,2.419,2.048,2.346
15934,53,2.312,1.882,2.214
15936,53,2.107,1.628,2.028
15937,53,1.652,1.105,1.554
15939,53,1.642,1.017,1.540
15940,53,1.461,0.777,1.369
15946,51,2.185,1.261,2.097
15947,51,2.678,1.676,2.581
15949,51,2.874,1.784,2.781
15954,51,2.898,1.574,2.786
15956,51,2.708,1.295,2.586
15958,51,2.351,0.836,2.214
15959,51,2.322,0.753,2.190
15961,51,2.097,0.469,1.955
15962,51,2.243,0.577,2.126
15968,39,3.196,1.417,3.094
15969,39,3.304,1.496,3.206
15971,39,3.456,1.637,3.338
15973,39,3.363,1.530,3.250
15974,39,3.216,1.369,3.069
15976,39,2.991,1.178,2.864
15977,39,2.498,0.709,2.375
15979,39,2.429,0.660,2.302
15981,39,2.248,0.513,2.116
15982,39,2.312,0.611,2.175
15984,39,2.468,0.826,2.322
15985,39,2.620,1.065,2.507
15993,33,2.874,1.716,2.761
15996,33,2.566,1.520,2.458
15998,33,2.087,1.109,1.955
15999,33,1.950,1.090,1.833
16001,33,1.642,0.890,1.525
16002,33,1.691,1.070,1.574
16004,33,1.696,1.188,1.598
16006,33,1.911,1.525,1.813
16007,33,2.141,1.891,2.082
16009,33,2.160,2.038,2.087
16014,26,1.891,2.063,1.994
16016,26,1.623,1.867,1.794
16017,26,1.085,1.393,1.300
16019,26,0.948,1.354,1.261
16021,26,0.679,1.144,1.075
16022,26,0.714,1.251,1.163
16024,26,0.762,1.403,1.364
16025,26,0.943,1.637,1.579
16027,26,1.241,1.999,1.970
16035,24,0.894,1.916,1.877
16038,24,0.489,1.579,1.530
16039,24,0.367,1.496,1.447
16041,24,0.029,1.217,1.158
16042,24,0.044,1.285,1.237
16044,24,0.093,1.369,1.320
16045,24,0.357,1.637,1.603
16047,24,0.567,1.882,1.877
16049,24,0.733,2.048,2.038
16050,24,0.973,2.307,2.336
16052,24,0.934,2.258,2.253
16053,24,0.850,2.175,2.185
16059,31,0.137,1.496,1.457
16060,31,0.000,1.271,1.212
16062,31,0.000,1.339,1.295
16063,31,0.049,1.403,1.359
16065,31,0.367,1.672,1.642
16075,31,0.973,1.994,1.970
16094,42,1.774,2.209,2.155
16096,42,1.584,1.989,1.931
16097,42,1.290,1.652,1.574
16099,42,1.207,1.559,1.496
16104,47,1.364,1.613,1.540
16106,47,1.569,1.779,1.706
16107,47,2.019,2.175,2.131
16109,47,2.082,2.229,2.190
16110,47,2.312,2.414,2.366
16112,47,2.239,2.326,2.278
16114,47,2.180,2.234,2.170
16115,47,1.994,2.038,1.970
16117,47,1.613,1.637,1.549
16119,47,1.579,1.588,1.510
16120,47,1.457,1.491,1.417
16126,49,1.979,1.970,1.931
16128,49,2.326,2.336,2.297
16130,49,2.405,2.410,2.385
16134,49,2.317,2.322,2.297
16136,49,2.146,2.136,2.092
16137,49,1.833,1.818,1.755
16139,49,1.784,1.779,1.725
16140,49,1.520,1.535,1.481
16142,49,1.603,1.623,1.574
16144,49,1.652,1.676,1.623
16149,49,2.326,2.346,2.307
16151,49,2.463,2.473,2.449
16152,49,2.375,2.395,2.356
16154,49,2.278,2.283,2.234
16155,49,2.092,2.107,2.043
16157,49,1.696,1.716,1.652
16159,49,1.667,1.691,1.623
16160,49,1.486,1.530,1.461
16162,49,1.569,1.603,1.535
16163,49,1.701,1.764,1.725
16166,49,1.891,1.935,1.862
16174,51,2.248,2.312,2.268
16176,51,2.019,2.116,2.058
16177,51,1.696,1.794,1.725
16179,51,1.642,1.755,1.676
16181,51,1.378,1.520,1.452
16182,51,1.457,1.618,1.554
16184,51,1.544,1.672,1.613
16185,51,1.769,1.911,1.852
16187,51,2.033,2.155,2.126
16189,51,2.126,2.263,2.219
16194,50,2.146,2.307,2.243
16195,50,1.960,2.116,2.038
16197,50,1.588,1.735,1.652
16199,50,1.559,1.716,1.637
16200,50,1.369,1.535,1.461
16202,50,1.466,1.608,1.549
16203,50,1.569,1.716,1.657
16205,50,1.789,1.921,1.867
16207,50,2.082,2.224,2.170
16212,50,2.322,2.424,2.390
16217,53,1.740,1.828,1.745
16219,53,1.681,1.764,1.696
16221,53,1.442,1.496,1.442
16222,53,1.520,1.588,1.520
16224,53,1.613,1.657,1.579
16225,53,1.852,1.882,1.828
16227,53,2.111,2.131,2.087
16229,53,2.224,2.253,2.209
16230,53,2.463,2.488,2.454
16232,53,2.385,2.405,2.366
16233,53,2.312,2.312,2.283
16239,55,1.510,1.496,1.427
16240,55,1.261,1.261,1.193
16242,55,1.378,1.369,1.295
16244,55,1.466,1.471,1.388
16245,55,1.730,1.711,1.652
16247,55,2.019,2.033,1.989
16252,55,2.341,2.336,2.317
16254,55,2.292,2.292,2.239
16255,55,2.048,2.053,2.004
16257,55,1.818,1.818,1.755
16262,54,1.217,1.232,1.153
16264,54,1.325,1.325,1.261
16265,54,1.598,1.598,1.535
16267,54,1.872,1.877,1.838
16268,54,2.092,2.063,2.023
16270,54,2.400,2.366,2.361
16272,54,2.361,2.302,2.297
16273,54,2.263,2.209,2.199
16275,54,2.028,1.945,1.950
16277,54,1.745,1.628,1.632
16278,54,1.486,1.373,1.422
16280,54,1.168,1.017,1.080
16285,53,1.755,1.476,1.696
16287,53,2.126,1.818,2.067
16328,41,3.289,1.281,3.152
16330,41,3.612,1.598,3.495
16332,41,3.529,1.520,3.402
16333,41,3.431,1.422,3.299
16335,41,3.187,1.188,3.050
16337,41,2.840,0.860,2.683
16339,41,2.678,0.718,2.546
16341,41,2.361,0.445,2.224
16354,28,2.977,1.711,2.859
16358,28,2.048,1.056,1.940
16359,28,1.833,0.943,1.706
16361,28,1.720,0.968,1.608
16363,28,1.711,1.070,1.584
16364,28,1.823,1.369,1.764
16366,28,1.950,1.598,1.891
16367,28,2.297,2.097,2.234
16369,28,2.258,2.224,2.239
16374,23,1.706,1.999,1.926
16376,23,1.413,1.789,1.720
16381,23,0.635,1.290,1.217
16383,23,0.635,1.378,1.315
16384,23,0.670,1.530,1.486
16386,23,0.811,1.755,1.701
16388,23,1.070,2.116,2.111
16389,23,1.022,2.151,2.146
16391,23,1.134,2.326,2.331
16392,23,0.938,2.224,2.234
16398,23,0.000,1.574,1.530
16399,23,0.000,1.540,1.500
16401,23,0.000,1.574,1.525
16402,23,0.000,1.642,1.593
16404,23,0.000,1.711,1.652
16405,23,0.000,1.794,1.789
16407,23,0.249,2.082,2.107
16409,23,0.264,2.131,2.151
16410,23,0.455,2.307,2.361
16412,23,0.362,2.224,2.258
16420,29,0.000,1.681,1.618
16422,29,0.000,1.642,1.598
16424,29,0.000,1.632,1.584
16426,29,0.239,1.833,1.804
16427,29,0.503,2.028,2.014
16429,29,0.762,2.209,2.185
16430,29,1.056,2.410,2.405
16432,29,1.095,2.361,2.361
16434,29,1.114,2.312,2.307
16435,29,1.031,2.141,2.097
16437,29,0.982,1.989,1.931
16438,29,0.850,1.784,1.740
16444,44,1.100,1.755,1.706
16445,44,1.427,2.004,1.945
16447,44,1.701,2.219,2.185
16448,44,1.872,2.302,2.278
16450,44,2.141,2.493,2.463
16452,44,2.141,2.439,2.405
16456,44,2.004,2.204,2.170
16458,44,1.838,2.014,1.950
16459,44,1.828,1.945,1.896
16466,50,2.175,2.204,2.175
16467,50,2.395,2.419,2.400
16469,50,2.488,2.483,2.468
16470,50,2.630,2.610,2.600
16472,50,2.586,2.546,2.546
16474,50,2.532,2.498,2.498
16475,50,2.439,2.390,2.395
16477,50,2.326,2.263,2.268
16479,50,2.283,2.224,2.229
16480,50,2.170,2.102,2.107
16482,50,2.234,2.170,2.190
16483,50,2.292,2.224,2.248
16489,52,2.610,2.537,2.576
16490,52,2.713,2.639,2.664
16492,52,2.620,2.527,2.566
16496,52,2.346,2.263,2.273
16498,52,2.243,2.185,2.204
16500,52,2.107,2.048,2.048
16501,52,2.175,2.116,2.111
16503,52,2.185,2.151,2.126
16504,52,2.341,2.322,2.307
16511,48,2.644,2.659,2.639
16512,48,2.561,2.561,2.537
16514,48,2.483,2.498,2.458
16516,48,2.346,2.351,2.307
16517,48,2.151,2.141,2.111
16519,48,2.126,2.146,2.102
16520,48,1.979,1.975,1.940
16522,48,2.053,2.072,2.019
16524,48,2.126,2.131,2.097
16525,48,2.292,2.307,2.268
16527,48,2.434,2.468,2.434
16529,48,2.454,2.488,2.458
16534,53,2.400,2.439,2.405
16538,53,2.067,2.116,2.067
16540,53,1.891,1.945,1.901
16541,53,1.965,2.033,1.975
16543,53,2.038,2.092,2.043
16545,53,2.219,2.263,2.224
16546,53,2.322,2.405,2.366
16548,53,2.400,2.458,2.424
16551,53,2.556,2.615,2.595
16556,54,2.190,2.268,2.224
16558,54,1.935,2.009,1.935
16559,54,1.935,2.014,1.945
16561,54,1.755,1.843,1.794
16562,54,1.843,1.935,1.882
16564,54,1.906,1.994,1.931
16566,54,2.097,2.175,2.111
16567,54,2.297,2.380,2.326
16580,54,1.549,1.588,1.525
16584,54,1.877,1.911,1.852
16589,54,2.302,2.312,2.283
16590,54,2.439,2.434,2.400
16593,54,2.361,2.351,2.326
16595,54,2.268,2.253,2.209
16596,54,2.077,2.067,2.038
16602,56,1.457,1.427,1.369
16603,56,1.486,1.442,1.403
16605,56,1.686,1.647,1.613
16606,56,1.784,1.750,1.711
16608,56,2.190,2.126,2.126
16610,56,2.278,2.219,2.243
16611,56,2.341,2.268,2.283
16613,56,2.258,2.160,2.199
16614,56,2.087,1.975,2.028
16616,56,1.911,1.769,1.823
16618,56,1.452,1.281,1.373
16619,56,1.408,1.188,1.305
16624,51,1.764,1.403,1.672
16629,51,2.463,1.960,2.385
16630,51,2.693,2.111,2.610
16632,51,2.620,1.984,2.551
16635,51,2.581,1.813,2.458
16636,51,2.380,1.564,2.297
16638,51,1.999,1.051,1.867
16639,51,2.023,0.992,1.916
16641,51,1.867,0.748,1.769
16646,49,2.654,1.207,2.556
16648,49,3.162,1.603,3.045
16650,49,3.328,1.696,3.240
16651,49,3.470,1.730,3.363
16653,49,3.431,1.628,3.328
16654,49,3.304,1.393,3.167
16656,49,3.162,1.158,3.016
16658,49,2.727,0.684,2.595
16659,49,2.688,0.601,2.551
16661,49,2.615,0.474,2.483
16662,49,2.747,0.557,2.600
16671,37,3.807,1.676,3.661
16672,37,3.685,1.588,3.548
16674,37,3.500,1.471,3.377
16675,37,3.240,1.271,3.123
16678,37,2.717,0.816,2.576
16680,37,2.639,0.802,2.483
16681,37,2.346,0.640,2.224
16683,37,2.405,0.802,2.287
16684,37,2.512,1.036,2.385
16686,37,2.659,1.310,2.537
16691,30,3.011,2.141,2.908
16693,30,2.864,2.146,2.791
16695,30,2.586,2.014,2.493
16696,30,2.263,1.838,2.185
16698,30,1.779,1.544,1.701
16699,30,1.598,1.496,1.491
16701,30,1.388,1.466,1.369
16703,30,1.339,1.515,1.437
16707,30,1.657,2.131,2.102
16709,30,1.623,2.209,2.155
16714,25,1.354,2.263,2.219
16715,25,1.090,2.121,2.087
16717,25,0.635,1.755,1.720
16719,25,0.567,1.764,1.720
16721,25,0.376,1.686,1.623
16723,25,0.411,1.779,1.740
16724,25,0.479,1.945,1.911
16726,25,0.577,2.077,2.058
16728,25,0.836,2.400,2.385
16729,25,0.758,2.375,2.385
16731,25,0.836,2.493,2.532
16733,25,0.718,2.419,2.439
16738,24,0.137,1.921,1.906
16739,24,0.156,1.940,1.911
16741,24,0.147,1.931,1.891
16743,24,0.210,1.945,1.960
16747,24,0.679,2.380,2.375
16749,24,0.767,2.390,2.375
16750,24,0.968,2.537,2.532
16752,24,0.943,2.449,2.454
16753,24,0.929,2.385,2.395
16759,35,0.797,2.014,1.979
16760,35,0.826,1.945,1.911
16763,35,0.978,2.028,1.989
16765,35,1.188,2.155,2.116
16766,35,1.369,2.253,2.219
16768,35,1.662,2.468,2.434
16769,35,1.720,2.449,2.419
16771,35,1.891,2.532,2.502
16773,35,1.882,2.449,2.429
16774,35,1.911,2.400,2.356
16776,35,1.867,2.283,2.253
16777,35,1.730,2.087,2.023
16783,49,1.945,2.136,2.077
16795,49,2.400,2.336,2.366
16797,49,2.302,2.204,2.239
16798,49,2.307,2.214,2.258
16800,49,2.195,2.087,2.141
16806,48,2.532,2.385,2.463
16808,48,2.717,2.561,2.669
16809,48,2.683,2.542,2.630
16819,48,2.346,2.214,2.287
16823,48,2.283,2.175,2.214
16828,51,2.561,2.507,2.512
16830,51,2.649,2.620,2.615
16832,51,2.551,2.546,2.532
16833,51,2.493,2.502,2.478
16835,51,2.351,2.366,2.326
16836,51,2.209,2.219,2.175
16838,51,2.102,2.116,2.082
16840,51,1.965,1.999,1.940
16841,51,2.028,2.067,2.009
16843,51,2.063,2.092,2.053
16852,47,2.463,2.527,2.498
16854,47,2.400,2.483,2.458
16855,47,2.258,2.346,2.317
16857,47,2.131,2.229,2.204
16858,47,1.975,2.107,2.058
16860,47,1.857,1.999,1.945
16862,47,1.877,2.028,1.979
16863,47,1.896,2.058,2.009
16865,47,2.063,2.224,2.180
16867,47,2.131,2.307,2.263
16868,47,2.283,2.463,2.429
16873,49,2.243,2.434,2.395
16875,49,2.102,2.307,2.258
16877,49,1.921,2.121,2.072
16878,49,1.887,2.102,2.043
16880,49,1.711,1.931,1.882
16882,49,1.794,2.009,1.955
16883,49,1.862,2.067,2.023
16887,49,2.312,2.488,2.454
16889,49,2.380,2.576,2.556
16895,49,2.151,2.302,2.263
16897,49,2.028,2.165,2.107
16899,49,1.911,2.067,2.028
16900,49,1.779,1.916,1.862
16902,49,1.862,1.994,1.926
16903,49,1.891,2.023,1.965
16905,49,2.087,2.204,2.165
16907,49,2.204,2.307,2.263
16908,49,2.366,2.454,2.419
16910,49,2.493,2.566,2.542
16912,49,2.429,2.493,2.468
16913,49,2.395,2.458,2.419
16919,49,1.940,1.989,1.921
16920,49,1.740,1.774,1.720
16922,49,1.818,1.862,1.794
16923,49,1.896,1.926,1.867
16928,49,2.380,2.395,2.351
16929,49,2.483,2.498,2.468
16931,49,2.449,2.468,2.439
16934,49,2.414,2.429,2.385
16935,49,2.278,2.287,2.248
16940,57,1.740,1.745,1.686
16942,57,1.804,1.794,1.750
16944,57,1.833,1.818,1.774
16945,57,1.979,1.989,1.935
16947,57,2.131,2.126,2.097
16948,57,2.307,2.287,2.248
16950,57,2.483,2.473,2.454
16952,57,2.424,2.414,2.380
16953,57,2.370,2.346,2.317
16955,57,2.185,2.170,2.126
16957,57,2.004,1.979,1.931
16958,57,1.725,1.706,1.657
16964,52,1.647,1.613,1.588
16965,52,1.833,1.794,1.764
16969,52,2.410,2.356,2.380
16971,52,2.400,2.322,2.346
16973,52,2.346,2.258,2.292
16974,52,2.185,2.067,2.092
16977,52,1.970,1.833,1.887
16979,52,1.598,1.437,1.525
16980,52,1.442,1.271,1.334
16985,53,1.867,1.598,1.769
16987,53,2.097,1.828,2.043
16989,53,2.356,2.019,2.268
16990,53,2.639,2.248,2.566
16992,53,2.620,2.175,2.537
16994,53,2.566,2.072,2.478
16995,53,2.366,1.818,2.278
16997,53,2.160,1.554,2.028
16998,53,1.921,1.266,1.843
17000,53,1.686,0.958,1.569
17002,53,1.779,0.992,1.662
17010,50,3.055,1.926,2.952
17011,50,3.094,1.906,2.996
17013,50,3.094,1.828,2.977
17014,50,2.889,1.549,2.752
17016,50,2.732,1.329,2.576
17019,50,2.370,0.909,2.243
17020,50,2.224,0.689,2.087
17022,50,2.268,0.679,2.126
17023,50,2.326,0.718,2.204
17025,50,2.674,1.026,2.551
17027,50,2.830,1.158,2.717
17032,44,3.446,1.740,3.333
17034,44,3.363,1.628,3.240
17035,44,3.104,1.393,2.996
17037,44,2.854,1.134,2.708
17046,44,2.776,1.285,2.678
17054,30,2.937,1.794,2.840
17056,30,2.683,1.632,2.561
17060,30,2.004,1.222,1.887
17063,30,2.058,1.383,1.965
17064,30,2.092,1.505,1.989
17066,30,2.253,1.789,2.170
17068,30,2.449,2.116,2.385
17069,30,2.434,2.204,2.361
17071,30,2.571,2.458,2.507
17076,25,1.857,2.038,1.979
17078,25,1.393,1.652,1.579
17079,25,1.608,1.940,1.877
17081,25,1.476,1.882,1.833
17083,25,1.486,1.955,1.911
17084,25,1.530,2.077,2.048
17086,25,1.584,2.190,2.151
17087,25,1.725,2.414,2.395
17089,25,1.662,2.405,2.395
17091,25,1.716,2.512,2.488
17092,25,1.544,2.410,2.400
17100,23,0.577,1.755,1.711
17102,23,0.674,1.867,1.833
17103,23,0.640,1.921,1.935
17106,23,0.816,2.102,2.082
17108,23,1.007,2.322,2.326
17109,23,0.978,2.322,2.336
17111,23,1.129,2.502,2.532
17112,23,1.026,2.400,2.419
17114,23,0.919,2.317,2.341
17116,23,0.728,2.151,2.141
17121,28,0.274,1.740,1.716
17123,28,0.386,1.813,1.799
17124,28,0.552,1.940,1.921
17126,28,0.738,2.116,2.087
17127,28,1.026,2.375,2.390
17129,28,1.056,2.356,2.375
17131,28,1.237,2.483,2.507
17132,28,1.139,2.380,2.390
17134,28,1.124,2.317,2.302
17138,28,0.850,1.906,1.857
17143,42,1.285,2.151,2.126
17145,42,1.510,2.312,2.287
17148,42,1.740,2.483,2.458
17149,42,1.794,2.458,2.439
17151,42,1.999,2.610,2.595
17153,42,1.984,2.537,2.517
17154,42,1.994,2.488,2.478
17156,42,1.970,2.405,2.400
17157,42,1.916,2.307,2.283
17159,42,2.004,2.341,2.331
17161,42,1.989,2.278,2.258
17162,42,2.102,2.361,2.346
17168,46,2.517,2.639,2.630
17169,46,2.507,2.610,2.590
17171,46,2.532,2.600,2.590
17172,46,2.507,2.546,2.537
17174,46,2.468,2.488,2.468
17178,46,2.336,2.307,2.287
17180,46,2.268,2.248,2.248
17182,46,2.224,2.190,2.165
17183,46,2.287,2.273,2.253
17190,51,2.576,2.571,2.566
17191,51,2.625,2.595,2.595
17193,51,2.527,2.522,2.517
17195,51,2.458,2.458,2.439
17196,51,2.346,2.346,2.331
17198,51,2.151,2.146,2.111
17199,51,2.209,2.195,2.165
17201,51,2.121,2.126,2.102
17203,51,2.224,2.224,2.185
17204,51,2.317,2.341,2.287
17206,51,2.405,2.410,2.385
17207,51,2.590,2.590,2.576
17213,50,2.517,2.522,2.522
17214,50,2.410,2.405,2.405
17219,50,2.199,2.204,2.165
17220,50,2.097,2.121,2.077
17222,50,2.204,2.224,2.185
17224,50,2.253,2.268,2.268
17225,50,2.385,2.400,2.375
17227,50,2.546,2.576,2.556
17229,50,2.507,2.532,2.517
17235,52,2.410,2.419,2.395
17236,52,2.326,2.351,2.317
17238,52,2.092,2.131,2.097
17240,52,2.121,2.155,2.107
17241,52,2.107,2.136,2.107
17243,52,2.175,2.224,2.180
17245,52,2.307,2.351,2.307
17246,52,2.351,2.410,2.370
17248,52,2.561,2.625,2.610
17249,52,2.507,2.590,2.576
17251,52,2.527,2.605,2.590
17253,52,2.444,2.517,2.493
17261,52,2.043,2.141,2.102
17262,52,2.107,2.219,2.185
17264,52,2.214,2.336,2.287
17266,52,2.273,2.385,2.346
17267,52,2.483,2.600,2.576
17281,53,1.945,2.053,1.994
17285,53,2.224,2.312,2.263
17287,53,2.346,2.429,2.400
17289,53,2.424,2.483,2.454
17290,53,2.576,2.639,2.610
17292,53,2.493,2.546,2.507
17294,53,2.429,2.478,2.449
17295,53,2.287,2.341,2.287
17297,53,2.165,2.199,2.141
17302,53,2.087,2.121,2.092
17304,53,2.136,2.185,2.160
17305,53,2.312,2.322,2.287
17307,53,2.493,2.517,2.488
17311,53,2.542,2.537,2.527
17313,53,2.502,2.483,2.473
17315,53,2.336,2.331,2.317
17316,53,2.239,2.214,2.180
17319,53,2.077,2.072,2.043
17320,53,1.950,1.935,1.896
17326,51,2.273,2.258,2.224
17327,51,2.429,2.414,2.405
17329,51,2.463,2.439,2.439
17331,51,2.639,2.605,2.605
17332,51,2.537,2.498,2.502
17334,51,2.454,2.400,2.400
17335,51,2.278,2.219,2.224
17337,51,2.063,1.989,1.979
17339,51,2.023,1.935,1.950
17340,51,1.823,1.740,1.760
17342,51,1.935,1.833,1.867
17347,51,2.590,2.424,2.546
17352,51,2.674,2.454,2.625
17353,51,2.620,2.370,2.556
17355,51,2.434,2.160,2.366
17357,51,2.229,1.926,2.151
17358,51,2.151,1.813,2.067
17361,51,1.970,1.574,1.867
17362,51,2.067,1.672,1.989
17364,51,2.180,1.735,2.087
17366,51,2.463,1.984,2.390
17371,51,3.109,2.478,3.021
17373,51,3.006,2.331,2.923
17374,51,2.972,2.263,2.864
17376,51,2.810,2.048,2.717
17377,51,2.532,1.730,2.410
17379,51,2.546,1.706,2.454
17381,51,2.375,1.481,2.263
17382,51,2.512,1.588,2.429
17384,51,2.630,1.642,2.527
17388,51,3.304,2.214,3.192
17394,45,3.392,2.209,3.280
17395,45,3.201,2.014,3.094
17397,45,2.937,1.725,2.805
17398,45,2.869,1.642,2.737
17400,45,2.625,1.408,2.507
17403,45,2.717,1.500,2.610
17404,45,2.859,1.642,2.742
17406,45,3.045,1.838,2.918
17407,45,3.289,2.111,3.211
17409,45,3.368,2.209,3.260
17411,45,3.568,2.414,3.465
17416,39,3.084,2.004,2.977
17418,39,2.708,1.672,2.581
17419,39,2.693,1.667,2.571
17421,39,2.502,1.535,2.395
17423,39,2.586,1.652,2.493
17424,39,2.703,1.794,2.590
17426,39,2.845,1.994,2.732
17430,39,3.196,2.502,3.123
17432,39,3.079,2.424,3.001
17433,39,2.947,2.346,2.849
17439,30,2.283,1.862,2.180
17440,30,2.146,1.794,2.058
17442,30,2.219,1.926,2.146
17444,30,2.287,2.063,2.219
17446,30,2.419,2.234,2.351
17448,30,2.581,2.468,2.537
17449,30,2.512,2.458,2.483
17451,30,2.615,2.610,2.581
17453,30,2.458,2.488,2.449
17454,30,2.366,2.414,2.375
17456,30,2.180,2.248,2.209
17461,23,1.818,1.965,1.906
17463,23,1.891,2.048,1.989
17464,23,1.994,2.165,2.136
17466,23,2.087,2.263,2.229
17478,23,1.774,2.146,2.121
17484,25,1.769,2.234,2.229
17485,25,1.896,2.380,2.351
17487,25,2.043,2.566,2.546
17490,25,1.955,2.517,2.522
17491,25,2.043,2.605,2.605
17493,25,1.984,2.478,2.478
17494,25,1.823,2.458,2.434
17496,25,1.681,2.346,2.331
17498,25,1.510,2.146,2.131
17499,25,1.559,2.263,2.317
17501,25,1.417,2.155,2.107
17506,23,1.672,2.454,2.424
17508,23,1.852,2.639,2.630
17517,23,1.354,2.190,2.155
17521,23,1.383,2.209,2.180
17523,23,1.427,2.253,2.219
17528,35,1.740,2.537,2.527
17534,35,1.799,2.517,2.507
17535,35,1.701,2.390,2.366
17537,35,1.603,2.312,2.268
17538,35,1.437,2.121,2.097
17540,35,1.413,2.058,2.023
17542,35,1.505,2.151,2.116
17543,35,1.569,2.185,2.155
17545,35,1.764,2.361,2.317
17546,35,1.838,2.424,2.390
17552,43,2.067,2.551,2.537
17553,43,2.043,2.507,2.473
17555,43,1.931,2.380,2.346
17557,43,1.848,2.258,2.224
17558,43,1.764,2.175,2.146
17560,43,1.686,2.087,2.043
17561,43,1.804,2.185,2.141
17563,43,1.867,2.229,2.190
17565,43,2.048,2.385,2.361
17566,43,2.146,2.458,2.429
17575,44,2.195,2.424,2.375
17577,44,2.102,2.326,2.283
17579,44,1.999,2.214,2.175
17580,44,1.931,2.131,2.097
17582,44,2.023,2.224,2.170
17583,44,2.077,2.268,2.234
17585,44,2.253,2.439,2.414
17587,44,2.312,2.478,2.458
17588,44,2.424,2.576,2.556
17590,44,2.498,2.644,2.625
17592,44,2.434,2.576,2.561
17597,49,2.199,2.317,2.297
17599,49,2.195,2.326,2.302
17600,49,2.102,2.219,2.190
17602,49,2.195,2.302,2.283
17603,49,2.239,2.361,2.331
17605,49,2.351,2.478,2.454
17607,49,2.434,2.566,2.542
17611,49,2.463,2.581,2.571
17613,49,2.434,2.551,2.542
17619,52,2.214,2.331,2.307
17621,52,2.126,2.258,2.229
17622,52,2.214,2.341,2.307
17624,52,2.243,2.366,2.351
17625,52,2.370,2.473,2.463
17627,52,2.419,2.546,2.532
17629,52,2.463,2.581,2.561
17630,52,2.546,2.659,2.644
17632,52,2.468,2.576,2.561
17634,52,2.444,2.537,2.527
17635,52,2.341,2.444,2.419
17637,52,2.273,2.370,2.336
17642,52,2.204,2.297,2.263
17644,52,2.253,2.351,2.317
17645,52,2.370,2.463,2.429
17647,52,2.498,2.576,2.561
17651,52,2.517,2.576,2.551
17653,52,2.498,2.566,2.532
17655,52,2.405,2.449,2.419
17656,52,2.326,2.375,2.351
17659,52,2.243,2.283,2.243
17660,52,2.170,2.195,2.170
17666,55,2.468,2.488,2.463
17667,55,2.571,2.586,2.571
17669,55,2.556,2.571,2.566
17671,55,2.649,2.659,2.659
17672,55,2.581,2.581,2.576
17674,55,2.537,2.537,2.537
17676,55,2.458,2.458,2.449
17677,55,2.361,2.356,2.351
17679,55,2.395,2.390,2.380
17680,55,2.312,2.302,2.307
17682,55,2.395,2.380,2.380
17687,60,2.664,2.664,2.664
17692,60,2.590,2.586,2.581
17693,60,2.546,2.537,2.537
17695,60,2.458,2.454,2.458
17697,60,2.370,2.366,2.361
17698,60,2.380,2.375,2.361
17700,60,2.204,2.204,2.175
17702,60,2.283,2.292,2.263
17704,60,2.331,2.336,2.322
17709,53,2.561,2.561,2.556
17711,53,2.620,2.620,2.605
17713,53,2.502,2.507,2.502
17714,53,2.439,2.444,2.410
17716,53,2.322,2.322,2.287
17718,53,2.116,2.102,2.063
17719,53,2.097,2.082,2.043
17721,53,1.975,1.965,1.911
17722,53,2.019,2.009,1.975
17724,53,2.087,2.067,2.033
17726,53,2.253,2.219,2.199
17734,55,2.488,2.380,2.429
17735,55,2.336,2.190,2.263
17737,55,2.116,1.940,2.023
17739,55,2.102,1.911,2.038
17749,55,2.752,2.287,2.659
17757,52,2.737,1.950,2.620
17758,52,2.478,1.647,2.380
17760,52,2.424,1.496,2.307
17762,52,2.512,1.535,2.395
17763,52,2.644,1.593,2.537
17765,52,2.991,1.867,2.874
17766,52,3.133,1.950,3.021
17768,52,3.514,2.248,3.397
17770,52,3.490,2.165,3.377
17771,52,3.534,2.126,3.416
17777,46,3.079,1.427,2.874
17778,46,2.913,1.246,2.781
17780,46,2.713,0.982,2.576
17784,46,3.162,1.364,3.065
17787,46,3.333,1.496,3.211
17788,46,3.729,1.877,3.627
17790,46,3.827,1.970,3.729
17792,46,3.876,1.970,3.754
17793,46,3.773,1.887,3.680
17795,46,3.646,1.745,3.519
17800,34,2.908,1.041,2.776
17802,34,2.952,1.100,2.830
17804,34,2.986,1.183,2.864
17805,34,3.221,1.471,3.123
17807,34,3.343,1.628,3.236
17808,34,3.563,1.901,3.451
17810,34,3.705,2.121,3.622
17812,34,3.622,2.067,3.509
17813,34,3.504,2.028,3.397
17815,34,3.231,1.838,3.128
17816,34,3.011,1.686,2.884
17824,22,2.468,1.716,2.395
17826,22,2.532,1.887,2.434
17828,22,2.732,2.239,2.659
17830,22,2.752,2.405,2.698
17832,22,2.605,2.405,2.556
17834,22,2.424,2.380,2.380
17835,22,2.111,2.190,2.121
17837,22,1.818,1.994,1.921
17838,22,1.320,1.613,1.540
17840,22,1.085,1.496,1.413
17845,21,1.134,1.921,1.882
17847,21,1.149,2.077,2.038
17849,21,1.334,2.336,2.336
17850,21,1.383,2.512,2.502
17852,21,1.178,2.429,2.439
17853,21,1.061,2.400,2.414
17855,21,0.762,2.248,2.239
17857,21,0.543,2.121,2.092
17858,21,0.274,1.975,1.960
17863,21,0.029,1.955,1.945
17868,24,0.318,2.434,2.444
17869,24,0.337,2.517,2.542
17871,24,0.269,2.458,2.498
17874,24,0.215,2.414,2.444
17875,24,0.088,2.297,2.297
17877,24,0.000,2.224,2.234
17878,24,0.000,2.190,2.151
17880,24,0.000,2.165,2.121
17882,24,0.000,2.126,2.082
17883,24,0.000,2.072,2.053
17885,24,0.142,2.121,2.107
17890,36,0.865,2.522,2.542
17892,36,0.890,2.439,2.483
17893,36,0.973,2.439,2.439
17895,36,0.953,2.307,2.283
17896,36,0.982,2.209,2.175
17898,36,0.904,1.999,1.975
17902,36,1.266,2.043,2.009
17904,36,1.530,2.185,2.141
17906,36,1.750,2.287,2.243
17907,36,2.063,2.507,2.483
17913,48,2.283,2.498,2.458
17915,48,2.214,2.366,2.361
17917,48,2.180,2.273,2.253
17918,48,2.019,2.097,2.048
17920,48,2.023,2.058,2.014
17922,48,2.087,2.107,2.067
17923,48,2.151,2.165,2.126
17925,48,2.312,2.312,2.292
17927,48,2.375,2.375,2.351
17928,48,2.576,2.576,2.556
17930,48,2.595,2.590,2.590
17931,48,2.576,2.586,2.571
17937,55,2.410,2.395,2.380
17938,55,2.366,2.361,2.366
17943,55,2.429,2.400,2.410
17944,55,2.527,2.498,2.512
17946,55,2.581,2.542,2.566
17948,55,2.737,2.678,2.688
17949,55,2.722,2.654,2.698
17951,55,2.708,2.610,2.659
17953,55,2.669,2.556,2.625
17959,56,2.517,2.380,2.478
17960,56,2.488,2.307,2.414
17962,56,2.561,2.385,2.517
17964,56,2.595,2.410,2.556
17965,56,2.737,2.542,2.693
17967,56,2.776,2.576,2.722
17976,56,2.634,2.444,2.581
17984,52,2.605,2.507,2.576
17986,52,2.625,2.542,2.586
17987,52,2.766,2.693,2.727
17989,52,2.664,2.649,2.644
17993,52,2.502,2.532,2.522
17995,52,2.429,2.449,2.439
17997,52,2.302,2.346,2.322
17998,52,2.322,2.375,2.370
18005,50,2.380,2.473,2.483
18006,50,2.429,2.542,2.522
18008,50,2.551,2.688,2.654
18009,50,2.473,2.620,2.610
18011,50,2.498,2.639,2.639
18013,50,2.424,2.571,2.566
18014,50,2.351,2.517,2.493
18016,50,2.283,2.444,2.429
18018,50,2.141,2.292,2.283
18019,50,2.219,2.370,2.346
18021,50,2.195,2.326,2.322
18026,50,2.307,2.449,2.165
18028,50,2.390,2.507,2.483
18029,50,2.414,2.532,2.512
18031,50,2.410,2.532,2.507
18035,50,2.195,2.273,2.224
18037,50,1.960,2.063,1.979
18039,50,2.023,2.082,2.023
18040,50,1.750,1.813,1.755
18043,50,1.916,1.965,1.911
18044,50,1.945,1.994,1.970
18050,52,2.468,2.493,2.468
18051,52,2.449,2.454,2.444
18053,52,2.390,2.400,2.366
18055,52,2.283,2.268,2.224
18056,52,2.131,2.131,2.097
18058,52,1.774,1.740,1.701
18060,52,1.799,1.774,1.725
18061,52,1.696,1.681,1.652
18063,52,1.808,1.794,1.755
18064,52,1.960,1.921,1.896
18066,52,2.111,2.067,2.058
18071,54,2.522,2.414,2.473
18076,54,2.126,1.955,2.067
18077,54,1.799,1.559,1.701
18079,54,1.823,1.569,1.720
18080,54,1.569,1.261,1.471
18082,54,1.662,1.325,1.579
18084,54,1.833,1.417,1.740
18086,54,2.165,1.691,2.067
18088,54,2.507,2.009,2.458
18089,54,2.620,2.023,2.542
18095,53,2.776,1.911,2.669
18096,53,2.639,1.711,2.542
18098,53,2.283,1.251,2.165
18100,53,2.346,1.271,2.224
18101,53,2.273,1.085,2.165
18103,53,2.454,1.188,2.346
18104,53,2.678,1.339,2.590
18106,53,2.933,1.520,2.840
18108,53,3.382,1.901,3.289
18112,53,3.578,1.940,3.470
18117,45,2.933,1.168,2.781
18119,45,2.933,1.149,2.791
18121,45,2.737,0.973,2.620
18122,45,2.884,1.109,2.732
18124,45,2.957,1.232,2.849
18125,45,3.157,1.505,3.074
18127,45,3.500,1.823,3.416
18130,45,3.460,1.833,3.397
18131,45,3.690,2.067,3.583
18133,45,3.524,1.891,3.377
18134,45,3.377,1.872,3.270
18140,38,2.517,1.217,2.380
18141,38,2.380,1.188,2.278
18143,38,2.434,1.320,2.336
18145,38,2.576,1.525,2.473
18146,38,2.659,1.730,2.576
18148,38,2.981,2.160,2.908
18150,38,2.933,2.219,2.869
18166,27,1.740,1.960,1.911
18167,27,1.999,2.297,2.263
18169,27,1.955,2.292,2.258
18171,27,2.063,2.458,2.434
18173,27,1.872,2.336,2.317
18175,27,1.740,2.258,2.229
18176,27,1.481,2.067,2.028
18178,27,1.129,1.794,1.725
18179,27,1.129,1.823,1.764
18185,27,1.075,1.960,1.916
18186,27,1.139,2.072,2.038
18188,27,1.437,2.390,2.370
18190,27,1.364,2.385,2.375
18191,27,1.422,2.458,2.434
18193,27,1.281,2.351,2.331
18194,27,1.144,2.229,2.199
18196,27,0.938,2.087,2.067
18198,27,0.655,1.789,1.760
18202,27,0.577,1.764,1.730
18207,25,1.237,2.395,2.395
18209,25,1.241,2.414,2.405
18219,25,0.943,2.009,1.994
18223,25,1.012,1.984,1.931
18225,25,1.227,2.155,2.107
18230,39,1.750,2.571,2.556
18232,39,1.711,2.483,2.478
18234,39,1.725,2.458,2.444
18235,39,1.637,2.341,2.307
18237,39,1.584,2.229,2.204
18238,39,1.535,2.160,2.116
18240,39,1.681,2.263,2.239
18242,39,1.804,2.351,2.341
18243,39,1.872,2.375,2.366
18245,39,2.023,2.483,2.463
18246,39,2.092,2.527,2.507
18252,43,2.243,2.561,2.546
18257,43,2.170,2.414,2.390
18259,43,2.126,2.341,2.326
18260,43,2.111,2.302,2.287
18262,43,2.209,2.366,2.356
18264,43,2.258,2.390,2.370
18265,43,2.375,2.502,2.493
18267,43,2.429,2.537,2.507
18268,43,2.532,2.615,2.595
18270,43,2.576,2.634,2.625
18275,48,2.449,2.454,2.449
18277,48,2.390,2.380,2.375
18279,48,2.400,2.385,2.385
18280,48,2.307,2.326,2.312
18282,48,2.395,2.390,2.380
18283,48,2.424,2.429,2.424
18285,48,2.532,2.532,2.517
18287,48,2.581,2.581,2.586
18288,48,2.590,2.581,2.581
18293,48,2.556,2.546,2.551
18299,48,2.375,2.385,2.380
18301,48,2.297,2.322,2.307
18302,48,2.370,2.395,2.380
18304,48,2.395,2.429,2.419
18306,48,2.507,2.532,2.517
18307,48,2.532,2.571,2.556
18309,48,2.556,2.590,2.576
18310,48,2.620,2.664,2.649
18312,48,2.537,2.590,2.571
18314,48,2.493,2.546,2.537
18315,48,2.385,2.454,2.444
18321,52,2.209,2.331,2.312
18322,52,2.273,2.410,2.400
18324,52,2.312,2.454,2.429
18326,52,2.390,2.537,2.512
18327,52,2.473,2.630,2.610
18329,52,2.424,2.581,2.556
18330,52,2.483,2.644,2.625
18335,52,2.302,2.463,2.444
18336,52,2.243,2.424,2.400
18338,52,2.199,2.370,2.351
18344,50,2.258,2.439,2.424
18346,50,2.341,2.522,2.502
18348,50,2.439,2.615,2.595
18349,50,2.414,2.586,2.556
18351,50,2.483,2.649,2.630
18352,50,2.429,2.581,2.556
18354,50,2.380,2.532,2.512
18356,50,2.317,2.454,2.439
18357,50,2.224,2.346,2.331
18359,50,2.268,2.390,2.380
18361,50,2.209,2.317,2.307
18366,52,2.287,2.351,2.312
18367,52,2.478,2.546,2.512
18369,52,2.341,2.405,2.366
18371,52,2.454,2.498,2.463
18412,55,2.458,2.410,2.419
18414,55,2.395,2.336,2.341
18415,55,2.258,2.170,2.175
18417,55,2.092,1.965,2.004
18418,55,2.014,1.872,1.931
18420,55,1.789,1.623,1.720
18422,55,1.838,1.618,1.760
18423,55,1.950,1.676,1.877
18425,55,2.214,1.906,2.131
18427,55,2.380,2.014,2.322
18429,55,2.620,2.185,2.532
18434,52,2.820,2.151,2.722
18436,52,2.688,1.935,2.595
18438,52,2.483,1.652,2.361
18439,52,2.483,1.584,2.375
18441,52,2.336,1.334,2.224
18442,52,2.502,1.432,2.390
18444,52,2.644,1.491,2.542
18448,52,3.387,2.028,3.265
18450,52,3.578,2.170,3.485
18455,45,3.382,1.789,3.236
18457,45,3.162,1.520,3.006
18459,45,3.055,1.398,2.928
18460,45,2.845,1.163,2.698
18462,45,2.923,1.241,2.776
18463,45,3.001,1.334,2.874
18465,45,3.221,1.574,3.069
18467,45,3.387,1.774,3.270
18468,45,3.524,1.931,3.397
18471,45,3.715,2.170,3.617
18484,37,2.561,1.623,2.458
18488,37,2.967,2.297,2.889
18490,37,2.937,2.380,2.879
18491,37,2.879,2.434,2.801
18493,37,2.703,2.351,2.634
18495,37,2.463,2.253,2.410
18496,37,2.219,2.097,2.155
18504,35,1.784,2.023,1.970
18506,35,1.862,2.131,2.077
18507,35,2.126,2.444,2.414
18509,35,2.067,2.444,2.434
18511,35,2.092,2.507,2.478
18513,35,1.950,2.414,2.390
18515,35,1.774,2.302,2.263
18517,35,1.618,2.190,2.151
18518,35,1.285,1.896,1.848
18523,32,1.305,1.984,1.921
18525,32,1.486,2.180,2.151
18527,32,1.569,2.258,2.229
18528,32,1.769,2.463,2.439
18530,32,1.833,2.532,2.522
18532,32,1.784,2.488,2.483
18533,32,1.730,2.449,2.439
18535,32,1.588,2.312,2.302
18536,32,1.520,2.234,2.204
18541,32,1.217,1.945,1.901
18546,32,1.672,2.361,2.341
18548,32,1.882,2.542,2.537
18549,32,1.896,2.561,2.546
18551,32,1.911,2.551,2.527
18552,32,1.867,2.488,2.463
18555,32,1.833,2.434,2.410
18557,32,1.833,2.410,2.380
18558,32,1.681,2.239,2.219
18560,32,1.740,2.273,2.253
18562,32,1.774,2.287,2.268
18563,32,1.877,2.375,2.351
18565,32,2.009,2.463,2.444
18570,34,2.243,2.634,2.625
18572,34,2.204,2.576,2.566
18573,34,2.209,2.556,2.537
18575,34,2.126,2.439,2.429
18577,34,2.102,2.414,2.410
18581,34,2.072,2.346,2.331
18583,34,2.151,2.410,2.385
18584,34,2.229,2.463,2.483
18586,34,2.322,2.522,2.498
18591,41,2.444,2.590,2.571
18593,41,2.439,2.556,2.556
18594,41,2.370,2.483,2.463
18596,41,2.307,2.424,2.410
18599,41,2.214,2.331,2.322
18600,41,2.204,2.322,2.292
18602,41,2.273,2.375,2.361
18603,41,2.307,2.410,2.380
18605,41,2.434,2.532,2.498
18607,41,2.434,2.527,2.517
18608,41,2.546,2.639,2.620
18610,41,2.556,2.649,2.634
18615,40,2.351,2.463,2.439
18617,40,2.283,2.395,2.380
18621,40,2.229,2.375,2.361
18623,40,2.248,2.414,2.395
18625,40,2.341,2.517,2.498
18626,40,2.336,2.537,2.527
18628,40,2.434,2.654,2.634
18629,40,2.395,2.620,2.581
18631,40,2.326,2.566,2.537
18636,40,2.092,2.370,2.326
18638,40,1.984,2.297,2.263
18641,40,1.896,2.229,2.190
18642,40,1.965,2.292,2.268
18644,40,1.970,2.322,2.287
18645,40,2.097,2.449,2.419
18647,40,2.131,2.493,2.473
18649,40,2.209,2.586,2.542
18650,40,2.263,2.634,2.620
18652,40,2.180,2.566,2.546
18654,40,2.151,2.546,2.517
18655,40,2.023,2.414,2.400
18663,43,1.906,2.317,2.273
18665,43,2.033,2.424,2.405
18667,43,2.067,2.458,2.439
18668,43,2.195,2.561,2.532
18670,43,2.248,2.615,2.595
18671,43,2.195,2.546,2.517
18673,43,2.165,2.527,2.493
18675,43,2.087,2.405,2.375
18676,43,1.989,2.302,2.268
18683,47,1.945,2.214,2.190
18684,47,1.994,2.278,2.243
18686,47,2.141,2.405,2.370
18687,47,2.258,2.507,2.483
18689,47,2.287,2.532,2.498
18691,47,2.410,2.634,2.610
18692,47,2.346,2.561,2.527
18694,47,2.312,2.507,2.483
18696,47,2.243,2.419,2.400
18700,47,2.092,2.224,2.190
18705,53,2.302,2.405,2.366
18715,53,2.326,2.395,2.356
18719,53,2.180,2.229,2.160
18720,53,2.087,2.126,2.072
18722,53,2.190,2.229,2.170
18728,54,2.546,2.571,2.537
18730,54,2.537,2.556,2.546
18732,54,2.537,2.556,2.532
18733,54,2.478,2.488,2.473
18735,54,2.385,2.405,2.375
18737,54,2.312,2.317,2.273
18738,54,2.058,2.067,2.033
18740,54,2.077,2.077,2.023
18741,54,2.004,2.009,1.965
18743,54,2.087,2.082,2.043
18745,54,2.170,2.175,2.141
18750,56,2.581,2.581,2.561
18754,56,2.366,2.341,2.326
18756,56,2.229,2.219,2.195
18757,56,1.911,1.911,1.872
18759,56,1.935,1.945,1.887
18761,56,1.818,1.813,1.779
18762,56,1.906,1.891,1.848
18764,56,2.014,2.038,2.009
18766,56,2.165,2.170,2.141
18767,56,2.414,2.414,2.390
18773,55,2.424,2.424,2.410
18775,55,2.253,2.253,2.239
18777,55,2.116,2.102,2.053
18778,55,1.755,1.755,1.711
18780,55,1.696,1.681,1.628
18782,55,1.701,1.681,1.632
18783,55,1.794,1.774,1.735
18785,55,1.950,1.945,1.916
18786,55,2.058,2.019,2.009
18788,55,2.317,2.268,2.263
18796,54,2.023,1.896,1.970
18798,54,1.579,1.427,1.491
18799,54,1.608,1.413,1.500
18801,54,1.437,1.237,1.364
18802,54,1.579,1.325,1.500
18804,54,1.808,1.481,1.681
18806,54,2.058,1.716,1.984
18807,54,2.454,2.058,2.405
18809,54,2.537,2.067,2.483
18811,54,2.810,2.263,2.747
18813,54,2.722,2.102,2.649
18818,54,2.092,1.158,1.979
18820,54,2.121,1.075,1.975
18822,54,2.092,0.958,1.994
18823,54,2.283,1.031,2.175
18825,54,2.512,1.173,2.449
18826,54,2.786,1.320,2.683
18828,54,3.319,1.740,3.216
18832,54,3.646,1.764,3.514
18834,54,3.597,1.628,3.480
18836,54,3.431,1.334,3.314
18841,43,2.977,0.621,2.840
18842,43,3.143,0.718,3.006
18844,43,3.319,0.841,3.201
18846,43,3.597,1.100,3.465
18847,43,3.993,1.466,3.886
18849,43,4.042,1.520,3.920
18851,43,4.262,1.716,4.115
18852,43,4.120,1.598,3.993
18855,43,3.983,1.491,3.837
18856,43,3.724,1.285,3.578
18858,43,3.309,0.924,3.143
18863,28,3.001,0.953,2.849
18865,28,3.118,1.222,3.016
18867,28,3.211,1.432,3.079
18868,28,3.524,1.891,3.407
18880,28,1.662,1.510,1.564
18886,22,1.569,1.989,1.926
18887,22,1.784,2.346,2.336
18889,22,1.642,2.380,2.341
18891,22,1.628,2.522,2.502
18892,22,1.339,2.410,2.410
18894,22,1.100,2.312,2.312
18895,22,0.806,2.185,2.175
18898,22,0.376,1.935,1.891
18900,22,0.279,1.955,1.935
18901,22,0.000,1.799,1.769
18903,22,0.000,1.935,1.916
18904,22,0.000,2.048,2.043
18910,21,0.059,2.444,2.502
18911,21,0.083,2.537,2.605
18913,21,0.000,2.551,2.581
18914,21,0.000,2.581,2.581
18916,21,0.000,2.615,2.581
18920,21,0.000,2.605,2.537
18922,21,0.000,2.556,2.502
18923,21,0.000,2.493,2.454
18925,21,0.000,2.449,2.439
18930,30,0.567,2.590,2.620
18932,30,0.567,2.483,2.507
18933,30,0.635,2.419,2.410
18935,30,0.655,2.278,2.268
18937,30,0.655,2.131,2.107
18939,30,0.836,2.146,2.111
18941,30,0.875,2.028,1.989
18954,46,2.312,2.478,2.473
18958,46,2.214,2.263,2.248
18960,46,2.248,2.273,2.253
18961,46,2.322,2.326,2.322
18963,46,2.400,2.390,2.380
18965,46,2.498,2.493,2.498
18966,46,2.532,2.542,2.522
18968,46,2.678,2.674,2.664
18976,51,2.439,2.429,2.424
18978,51,2.297,2.287,2.297
18979,51,2.336,2.302,2.307
18982,51,2.395,2.346,2.361
18983,51,2.473,2.405,2.429
18985,51,2.590,2.498,2.556
18987,51,2.654,2.551,2.610
18988,51,2.820,2.693,2.781
18990,51,2.820,2.669,2.791
18992,51,2.830,2.630,2.757
18993,51,2.786,2.571,2.737
18999,54,2.649,2.370,2.586
19000,54,2.605,2.312,2.532
19002,54,2.693,2.380,2.634
19003,54,2.727,2.419,2.669
19005,54,2.864,2.546,2.810
19007,54,2.908,2.600,2.859
19008,54,2.981,2.664,2.908
19013,54,2.874,2.595,2.810
19014,54,2.776,2.512,2.708
19016,54,2.708,2.473,2.634
19021,51,2.502,2.385,2.478
19023,51,2.488,2.410,2.454
19025,51,2.581,2.546,2.556
19027,51,2.595,2.586,2.571
19029,51,2.625,2.664,2.639
19030,51,2.659,2.703,2.678
19032,51,2.561,2.625,2.605
19034,51,2.517,2.590,2.576
19035,51,2.366,2.493,2.468
19037,51,2.322,2.429,2.400
19038,51,2.199,2.341,2.331
19044,50,1.887,2.107,2.048
19045,50,2.072,2.287,2.234
19047,50,2.195,2.424,2.400
19049,50,2.219,2.463,2.434
19053,50,2.243,2.502,2.478
19055,50,2.136,2.395,2.346
19056,50,1.984,2.229,2.180
19058,50,1.730,1.975,1.931
19059,50,1.686,1.916,1.867
19061,50,1.740,1.965,1.911
19067,50,2.185,2.380,2.326
19069,50,2.307,2.483,2.454
19071,50,2.463,2.634,2.610
19072,50,2.400,2.537,2.498
19074,50,2.346,2.463,2.434
19076,50,2.190,2.297,2.239
19077,50,2.053,2.126,2.063
19079,50,1.891,1.975,1.916
19080,50,1.720,1.774,1.716
19082,50,1.799,1.843,1.784
19084,50,1.852,1.896,1.843
19089,53,2.370,2.385,2.336
19090,53,2.561,2.566,2.546
19095,53,2.239,2.229,2.195
19097,53,2.097,2.082,2.028
19098,53,1.799,1.789,1.750
19100,53,1.559,1.549,1.481
19101,53,1.632,1.613,1.569
19103,53,1.686,1.676,1.623
19105,53,1.950,1.921,1.882
19106,53,2.058,2.004,2.009
19112,54,2.424,2.326,2.361
19114,54,2.361,2.229,2.302
19116,54,2.131,1.960,2.077
19117,54,1.901,1.681,1.799
19119,54,1.696,1.447,1.623
19121,54,1.476,1.173,1.373
19122,54,1.613,1.227,1.515
19124,54,1.701,1.276,1.623
19125,54,2.067,1.569,1.984
19127,54,2.292,1.711,2.219
19135,50,2.820,1.740,2.717
19137,50,2.717,1.510,2.586
19138,50,2.449,1.139,2.336
19140,50,2.375,0.909,2.229
19141,50,2.444,0.909,2.326
19143,50,2.566,0.929,2.439
19145,50,2.942,1.193,2.825
19146,50,3.192,1.354,3.069
19148,50,3.631,1.676,3.500
19150,50,3.847,1.818,3.729
19151,50,3.876,1.794,3.768
19157,44,3.382,1.119,3.226
19159,44,3.245,0.958,3.104
19161,44,3.001,0.679,2.849
19162,44,3.084,0.787,2.947
19164,44,3.157,0.885,3.021
19166,44,3.436,1.197,3.309
19167,44,3.617,1.461,3.509
19172,44,3.930,1.916,3.817
19185,32,2.713,1.579,2.610
19189,32,2.879,2.141,2.805
19190,32,2.986,2.410,2.923
19192,32,2.742,2.331,2.674
19195,32,2.527,2.273,2.458
19196,32,2.175,2.102,2.097
19198,32,1.681,1.745,1.662
19203,21,1.144,1.628,1.559
19205,21,1.256,1.862,1.823
19206,21,1.325,2.048,2.014
19208,21,1.588,2.405,2.405
19210,21,1.452,2.405,2.400
19211,21,1.427,2.488,2.498
19213,21,1.212,2.395,2.400
19214,21,0.997,2.283,2.273
19216,21,0.699,2.111,2.111
19218,21,0.200,1.740,1.716
19226,22,0.249,2.160,2.165
19227,22,0.499,2.429,2.488
19229,22,0.430,2.405,2.463
19231,22,0.552,2.537,2.590
19232,22,0.386,2.419,2.468
19234,22,0.259,2.322,2.361
19235,22,0.132,2.185,2.195
19238,22,0.000,2.033,2.009
19240,22,0.000,2.028,2.023
19241,22,0.000,1.979,1.960
19243,22,0.000,1.970,1.960
19248,31,0.753,2.507,2.546
19250,31,0.802,2.463,2.488
19251,31,0.992,2.551,2.605
19253,31,0.973,2.454,2.478
19254,31,0.982,2.361,2.375
19256,31,0.934,2.219,2.195
19258,31,0.782,1.950,1.891
19259,31,0.943,2.014,1.970
19264,31,1.232,2.023,1.989
19265,31,1.540,2.229,2.204
19270,44,2.209,2.595,2.600
19272,44,2.151,2.483,2.454
19274,44,2.146,2.419,2.380
19275,44,2.048,2.283,2.243
19277,44,1.862,2.058,2.004
19279,44,1.935,2.097,2.053
19281,44,1.828,1.935,1.877
19283,44,1.955,2.058,2.009
19284,44,2.077,2.131,2.087
19286,44,2.258,2.312,2.283
19288,44,2.478,2.498,2.468
19293,50,2.546,2.522,2.517
19295,50,2.463,2.429,2.419
19296,50,2.370,2.336,2.317
19298,50,2.107,2.048,2.043
19299,50,2.155,2.092,2.097
19304,50,2.224,2.141,2.180
19305,50,2.424,2.322,2.356
19307,50,2.576,2.483,2.537
19309,50,2.625,2.488,2.576
19310,50,2.776,2.639,2.727
19316,51,2.424,2.268,2.370
19317,51,2.126,1.950,2.033
19319,51,2.160,1.994,2.067
19320,51,2.023,1.852,1.960
19323,51,2.141,1.975,2.053
19325,51,2.214,2.067,2.155
19326,51,2.385,2.258,2.326
19328,51,2.634,2.507,2.590
19330,51,2.595,2.498,2.581
19331,51,2.717,2.615,2.683
19333,51,2.595,2.502,2.571
19338,48,1.984,1.970,1.940
19340,48,1.965,1.965,1.887
19344,48,1.999,2.028,1.989
19346,48,2.195,2.224,2.087
19347,48,2.414,2.449,2.419
19349,48,2.380,2.410,2.346
19351,48,2.551,2.620,2.581
19352,48,2.444,2.502,2.424
19354,48,2.336,2.414,2.380
19355,48,2.151,2.258,2.214
19361,51,1.681,1.808,1.735
19362,51,1.760,1.891,1.833
19364,51,1.926,2.067,1.999
19367,51,2.058,2.180,2.126
19368,51,2.346,2.498,2.468
19370,51,2.331,2.468,2.429
19371,51,2.424,2.551,2.522
19373,51,2.326,2.463,2.414
19375,51,2.214,2.346,2.302
19376,51,2.033,2.180,2.131
19378,51,1.691,1.823,1.755
19386,51,2.038,2.126,2.067
19388,51,2.336,2.424,2.395
19389,51,2.326,2.414,2.380
19391,51,2.488,2.556,2.527
19392,51,2.366,2.439,2.424
19394,51,2.283,2.341,2.292
19396,51,2.092,2.155,2.097
19397,51,1.784,1.828,1.745
19399,51,1.838,1.848,1.774
19413,53,2.449,2.434,2.405
19417,53,1.877,1.843,1.779
19419,53,1.608,1.593,1.554
19420,53,1.417,1.383,1.344
19422,53,1.491,1.442,1.408
19424,53,1.540,1.476,1.461
19429,52,2.307,2.170,2.234
19430,52,2.620,2.449,2.576
19432,52,2.556,2.341,2.483
19436,52,2.107,1.769,2.023
19438,52,1.740,1.344,1.662
19440,52,1.608,1.139,1.510
19441,52,1.657,1.134,1.569
19443,52,1.789,1.158,1.681
19444,52,2.111,1.427,2.033
19446,52,2.390,1.618,2.307
19452,51,3.196,2.092,3.094
19454,51,3.187,1.975,3.069
19456,51,2.986,1.676,2.864
19457,51,2.801,1.383,2.674
19459,51,2.581,1.090,2.478
19460,51,2.419,0.816,2.263
19462,51,2.556,0.875,2.419
19464,51,2.688,0.909,2.561
19465,51,3.060,1.232,2.928
19467,51,3.289,1.393,3.182
19469,51,3.675,1.706,3.543
19477,44,3.441,1.329,3.294
19478,44,3.069,0.987,2.937
19480,44,2.879,0.806,2.727
19481,44,2.874,0.855,2.737
19483,44,2.893,0.934,2.776
19485,44,3.187,1.266,3.074
19486,44,3.309,1.442,3.206
19488,44,3.646,1.862,3.539
19490,44,3.788,2.072,3.690
19491,44,3.700,2.067,3.607
19498,27,2.820,1.500,2.683
19499,27,2.576,1.388,2.454
19501,27,2.219,1.134,2.102
19502,27,2.214,1.266,2.102
19504,27,2.199,1.388,2.097
19506,27,2.502,1.833,2.429
19507,27,2.644,2.102,2.576
19509,27,2.727,2.326,2.654
19513,27,2.488,2.478,2.478
19519,22,1.569,1.906,1.833
19520,22,1.310,1.725,1.672
19522,22,1.305,1.833,1.755
19523,22,1.266,1.877,1.838
19525,22,1.403,2.131,2.097
19527,22,1.437,2.239,2.219
19528,22,1.535,2.429,2.424
19530,22,1.588,2.586,2.605
19531,22,1.427,2.507,2.522
19533,22,1.266,2.458,2.458
19535,22,0.987,2.253,2.253
19537,22,0.802,2.131,2.116
19543,23,0.279,1.862,1.838
19544,23,0.318,1.960,1.935
19546,23,0.538,2.204,2.195
19547,23,0.660,2.366,2.366
19549,23,0.753,2.473,2.468
19551,23,0.860,2.610,2.639
19567,33,0.973,2.498,2.537
19568,33,1.100,2.566,2.571
19570,33,1.246,2.654,2.654
19571,33,1.232,2.556,2.556
19573,33,1.285,2.532,2.517
19575,33,1.266,2.419,2.405
19576,33,1.276,2.351,2.346
19579,33,1.300,2.307,2.302
19581,33,1.320,2.239,2.214
19582,33,1.481,2.322,2.302
19587,43,2.048,2.600,2.595
19589,43,2.087,2.571,2.556
19591,43,2.239,2.664,2.669
19592,43,2.199,2.581,2.561
19594,43,2.209,2.522,2.498
19596,43,2.160,2.429,2.405
19597,43,2.077,2.307,2.273
19599,43,2.141,2.336,2.326
19603,43,2.239,2.346,2.346
19605,43,2.410,2.512,2.488
19610,52,2.674,2.693,2.669
19612,52,2.586,2.600,2.590
19613,52,2.556,2.551,2.542
19615,52,2.444,2.429,2.439
19617,52,2.351,2.326,2.322
19618,52,2.385,2.351,2.351
19620,52,2.278,2.258,2.258
19623,52,2.385,2.366,2.366
19624,52,2.454,2.410,2.419
19626,52,2.551,2.542,2.561
19627,52,2.654,2.620,2.649
19633,52,2.615,2.581,2.586
19634,52,2.571,2.522,2.537
19636,52,2.478,2.439,2.444
19638,52,2.312,2.263,2.278
19639,52,2.380,2.356,2.346
19655,53,2.322,2.331,2.292
19659,53,1.984,1.970,1.911
19661,53,1.935,1.950,1.887
19662,53,2.014,2.014,1.970
19665,53,2.180,2.195,2.160
19667,53,2.268,2.292,2.268
19668,53,2.600,2.605,2.581
19670,53,2.590,2.605,2.600
19672,53,2.595,2.600,2.590
19673,53,2.483,2.507,2.488
19679,53,1.960,1.989,1.945
19680,53,1.838,1.867,1.804
19682,53,1.911,1.945,1.891
19683,53,1.950,1.984,1.882
19685,53,2.028,2.067,2.023
19687,53,2.155,2.175,2.141
19688,53,2.458,2.498,2.444
19690,53,2.576,2.610,2.595
19691,53,2.517,2.546,2.537
19700,53,1.701,1.725,1.662
19701,53,1.745,1.760,1.720
19703,53,1.818,1.813,1.764
19704,53,2.067,2.067,2.004
19707,53,2.190,2.199,2.151
19709,53,2.507,2.498,2.463
19710,53,2.556,2.546,2.546
19712,53,2.532,2.522,2.517
19713,53,2.458,2.463,2.444
19715,53,2.317,2.326,2.302
19717,53,2.185,2.165,2.151
19718,53,1.882,1.882,1.833
19724,54,1.813,1.789,1.764
19725,54,1.672,1.628,1.598
19727,54,1.906,1.872,1.852
19728,54,2.268,2.209,2.204
19730,54,2.473,2.414,2.429
19732,54,2.458,2.370,2.400
19736,54,2.072,1.916,1.979
19738,54,1.618,1.442,1.525
19739,54,1.598,1.393,1.500
19744,51,1.916,1.579,1.813
19746,51,2.107,1.720,2.023
19748,51,2.551,2.121,2.473
19750,51,2.752,2.243,2.698
19752,51,2.830,2.239,2.742
19754,51,2.805,2.136,2.717
19755,51,2.630,1.877,2.561
19757,51,2.507,1.637,2.380
19758,51,2.102,1.168,1.994
19760,51,2.067,1.012,1.931
19762,51,2.087,0.958,1.955
19763,51,2.258,0.997,2.126
19769,48,3.358,1.740,3.226
19770,48,3.671,1.950,3.573
19772,48,3.690,1.896,3.578
19776,48,3.402,1.364,3.245
19778,48,2.908,0.802,2.776
19779,48,2.908,0.748,2.757
19781,48,2.830,0.611,2.698
19783,48,2.986,0.753,2.845
19784,48,3.236,0.978,3.118
19786,48,3.402,1.173,3.275
19791,36,4.032,1.843,3.900
19794,36,3.920,1.789,3.793
19795,36,3.661,1.569,3.495
19797,36,3.353,1.364,3.236
19799,36,2.903,0.982,2.781
19800,36,2.688,0.855,2.551
19802,36,2.605,0.885,2.493
19803,36,2.615,0.997,2.483
19805,36,2.825,1.329,2.693
19807,36,2.913,1.540,2.786
19808,36,3.206,1.979,3.089
19816,25,2.346,1.911,2.263
19818,25,1.789,1.525,1.706
19820,25,1.579,1.481,1.496
19821,25,1.408,1.476,1.383
19823,25,1.481,1.647,1.564
19824,25,1.632,1.945,1.896
19826,25,1.701,2.102,2.048
19828,25,1.906,2.429,2.400
19829,25,1.813,2.444,2.424
19831,25,1.764,2.493,2.478
19837,20,0.938,2.107,2.087
19839,20,0.557,1.843,1.828
19840,20,0.367,1.745,1.716
19842,20,0.274,1.784,1.750
19844,20,0.288,1.901,1.872
19845,20,0.425,2.126,2.111
19847,20,0.518,2.297,2.292
19848,20,0.660,2.498,2.517
19850,20,0.640,2.566,2.581
19858,23,0.000,2.141,2.146
19860,23,0.000,2.155,2.151
19861,23,0.000,2.160,2.165
19863,23,0.054,2.195,2.180
19864,23,0.220,2.326,2.297
19866,23,0.303,2.366,2.361
19867,23,0.562,2.556,2.561
19869,23,0.596,2.542,2.546
19883,40,1.271,2.356,2.346
19887,40,1.755,2.532,2.542
19889,40,1.862,2.537,2.522
19891,40,2.038,2.639,2.600
19892,40,2.067,2.546,2.537
19894,40,2.092,2.502,2.478
19895,40,2.082,2.410,2.395
19897,40,2.082,2.326,2.307
19899,40,2.131,2.336,2.326
19904,49,2.366,2.429,2.419
19908,49,2.556,2.581,2.571
19910,49,2.659,2.674,2.664
19912,49,2.576,2.581,2.581
19913,49,2.551,2.542,2.546
19915,49,2.444,2.444,2.439
19916,49,2.395,2.390,2.366
19918,49,2.361,2.366,2.351
19921,49,2.292,2.287,2.273
19922,49,2.380,2.366,2.361
19928,54,2.674,2.639,2.654
19929,54,2.625,2.600,2.590
19931,54,2.703,2.674,2.678
19933,54,2.634,2.590,2.595
19934,54,2.576,2.522,2.546
19936,54,2.512,2.439,2.468
19937,54,2.395,2.326,2.351
19939,54,2.449,2.375,2.410
19941,54,2.375,2.307,2.351
19949,55,2.698,2.595,2.659
19950,55,2.786,2.683,2.737
19952,55,2.698,2.605,2.654
19954,55,2.625,2.542,2.590
19955,55,2.556,2.454,2.507
19957,55,2.414,2.331,2.366
19959,55,2.463,2.390,2.414
19960,55,2.346,2.307,2.336
19963,55,2.434,2.390,2.405
19964,55,2.473,2.444,2.458
19966,55,2.561,2.542,2.537
19971,48,2.639,2.644,2.634
19973,48,2.571,2.581,2.576
19975,48,2.498,2.517,2.502
19976,48,2.414,2.449,2.439
19978,48,2.253,2.283,2.268
19979,48,2.292,2.317,2.307
19981,48,2.302,2.336,2.326
19983,48,2.356,2.395,2.380
19987,48,2.566,2.625,2.605
19989,48,2.537,2.595,2.566
19994,52,2.454,2.517,2.498
19996,52,2.390,2.439,2.424
19997,52,2.224,2.273,2.243
19999,52,2.268,2.322,2.283
20000,52,2.121,2.155,2.111
20002,52,2.214,2.239,2.190
20004,52,2.283,2.322,2.268
20006,52,2.346,2.385,2.341
20008,52,2.493,2.527,2.493
20010,52,2.454,2.498,2.473
20011,52,2.561,2.581,2.561
20017,52,2.268,2.263,2.219
20018,52,1.989,1.984,1.940
20020,52,1.921,1.896,1.838
20021,52,1.857,1.848,1.804
20023,52,1.916,1.901,1.867
20027,52,2.361,2.331,2.326
20029,52,2.400,2.346,2.356
20031,52,2.600,2.537,2.571
20032,52,2.517,2.444,2.478
20034,52,2.449,2.346,2.385
20039,50,1.760,1.574,1.662
20041,50,1.657,1.471,1.584
20042,50,1.520,1.261,1.422
20044,50,1.696,1.408,1.632
20045,50,1.999,1.647,1.896
20047,50,2.405,2.019,2.341
20050,50,2.507,2.077,2.463
20051,50,2.781,2.268,2.703
20053,50,2.717,2.121,2.644
20055,50,2.674,1.989,2.576
20056,50,2.473,1.686,2.361
20058,50,2.111,1.227,1.970
20063,49,2.224,1.056,2.102
20067,49,3.099,1.686,3.021
20069,49,3.206,1.745,3.118
20071,49,3.592,1.984,3.470
20072,49,3.539,1.843,3.328
20074,49,3.500,1.745,3.377
20076,49,3.314,1.486,3.192
20077,49,2.986,1.109,2.845
20079,49,2.923,1.017,2.781
20084,41,3.011,1.075,2.898
20086,41,3.240,1.310,3.113
20087,41,3.671,1.735,3.543
20089,41,3.675,1.764,3.578
20092,41,3.847,1.960,3.710
20093,41,3.700,1.862,3.578
20095,41,3.539,1.740,3.416
20096,41,3.270,1.535,3.148
20098,41,2.791,1.105,2.644
20111,27,3.016,2.317,2.923
20118,27,1.613,1.525,1.530
20120,27,1.447,1.520,1.413
20121,27,1.315,1.471,1.393
20123,27,1.300,1.559,1.476
20124,27,1.442,1.774,1.696
20130,26,1.848,2.473,2.454
20131,26,1.740,2.429,2.414
20134,26,1.623,2.380,2.370
20135,26,1.354,2.190,2.151
20137,26,1.095,2.023,1.989
20139,26,0.802,1.818,1.794
20140,26,0.635,1.725,1.681
20142,26,0.587,1.750,1.716
20143,26,0.562,1.789,1.755
20145,26,0.738,2.019,1.994
20147,26,0.806,2.111,2.087
20148,26,1.061,2.380,2.370
20154,26,0.934,2.400,2.400
20155,26,0.733,2.229,2.229
20159,26,0.386,1.911,1.887
20161,26,0.371,1.921,1.882
20163,26,0.464,1.999,1.970
20164,26,0.606,2.121,2.092
20166,26,0.704,2.204,2.199
20167,26,0.997,2.483,2.468
20169,26,1.012,2.454,2.454
20174,35,1.075,2.356,2.336
20177,35,1.051,2.273,2.263
20179,35,0.948,2.151,2.121
20180,35,0.968,2.097,2.058
20182,35,1.114,2.170,2.131
20183,35,1.207,2.190,2.175
20185,35,1.432,2.356,2.312
20187,35,1.525,2.395,2.370
20188,35,1.735,2.537,2.527
20190,35,1.843,2.576,2.566
20192,35,1.877,2.546,2.522
20200,46,1.848,2.219,2.190
20201,46,1.950,2.292,2.263
20203,46,2.082,2.356,2.331
20204,46,2.224,2.463,2.458
20206,46,2.312,2.522,2.502
20208,46,2.463,2.639,2.615
20209,46,2.483,2.630,2.615
20211,46,2.473,2.595,2.566
20213,46,2.444,2.537,2.517
20214,46,2.395,2.468,2.439
20221,49,2.283,2.292,2.278
20222,49,2.366,2.366,2.361
20224,49,2.405,2.395,2.395
20225,49,2.522,2.522,2.517
20227,49,2.581,2.561,2.551
20229,49,2.644,2.605,2.615
20230,49,2.713,2.674,2.678
20232,49,2.634,2.590,2.610
20248,52,2.674,2.634,2.639
20250,52,2.683,2.664,2.669
20251,52,2.615,2.595,2.600
20253,52,2.586,2.566,2.556
20254,52,2.498,2.483,2.463
20256,52,2.390,2.390,2.380
20258,52,2.248,2.248,2.234
20259,52,2.214,2.209,2.190
20266,54,2.434,2.439,2.419
20267,54,2.512,2.522,2.507
20269,54,2.561,2.556,2.532
20271,54,2.639,2.634,2.634
20272,54,2.561,2.571,2.561
20274,54,2.532,2.527,2.507
20275,54,2.414,2.419,2.410
20277,54,2.326,2.326,2.307
20279,54,2.287,2.292,2.283
20280,54,2.190,2.209,2.185
20282,54,2.273,2.278,2.258
20290,53,2.625,2.649,2.634
20292,53,2.546,2.576,2.546
20293,53,2.502,2.532,2.512
20295,53,2.380,2.410,2.380
20296,53,2.263,2.297,2.243
20298,53,2.067,2.092,2.053
20300,53,1.945,1.965,1.916
20301,53,1.887,1.926,1.862
20303,53,1.955,1.994,1.960
20305,53,2.155,2.190,2.151
20311,53,2.561,2.590,2.576
20312,53,2.473,2.493,2.473
20314,53,2.385,2.419,2.375
20316,53,2.219,2.239,2.195
20317,53,1.950,1.970,1.906
20319,53,1.877,1.891,1.828
20321,53,1.667,1.686,1.623
20322,53,1.755,1.760,1.701
20326,53,1.994,1.994,1.950
20328,53,2.326,2.312,2.273
20333,52,2.366,2.331,2.312
20335,52,2.151,2.131,2.102
20337,52,1.970,1.916,1.882
20338,52,1.735,1.686,1.676
20340,52,1.544,1.461,1.452
20350,52,2.498,2.322,2.449
20358,51,1.774,1.373,1.667
20360,51,1.784,1.329,1.696
20361,51,1.662,1.149,1.564
20363,51,1.799,1.246,1.706
20364,51,1.989,1.373,1.896
20366,51,2.268,1.598,2.185
20368,51,2.693,1.975,2.620
20369,51,2.781,1.970,2.688
20371,51,3.055,2.185,2.977
20372,51,2.967,2.028,2.884
20381,49,2.190,0.885,2.072
20382,49,2.351,1.002,2.239
20384,49,2.507,1.095,2.385
20385,49,2.810,1.364,2.717
20387,49,3.182,1.686,3.084
20390,49,3.280,1.745,3.187
20391,49,3.578,1.999,3.456
20393,49,3.475,1.867,3.353
20394,49,3.402,1.774,3.265
20396,49,3.148,1.520,3.045
20401,41,2.488,0.885,2.370
20403,41,2.576,0.997,2.454
20405,41,2.752,1.227,2.674
20406,41,2.898,1.398,2.801
20408,41,3.319,1.882,3.221
20409,41,3.309,1.931,3.206
20411,41,3.431,2.102,3.333
20413,41,3.270,2.014,3.172
20417,41,2.522,1.442,2.405
20419,41,2.302,1.325,2.190
20424,30,2.165,1.500,2.063
20426,30,2.322,1.769,2.219
20427,30,2.634,2.209,2.576
20429,30,2.595,2.253,2.522
20430,30,2.688,2.468,2.634
20433,30,2.493,2.380,2.439
20435,30,2.292,2.283,2.234
20436,30,1.989,2.082,2.014
20438,30,1.579,1.720,1.637
20439,30,1.491,1.716,1.632
20441,30,1.217,1.535,1.447
20446,27,1.461,2.004,1.965
20448,27,1.755,2.370,2.336
20450,27,1.720,2.400,2.390
20451,27,1.740,2.468,2.449
20453,27,1.579,2.380,2.361
20454,27,1.413,2.278,2.243
20496,34,1.452,2.419,2.405
20497,34,1.369,2.302,2.287
20499,34,1.471,2.351,2.346
20500,34,1.452,2.287,2.273
20502,34,1.593,2.361,2.351
20504,34,1.681,2.414,2.390
20505,34,1.823,2.502,2.488
20507,34,1.955,2.586,2.586
20509,34,1.984,2.546,2.542
20514,45,2.077,2.468,2.473
20515,45,2.048,2.429,2.419
20518,45,1.955,2.278,2.263
20520,45,2.048,2.341,2.322
20521,45,2.053,2.322,2.307
20523,45,2.151,2.385,2.370
20525,45,2.278,2.468,2.454
20526,45,2.331,2.507,2.488
20528,45,2.488,2.625,2.625
20532,45,2.478,2.566,2.546
20537,50,2.292,2.317,2.292
20539,50,2.366,2.361,2.351
20541,50,2.341,2.336,2.331
20542,50,2.429,2.424,2.414
20544,50,2.488,2.473,2.468
20546,50,2.537,2.537,2.532
20547,50,2.649,2.649,2.644
20549,50,2.595,2.590,2.595
20550,50,2.634,2.630,2.630
20552,50,2.556,2.551,2.556
20554,50,2.517,2.507,2.512
20559,47,2.336,2.326,2.326
20562,47,2.385,2.375,2.375
20563,47,2.424,2.414,2.410
20565,47,2.507,2.512,2.512
20567,47,2.537,2.537,2.522
20568,47,2.649,2.649,2.639
20573,47,2.561,2.551,2.590
20574,47,2.527,2.532,2.517
20576,47,2.449,2.449,2.424
20577,47,2.326,2.336,2.326
20583,49,2.395,2.429,2.414
20584,49,2.478,2.507,2.502
20586,49,2.502,2.522,2.502
20588,49,2.620,2.664,2.639
20589,49,2.581,2.620,2.610
20591,49,2.571,2.610,2.600
20592,49,2.507,2.566,2.551
20594,49,2.449,2.498,2.473
20596,49,2.400,2.444,2.439
20597,49,2.258,2.317,2.317
20599,49,2.297,2.356,2.341
20605,51,2.429,2.512,2.502
20615,51,2.370,2.483,2.463
20619,51,2.283,2.395,2.380
20620,51,2.209,2.322,2.302
20628,50,2.478,2.571,2.556
20630,50,2.561,2.649,2.634
20632,50,2.498,2.581,2.571
20633,50,2.458,2.546,2.522
20635,50,2.395,2.463,2.449
20637,50,2.322,2.375,2.366
20638,50,2.341,2.400,2.380
20640,50,2.268,2.322,2.307
20641,50,2.346,2.385,2.370
20643,50,2.395,2.434,2.414
20646,50,2.488,2.522,2.502
20651,53,2.625,2.634,2.625
20653,53,2.537,2.581,2.532
20654,53,2.527,2.527,2.517
20656,53,2.463,2.454,2.458
20658,53,2.361,2.351,2.331
20659,53,2.434,2.424,2.400
20661,53,2.356,2.341,2.351
20665,53,2.097,2.063,2.038
20667,53,2.234,2.185,2.195
20668,53,2.380,2.312,2.312
20674,54,2.370,2.258,2.307
20675,54,2.224,2.087,2.155
20677,54,1.955,1.784,1.872
20679,54,1.911,1.716,1.838
20680,54,1.706,1.461,1.618
20682,54,1.808,1.525,1.711
20683,54,1.906,1.584,1.823
20685,54,2.151,1.769,2.067
20687,54,2.326,1.872,2.190
20689,54,2.468,1.965,2.380
20691,54,2.786,2.224,2.727
20696,50,2.551,1.701,2.439
20698,50,2.234,1.271,2.097
20699,50,2.248,1.197,2.111
20701,50,2.028,0.890,1.926
20705,50,2.654,1.241,2.542
20707,50,2.928,1.417,2.835
20708,50,3.280,1.662,3.172
20710,50,3.597,1.877,3.490
20712,50,3.622,1.813,3.519
20713,50,3.612,1.725,3.490
20719,45,3.006,0.875,2.864
20720,45,2.766,0.601,2.625
20722,45,2.889,0.670,2.757
20724,45,3.001,0.748,2.874
20725,45,3.314,1.061,3.192
20727,45,3.607,1.344,3.504
20728,45,3.759,1.496,3.631
20731,45,4.047,1.799,3.920
20733,45,3.944,1.769,3.822
20734,45,3.822,1.632,3.695
20736,45,3.543,1.393,3.416
20741,28,2.644,0.753,2.512
20745,28,2.859,1.310,2.737
20747,28,3.006,1.603,2.928
20749,28,3.118,1.818,3.025
20750,28,3.299,2.155,3.206
20752,28,3.143,2.126,3.040
20754,28,2.933,2.082,2.840
20755,28,2.576,1.877,2.488
20757,28,2.204,1.672,2.087
20758,28,1.867,1.515,1.769
20764,23,1.320,1.569,1.525
20765,23,1.422,1.794,1.730
20767,23,1.613,2.116,2.082
20769,23,1.554,2.204,2.151
20770,23,1.672,2.424,2.414
20772,23,1.437,2.341,2.322
20774,23,1.197,2.263,2.239
20776,23,0.875,2.063,2.043
20778,23,0.450,1.779,1.745
20779,23,0.230,1.720,1.681
20787,19,0.132,2.146,2.185
20789,19,0.108,2.204,2.263
20790,19,0.269,2.424,2.507
20792,19,0.112,2.346,2.424
20794,19,0.034,2.302,2.341
20795,19,0.000,2.307,2.292
20797,19,0.000,2.331,2.263
20798,19,0.000,2.351,2.292
20800,19,0.000,2.341,2.263
20802,19,0.000,2.326,2.263
20803,19,0.000,2.297,2.243
20808,32,0.459,2.522,2.532
20810,32,0.621,2.595,2.610
20812,32,0.655,2.527,2.532
20813,32,0.718,2.483,2.483
20815,32,0.748,2.385,2.405
20817,32,0.797,2.297,2.297
20819,32,0.938,2.312,2.312
20823,32,1.334,2.331,2.322
20825,32,1.608,2.454,2.434
20827,32,1.755,2.483,2.468
20832,44,2.199,2.542,2.522
20834,44,2.253,2.502,2.493
20835,44,2.239,2.419,2.390
20845,44,2.537,2.488,2.527
20849,44,2.630,2.576,2.595
20854,52,2.498,2.478,2.473
20856,52,2.449,2.449,2.429
20857,52,2.283,2.307,2.287
20860,52,2.322,2.341,2.312
20862,52,2.322,2.361,2.346
20863,52,2.370,2.410,2.405
20865,52,2.444,2.502,2.512
20866,52,2.498,2.537,2.507
20868,52,2.634,2.674,2.649
20870,52,2.605,2.639,2.620
20878,56,2.297,2.283,2.292
20879,56,2.370,2.341,2.346
20881,56,2.380,2.346,2.361
20883,56,2.463,2.410,2.439
20884,56,2.566,2.522,2.551
20886,56,2.625,2.537,2.586
20887,56,2.776,2.674,2.742
20889,56,2.747,2.639,2.713
20891,56,2.752,2.634,2.717
20892,56,2.713,2.571,2.669
20894,56,2.659,2.522,2.610
20899,54,2.468,2.322,2.424
20902,54,2.532,2.385,2.473
20904,54,2.556,2.410,2.502
20905,54,2.664,2.537,2.620
20907,54,2.669,2.551,2.620
20908,54,2.757,2.644,2.693
20910,54,2.766,2.678,2.732
20912,54,2.678,2.620,2.654
20916,54,2.473,2.444,2.454
20921,50,2.366,2.375,2.370
20923,50,2.380,2.405,2.390
20925,50,2.478,2.502,2.512
20926,50,2.517,2.546,2.532
20928,50,2.615,2.649,2.634
20929,50,2.610,2.669,2.649
20931,50,2.556,2.605,2.586
20933,50,2.512,2.561,2.551
20934,50,2.444,2.512,2.483
20936,50,2.375,2.444,2.429
20938,50,2.263,2.326,2.307
20939,50,2.263,2.322,2.302
20945,51,2.058,2.126,2.077
20947,51,2.151,2.209,2.165
20949,51,2.312,2.366,2.331
20950,51,2.449,2.498,2.468
20952,51,2.405,2.444,2.405
20968,52,2.346,2.307,2.283
20970,52,2.419,2.370,2.380
20971,52,2.375,2.302,2.317
20973,52,2.326,2.243,2.283
20974,52,2.190,2.058,2.087
20976,52,1.950,1.799,1.857
20978,52,1.505,1.339,1.422
20979,52,1.447,1.232,1.344
20981,52,1.388,1.139,1.310
20982,52,1.520,1.217,1.422
20984,52,1.779,1.437,1.716
20990,51,2.693,2.151,2.615
20992,51,2.732,2.102,2.644
20994,51,2.742,2.023,2.669
20995,51,2.605,1.755,2.463
20997,51,2.439,1.515,2.322
20998,51,2.082,1.070,1.955
21000,51,1.989,0.850,1.877
21004,51,2.434,1.012,2.307
21006,51,2.776,1.212,2.639
21008,51,3.236,1.618,3.128
21013,47,3.627,1.662,3.495
21015,47,3.514,1.491,3.392
21016,47,3.333,1.232,3.192
21018,47,2.986,0.811,2.859
21019,47,2.898,0.684,2.747
21021,47,2.864,0.601,2.727
21023,47,2.962,0.660,2.810
21024,47,3.206,0.890,3.065
21026,47,3.402,1.080,3.260
21027,47,3.803,1.481,3.661
21030,47,3.886,1.588,3.763
21035,33,3.553,1.442,3.416
21037,33,3.280,1.246,3.138
21039,33,2.893,0.963,2.786
21040,33,2.610,0.777,2.473
21045,33,2.630,1.158,2.502
21046,33,2.713,1.393,2.600
21048,33,3.025,1.887,2.933
21049,33,2.972,1.994,2.879
21051,33,3.021,2.195,2.903
21053,33,2.776,2.146,2.698
21058,23,1.530,1.505,1.437
21060,23,1.178,1.315,1.232
21061,23,1.012,1.295,1.212
21063,23,0.919,1.344,1.266
21064,23,1.065,1.623,1.544
21066,23,1.065,1.764,1.711
21068,23,1.354,2.175,2.151
21069,23,1.310,2.263,2.268
21071,23,1.246,2.341,2.331
21085,19,0.000,1.945,1.921
21089,19,0.034,2.204,2.268
21090,19,0.205,2.439,2.527
21092,19,0.127,2.346,2.424
21096,19,0.000,2.239,2.199
21098,19,0.000,2.190,2.116
21103,30,0.000,2.038,1.984
21105,30,0.000,1.989,1.994
21106,30,0.098,2.043,2.072
21108,30,0.474,2.268,2.268
21110,30,0.709,2.429,2.473
21111,30,0.797,2.375,2.405
21113,30,0.875,2.356,2.375
21115,30,0.826,2.180,2.175
21117,30,0.841,2.072,2.038
21119,30,0.728,1.843,1.818
21120,30,0.762,1.735,1.696
21126,45,1.500,2.111,2.053
21127,45,1.755,2.278,2.239
21129,45,1.960,2.361,2.326
21130,45,2.204,2.537,2.517
21132,45,2.224,2.463,2.439
21136,45,2.146,2.248,2.204
21138,45,1.984,2.053,2.009
21140,45,1.989,2.038,1.984
21141,45,2.023,2.048,2.014
21143,45,2.165,2.180,2.151
21148,53,2.537,2.542,2.517
21150,53,2.630,2.630,2.630
21151,53,2.561,2.556,2.556
21153,53,2.522,2.522,2.507
21155,53,2.419,2.414,2.395
21156,53,2.395,2.375,2.356
21159,53,2.366,2.356,2.356
21160,53,2.307,2.292,2.287
21162,53,2.400,2.370,2.380
21164,53,2.419,2.400,2.405
21165,53,2.561,2.522,2.532
21171,54,2.761,2.659,2.713
21172,54,2.693,2.576,2.639
21177,54,2.561,2.400,2.517
21178,54,2.537,2.366,2.502
21180,54,2.493,2.307,2.444
21182,54,2.581,2.390,2.522
21183,54,2.610,2.434,2.566
21185,54,2.727,2.537,2.683
21186,54,2.781,2.581,2.727
21188,54,2.835,2.639,2.776
21193,51,2.742,2.561,2.688
21195,51,2.654,2.488,2.595
21197,51,2.507,2.351,2.458
21198,51,2.537,2.400,2.483
21201,51,2.424,2.317,2.385
21203,51,2.478,2.395,2.444
21204,51,2.512,2.454,2.473
21206,51,2.561,2.527,2.537
21207,51,2.630,2.639,2.634
21209,51,2.576,2.600,2.586
21211,51,2.639,2.669,2.654
21219,53,2.283,2.390,2.375
21220,53,2.185,2.317,2.297
21222,53,2.253,2.385,2.366
21224,53,2.297,2.429,2.419
21225,53,2.370,2.537,2.522
21227,53,2.458,2.625,2.605
21228,53,2.424,2.590,2.566
21230,53,2.502,2.678,2.654
21232,53,2.429,2.595,2.576
21233,53,2.380,2.542,2.522
21239,50,2.204,2.361,2.322
21240,50,2.185,2.326,2.317
21243,50,2.278,2.405,2.370
21245,50,2.341,2.478,2.488
21246,50,2.429,2.537,2.522
21248,50,2.566,2.659,2.649
21249,50,2.542,2.620,2.605
21251,50,2.586,2.634,2.620
21255,50,2.414,2.458,2.439
21261,53,2.336,2.336,2.326
21262,53,2.463,2.429,2.424
21264,53,2.473,2.463,2.454
21266,53,2.556,2.517,2.542
21267,53,2.366,2.375,2.351
21269,53,2.375,2.370,2.366
21270,53,2.542,2.546,2.527
21272,53,2.439,2.395,2.405
21274,53,2.390,2.395,2.361
21275,53,2.258,2.258,2.234
21277,53,2.009,2.014,1.960
21279,53,2.058,2.019,2.028
21284,54,2.019,1.999,1.984
21286,54,2.155,2.102,2.102
21288,54,2.498,2.419,2.444
21290,54,2.507,2.405,2.463
21291,54,2.610,2.458,2.556
21296,54,2.366,2.043,2.273
21297,54,2.107,1.716,2.009
21299,54,2.126,1.672,2.048
21301,54,1.960,1.378,1.862
21306,53,2.717,1.745,2.620
21315,53,3.519,1.628,3.397
21319,53,3.338,1.031,3.187
21321,53,3.456,1.036,3.309
21323,53,3.612,1.061,3.451
21329,43,4.526,1.711,4.374
21331,43,4.790,1.901,4.658
21332,43,4.765,1.862,4.624
21334,43,4.731,1.784,4.570
21335,43,4.536,1.569,4.360
21337,43,4.340,1.413,4.169
21339,43,4.101,1.222,3.964
21340,43,3.891,1.051,3.724
21342,43,3.915,1.163,3.749
21346,43,4.071,1.642,3.915
21352,31,4.125,2.214,3.993
21353,31,3.988,2.273,3.871
21355,31,3.705,2.175,3.563
21356,31,3.402,2.077,3.280
21358,31,2.996,1.911,2.898
21360,31,2.669,1.789,2.537
21361,31,2.507,1.872,2.395
21363,31,2.331,1.940,2.248
21364,31,2.375,2.165,2.302
21366,31,2.273,2.292,2.248
21368,31,2.283,2.478,2.439
21374,18,1.750,2.493,2.483
21376,18,1.457,2.375,2.351
21377,18,1.109,2.199,2.165
21379,18,1.149,2.410,2.410
21381,18,0.904,2.341,2.341
21382,18,0.826,2.424,2.419
21384,18,0.709,2.468,2.463
21388,18,0.503,2.639,2.664
21390,18,0.430,2.678,2.698
21391,18,0.239,2.610,2.620
21397,20,0.020,2.698,2.722
21398,20,0.000,2.747,2.761
21400,20,0.015,2.805,2.781
21401,20,0.000,2.801,2.805
21403,20,0.005,2.776,2.801
21405,20,0.020,2.761,2.810
21406,20,0.034,2.708,2.752
21408,20,0.064,2.674,2.693
21409,20,0.132,2.634,2.683
21411,20,0.161,2.561,2.586
21414,20,0.230,2.532,2.537
21415,20,0.244,2.405,2.424
21421,35,0.528,2.214,2.229
21422,35,0.787,2.312,2.307
21424,35,1.007,2.356,2.351
21428,35,1.672,2.566,2.551
21430,35,1.862,2.610,2.605
21431,35,1.921,2.542,2.527
21433,35,2.014,2.532,2.498
21435,35,2.038,2.424,2.414
21436,35,2.072,2.390,2.375
21442,49,2.253,2.351,2.346
21443,49,2.336,2.390,2.375
21445,49,2.478,2.517,2.498
21446,49,2.556,2.571,2.561
21448,49,2.576,2.576,2.571
21450,49,2.654,2.669,2.659
21451,49,2.590,2.595,2.576
21453,49,2.551,2.537,2.522
21455,49,2.454,2.434,2.434
21457,49,2.375,2.375,2.351
21459,49,2.361,2.361,2.366
21460,49,2.283,2.278,2.278
21469,54,2.664,2.600,2.625
21470,54,2.766,2.674,2.727
21472,54,2.713,2.595,2.659
21473,54,2.688,2.566,2.654
21475,54,2.615,2.468,2.576
21477,54,2.590,2.400,2.517
21478,54,2.600,2.385,2.542
21480,54,2.542,2.317,2.498
21482,54,2.659,2.400,2.600
21487,56,3.006,2.674,2.937
21489,56,2.967,2.625,2.898
21490,56,3.050,2.703,2.972
21492,56,2.972,2.615,2.889
21493,56,2.913,2.561,2.840
21495,56,2.825,2.483,2.752
21497,56,2.708,2.366,2.625
21499,56,2.727,2.429,2.669
21501,56,2.639,2.341,2.590
21503,56,2.693,2.434,2.644
21511,50,2.776,2.693,2.732
21512,50,2.649,2.610,2.620
21514,50,2.546,2.546,2.532
21516,50,2.419,2.458,2.449
21517,50,2.292,2.341,2.326
21519,50,2.302,2.385,2.375
21520,50,2.204,2.317,2.302
21522,50,2.263,2.385,2.380
21524,50,2.297,2.444,2.429
21525,50,2.361,2.537,2.522
21527,50,2.424,2.634,2.620
21532,44,2.307,2.566,2.551
21534,44,2.243,2.512,2.493
21544,44,2.190,2.444,2.429
21548,44,2.219,2.439,2.400
21550,44,2.297,2.507,2.478
21555,50,2.077,2.239,2.175
21557,50,1.911,2.048,1.989
21561,50,1.750,1.843,1.784
21563,50,1.804,1.877,1.813
21564,50,1.984,2.067,2.023
21566,50,2.082,2.151,2.102
21568,50,2.361,2.414,2.366
21569,50,2.405,2.444,2.410
21571,50,2.419,2.429,2.400
21573,50,2.346,2.366,2.341
21578,51,1.804,1.794,1.745
21580,51,1.637,1.613,1.579
21581,51,1.691,1.672,1.623
21583,51,1.725,1.696,1.657
21585,51,1.926,1.877,1.857
21587,51,2.014,1.950,1.955
21588,51,2.292,2.204,2.234
21590,51,2.444,2.356,2.405
21592,51,2.449,2.307,2.390
21593,51,2.419,2.239,2.356
21601,51,1.623,1.173,1.530
21603,51,1.720,1.222,1.628
21605,51,2.023,1.491,1.931
21606,51,2.234,1.603,2.160
21608,51,2.698,1.965,2.605
21609,51,2.845,2.038,2.771
21611,51,2.967,2.048,2.864
21613,51,2.952,1.935,2.859
21614,51,2.845,1.716,2.732
21616,51,2.737,1.505,2.615
21617,51,2.356,1.022,2.234
21623,47,2.551,0.899,2.424
21624,47,2.889,1.163,2.776
21627,47,3.109,1.320,3.006
21629,47,3.480,1.603,3.353
21630,47,3.724,1.764,3.607
21632,47,3.739,1.730,3.617
21634,47,3.734,1.672,3.597
21650,36,3.719,1.779,3.607
21651,36,3.700,1.838,3.587
21653,36,3.578,1.794,3.460
21654,36,3.343,1.647,3.196
21656,36,3.065,1.486,2.962
21658,36,2.586,1.114,2.473
21659,36,2.410,1.056,2.287
21661,36,2.268,1.056,2.151
21662,36,2.258,1.188,2.141
21668,27,2.649,2.097,2.546
21670,27,2.717,2.356,2.644
21672,27,2.546,2.361,2.483
21674,27,2.366,2.346,2.312
21675,27,1.970,2.092,2.019
21677,27,1.647,1.891,1.794
21678,27,1.193,1.564,1.515
21680,27,0.899,1.408,1.320
21682,27,0.777,1.417,1.378
21683,27,0.748,1.500,1.432
21691,22,1.051,2.380,2.400
21693,22,0.894,2.331,2.351
21695,22,0.611,2.175,2.165
21696,22,0.342,2.023,2.019
21698,22,0.000,1.720,1.716
21699,22,0.000,1.750,1.686
21701,22,0.000,1.833,1.784
21702,22,0.000,1.887,1.838
21704,22,0.000,1.955,1.931
21705,22,0.000,2.009,2.028
21707,22,0.205,2.268,2.312
21713,29,0.303,2.331,2.380
21715,29,0.147,2.165,2.219
21717,29,0.103,2.082,2.087
21718,29,0.000,1.891,1.877
21720,29,0.000,1.828,1.823
21721,29,0.000,1.784,1.794
21723,29,0.103,1.852,1.828
21727,29,0.865,2.326,2.351
21729,29,0.973,2.361,2.356
21730,29,1.256,2.488,2.522
21736,38,1.398,2.273,2.258
21737,38,1.471,2.248,2.234
21739,38,1.637,2.317,2.307
21741,38,1.730,2.297,2.297
21742,38,1.882,2.351,2.346
21744,38,2.033,2.463,2.449
21745,38,2.151,2.488,2.468
21747,38,2.326,2.620,2.586
21749,38,2.326,2.556,2.546
21750,38,2.410,2.595,2.571
21752,38,2.400,2.527,2.512
21755,38,2.385,2.483,2.458
21760,49,2.307,2.312,2.292
21761,49,2.380,2.375,2.366
21763,49,2.424,2.414,2.405
21767,49,2.669,2.610,2.649
21769,49,2.639,2.576,2.620
21771,49,2.703,2.615,2.654
21772,49,2.649,2.542,2.615
21785,50,2.791,2.551,2.737
21790,50,2.947,2.669,2.884
21791,50,2.898,2.610,2.845
21793,50,2.869,2.576,2.805
21794,50,2.786,2.502,2.717
21796,50,2.732,2.454,2.674
21799,50,2.683,2.419,2.634
21804,52,2.683,2.488,2.634
21806,52,2.722,2.542,2.669
21807,52,2.791,2.639,2.747
21809,52,2.693,2.595,2.654
21811,52,2.727,2.654,2.688
21812,52,2.620,2.586,2.590
21814,52,2.527,2.542,2.532
21815,52,2.429,2.458,2.454
21820,52,2.243,2.322,2.317
21821,52,2.273,2.395,2.375
21827,48,2.400,2.595,2.595
21828,48,2.351,2.571,2.556
21830,48,2.400,2.639,2.625
21832,48,2.317,2.571,2.566
21833,48,2.258,2.537,2.517
21835,48,2.180,2.454,2.449
21836,48,2.077,2.366,2.351
21838,48,2.111,2.400,2.385
21841,48,2.048,2.326,2.322
21842,48,2.107,2.390,2.380
21844,48,2.155,2.439,2.424
21849,49,2.351,2.595,2.586
21851,49,2.390,2.605,2.586
21853,49,2.214,2.410,2.366
21854,49,2.185,2.361,2.302
21856,49,2.107,2.248,2.209
21860,49,1.857,1.926,1.852
21862,49,1.950,1.994,1.935
21863,49,2.023,2.043,1.994
21865,49,2.185,2.185,2.146
21867,49,2.268,2.253,2.243
21872,57,2.414,2.434,2.336
21874,57,2.283,2.229,2.209
21875,57,2.116,2.048,2.072
21877,57,1.843,1.804,1.764
21878,57,1.828,1.813,1.784
21880,57,1.598,1.593,1.554
21883,57,1.676,1.676,1.623
21884,57,1.740,1.745,1.681
21886,57,1.896,1.940,1.862
21887,57,2.092,2.141,2.092
21889,57,2.155,2.190,2.131
21894,55,2.087,2.136,2.067
21896,55,1.877,1.931,1.857
21900,55,1.329,1.281,1.241
21902,55,1.437,1.359,1.359
21903,55,1.549,1.427,1.476
21905,55,1.838,1.662,1.764
21907,55,2.077,1.818,2.019
21908,55,2.356,1.979,2.273
21910,55,2.639,2.185,2.571
21911,55,2.664,2.082,2.581
21917,54,2.297,1.246,2.185
21918,54,2.366,1.163,2.278
21920,54,2.209,0.841,2.072
21922,54,2.410,0.890,2.302
21923,54,2.605,0.919,2.488
21926,54,2.937,1.100,2.805
21927,54,3.324,1.373,3.221
21929,54,3.534,1.427,3.416
21931,54,3.895,1.647,3.768
21932,54,3.881,1.540,3.759
21940,40,3.084,0.425,2.937
21942,40,3.192,0.513,3.040
21944,40,3.280,0.635,3.118
21945,40,3.548,0.919,3.392
21947,40,3.749,1.207,3.656
21948,40,3.915,1.413,3.778
21950,40,4.135,1.696,4.003
21952,40,4.008,1.667,3.866
21953,40,3.837,1.628,3.710
21955,40,3.519,1.432,3.382
21957,40,3.177,1.227,3.021
21962,30,2.454,1.109,2.331
21963,30,2.424,1.295,2.336
21965,30,2.537,1.598,2.429
21967,30,2.698,1.984,2.639
21969,30,2.620,2.111,2.551
21971,30,2.727,2.405,2.654
21973,30,2.444,2.351,2.375
21974,30,2.175,2.263,2.209
21979,30,1.012,1.574,1.515
21980,30,0.606,1.349,1.276
21985,18,0.577,1.833,1.808
21987,18,0.728,2.151,2.165
21989,18,0.699,2.243,2.268
21990,18,0.767,2.458,2.527
21992,18,0.538,2.346,2.410
21993,18,0.367,2.268,2.326
21995,18,0.049,2.097,2.126
21997,18,0.000,2.146,2.077
21998,18,0.000,2.239,2.170
22000,18,0.000,2.302,2.195
22014,29,0.059,2.302,2.380
22018,29,0.000,2.019,1.955
22019,29,0.000,1.882,1.823
22021,29,0.000,1.755,1.725
22023,29,0.064,1.760,1.745
22024,29,0.362,1.911,1.906
22032,41,1.632,2.414,2.419
22034,41,1.701,2.341,2.322
22035,41,1.691,2.209,2.175
22037,41,1.525,1.945,1.887
22039,41,1.662,1.975,1.921
22040,41,1.554,1.823,1.760
22042,41,1.760,1.950,1.911
22043,41,1.887,2.019,1.975
22045,41,2.136,2.224,2.175
22047,41,2.429,2.483,2.454
22052,50,2.493,2.507,2.483
22055,50,2.380,2.380,2.346
22056,50,2.263,2.253,2.214
22058,50,1.891,1.896,1.818
22060,50,1.916,1.911,1.857
22061,50,1.828,1.843,1.784
22063,50,1.926,1.911,1.882
22064,50,2.111,2.102,2.063
22069,50,2.561,2.488,2.517
22070,50,2.810,2.713,2.815
22076,54,2.449,2.224,2.385
22077,54,2.121,1.813,2.004
22079,54,2.165,1.833,2.072
22080,54,1.999,1.593,1.911
22082,54,2.229,1.774,2.126
22084,54,2.385,1.862,2.283
22085,54,2.688,2.116,2.610
22087,54,3.084,2.483,3.030
22089,54,3.123,2.449,3.065
22090,54,3.407,2.659,3.309
22092,54,3.270,2.478,3.182
22098,51,2.546,1.657,2.463
22100,51,2.551,1.623,2.419
22101,51,2.498,1.564,2.400
22103,51,2.605,1.657,2.493
22105,51,2.835,1.887,2.698
22106,51,2.967,2.043,2.849
22111,51,3.504,2.678,3.431
22112,51,3.328,2.522,3.221
22114,51,3.152,2.405,3.060
22115,51,2.830,2.126,2.732
22121,46,1.935,1.466,1.823
22122,46,1.960,1.593,1.877
22124,46,2.082,1.804,2.014
22126,46,2.087,1.906,2.028
22127,46,2.561,2.434,2.532
22129,46,2.522,2.498,2.502
22130,46,2.649,2.678,2.693
22132,46,2.458,2.551,2.507
22134,46,2.253,2.361,2.302
22135,46,1.911,2.063,1.999
22137,46,1.266,1.452,1.369
22143,42,0.978,1.320,1.227
22145,42,1.276,1.652,1.598
22146,42,1.481,1.872,1.808
22151,42,2.229,2.649,2.693
22152,42,2.019,2.458,2.478
22154,42,1.867,2.351,2.351
22156,42,1.525,2.038,1.994
22157,42,0.968,1.481,1.403
22159,42,0.880,1.408,1.373
22160,42,0.430,0.973,0.929
22166,42,1.241,1.755,1.711
22167,42,1.891,2.375,2.346
22169,42,1.940,2.419,2.419
22171,42,2.204,2.625,2.649
22172,42,2.063,2.502,2.493
22174,42,1.896,2.312,2.253
22175,42,1.579,1.979,1.921
22177,42,0.963,1.339,1.237
22179,42,0.943,1.320,1.212
22180,42,0.621,0.992,0.890
22183,42,0.850,1.173,1.080
22191,47,2.537,2.693,2.737
22192,47,2.410,2.537,2.502
22194,47,2.283,2.405,2.346
22196,47,1.950,2.043,1.950
22197,47,1.393,1.452,1.373
22199,47,1.300,1.344,1.266
22200,47,0.850,0.865,0.792
22202,47,1.026,1.017,0.953
22204,47,1.193,1.193,1.129
22205,47,1.706,1.672,1.637
22210,50,2.825,2.742,2.962
22212,50,2.674,2.610,2.678
22214,50,2.507,2.424,2.468
22215,50,2.102,2.028,2.048
22217,50,1.383,1.266,1.251
22219,50,1.359,1.246,1.232
22220,50,0.904,0.797,0.821
22222,50,1.134,1.036,1.061
22227,50,2.058,1.926,2.033
22229,50,2.605,2.468,2.566
22234,51,2.752,2.586,2.713
22243,51,1.178,0.982,1.080
22247,51,2.830,2.664,2.801
22249,51,2.874,2.717,2.903
22251,51,3.025,2.825,3.519
22256,46,2.102,1.940,2.014
22258,46,1.217,1.129,1.188
22259,46,0.934,0.802,0.841
22261,46,0.968,0.811,0.894
22262,46,1.090,0.973,0.978
22264,46,1.642,1.564,1.598
22267,46,1.935,1.867,1.891
22268,46,2.830,2.766,2.830
22270,46,2.947,2.903,3.123
22271,46,2.913,2.830,3.558
22273,46,2.776,2.727,3.250
22275,46,2.537,2.581,2.620
22283,45,1.207,1.202,1.134
22284,45,1.672,1.647,1.559
22286,45,1.945,1.970,1.931
22288,45,2.835,2.859,2.952
22289,45,2.849,2.840,3.006
22291,45,2.981,2.908,3.827
22292,45,2.781,2.742,3.421
22294,45,2.610,2.595,2.849
22296,45,2.263,2.239,2.190
22301,47,1.105,1.100,1.031
22303,47,1.188,1.193,1.134
22304,47,1.891,1.882,1.799
22306,47,2.175,2.199,2.126
22307,47,2.908,2.898,3.006
22310,47,3.074,3.050,3.607
22312,47,3.016,2.952,4.057
22313,47,2.942,2.889,3.734
22315,47,2.556,2.532,2.683
22331,44,3.270,3.138,4.883
22333,44,3.104,2.991,4.824
22334,44,2.639,2.566,3.803
22336,44,2.331,2.239,2.199
22337,44,0.714,0.748,0.733
22339,44,0.772,0.665,0.538
22341,44,0.313,0.342,0.337
22346,47,2.278,2.370,2.336
22348,47,3.587,3.421,4.956
22349,47,3.729,3.661,5.000
22351,47,3.407,3.338,5.000
22353,47,3.324,3.172,5.000
22355,47,2.786,2.781,4.462
22357,47,2.292,2.209,2.424
22358,47,0.503,0.562,0.430
22360,47,0.000,0.000,0.000
22361,47,0.044,0.264,0.293
22363,47,0.635,0.582,0.513
22371,46,3.480,3.387,5.000
22373,46,3.216,3.109,4.990
22374,46,2.933,2.717,4.614
22376,46,2.561,2.473,3.109
22377,46,0.181,0.127,0.191
22379,46,0.225,0.230,0.137
22381,46,0.000,0.000,0.000
22382,46,0.293,0.274,0.152
22384,46,1.085,1.134,0.890
22385,46,1.872,1.960,1.940
22387,46,3.578,3.465,4.296
22392,47,3.216,3.079,5.000
22395,47,2.913,2.820,4.775
22396,47,2.493,2.424,3.485
22398,47,0.000,0.000,0.000
22399,47,0.000,0.010,0.000
22401,47,0.000,0.000,0.000
22402,47,0.000,0.015,0.000
22404,47,0.215,0.274,0.142
22408,47,3.543,3.441,5.000
22410,47,3.783,3.724,5.000
22415,47,2.776,2.571,4.213
22417,47,1.222,1.266,1.105
22418,47,0.640,0.670,0.577
22420,47,0.000,0.000,0.000
22421,47,0.000,0.000,0.000
22423,47,0.000,0.000,0.000
22424,47,1.232,1.320,1.285
22426,47,2.063,2.224,2.160
22427,47,3.724,3.495,5.000
22429,47,3.724,3.705,5.000
22431,47,3.421,3.314,5.000
22432,47,3.231,3.143,4.990
22439,46,0.645,0.821,0.733
22440,46,0.000,0.000,0.000
22442,46,0.274,0.156,0.103
22443,46,0.347,0.332,0.288
22448,46,3.685,3.759,4.761
22449,46,3.661,3.597,5.000
22451,46,3.617,3.465,5.000
22452,46,3.045,3.245,5.000
22454,46,3.079,2.967,4.883
22459,49,0.000,0.000,0.000
22461,49,0.049,0.000,0.005
22462,49,0.518,0.508,0.391
22464,49,1.310,1.251,1.241
22465,49,2.038,2.180,2.107
22467,49,3.700,3.631,4.589
22477,49,1.114,1.080,1.080
22485,48,1.965,1.970,1.970
22487,48,2.610,2.615,2.683
22489,48,3.065,3.060,3.851
22490,48,3.504,3.372,4.961
22492,48,3.236,3.113,4.873
22493,48,3.021,2.869,4.497
22498,48,1.227,1.217,1.105
22499,48,1.227,1.163,1.051
22505,49,2.087,2.048,2.097
22506,49,2.380,2.444,2.458
22508,49,2.918,2.942,3.050
22510,49,3.299,3.245,4.071
22511,49,3.055,2.972,4.130
22513,49,2.972,2.845,3.768
22514,49,2.517,2.493,2.615
22516,49,2.087,2.077,2.072
22518,49,1.598,1.632,1.628
22519,49,1.232,1.251,1.188
22521,49,1.564,1.510,1.422
22523,49,1.593,1.584,1.540
22529,46,2.781,2.776,2.801
22530,46,3.182,3.104,3.783
22532,46,2.962,2.884,3.627
22534,46,2.757,2.688,3.201
22575,48,2.400,2.439,2.390
22577,48,2.190,2.268,2.214
22578,48,1.960,2.043,1.901
22580,48,1.779,1.716,1.760
22581,48,2.067,2.087,2.053
22583,48,2.165,2.170,2.131
22585,48,2.649,2.683,2.649
22586,48,2.766,2.786,2.737
22588,48,2.981,3.016,2.981
22590,48,3.177,3.211,3.245
22595,47,2.366,2.341,2.326
22596,47,1.999,1.926,1.926
22598,47,2.141,2.155,2.131
22600,47,1.769,1.818,1.813
22601,47,2.146,2.175,2.155
22603,47,2.322,2.292,2.336
22605,47,2.654,2.693,2.669
22606,47,2.933,2.972,2.967
22609,47,2.933,2.889,2.835
22613,47,2.742,2.742,2.747
22618,48,2.092,2.121,2.107
22620,48,1.843,1.843,1.818
22622,48,2.175,2.185,2.170
22623,48,2.273,2.224,2.307
22625,48,2.761,2.649,2.630
22627,48,2.801,2.815,2.830
22628,48,2.923,2.849,2.903
22630,48,3.187,3.187,3.177
22631,48,2.815,2.825,2.820
22633,48,2.717,2.688,2.742
22635,48,2.346,2.326,2.366
22640,48,1.882,1.882,1.945
22642,48,2.195,2.165,2.209
22643,48,2.317,2.370,2.410
22645,48,2.615,2.620,2.674
22647,48,3.074,3.069,3.074
22648,48,2.908,2.947,2.918
22654,48,2.820,2.820,2.757
22655,48,2.439,2.361,2.351
22657,48,2.190,2.102,2.126
22658,48,1.838,1.818,1.818
22664,48,2.107,2.146,2.072
22665,48,2.556,2.532,2.581
22667,48,3.065,3.109,3.123
22669,48,2.937,3.006,3.016
22670,48,3.475,3.402,3.939
22672,48,3.109,3.055,3.661
22673,48,2.835,2.776,3.143
22675,48,2.370,2.307,2.307
22677,48,1.833,1.716,1.672
22678,48,1.896,1.852,1.833
22680,48,1.452,1.403,1.325
22681,48,1.696,1.769,1.740
22687,45,3.363,3.314,3.407
22688,45,3.113,3.084,3.490
22694,45,3.245,3.030,4.233
22695,45,2.571,2.454,2.615
22697,45,1.979,1.901,1.848
22699,45,1.804,1.662,1.764
22700,45,1.237,1.178,1.202
22702,45,1.603,1.564,1.598
22703,45,1.779,1.637,1.764
22709,45,3.226,3.055,3.773
22710,45,3.719,3.465,4.863
22712,45,3.387,3.123,4.717
22714,45,3.094,2.918,4.321
22715,45,2.522,2.414,2.586
22717,45,1.681,1.554,1.593
22718,45,1.804,1.691,1.755
22720,45,1.427,1.261,1.344
22722,45,1.818,1.676,1.764
22723,45,2.048,1.872,2.023
22725,45,2.615,2.449,2.517
22726,45,2.957,2.840,2.996
22734,45,2.561,2.361,2.493
22745,45,2.429,2.297,2.380
22749,45,2.967,2.854,3.074
22754,42,2.590,2.478,2.561
22756,42,2.346,2.199,2.278
22758,42,1.632,1.505,1.530
22759,42,1.716,1.598,1.623
22761,42,1.716,1.623,1.672
22762,42,1.852,1.774,1.823
22764,42,2.234,2.087,2.180
22766,42,2.439,2.346,2.405
22767,42,3.211,3.079,3.299
22769,42,3.074,2.986,3.201
22770,42,3.167,3.006,3.778
22776,41,2.278,2.204,2.170
22777,41,1.750,1.657,1.720
22780,41,1.535,1.496,1.452
22782,41,1.730,1.720,1.696
22786,41,2.439,2.468,2.429
22788,41,2.986,3.006,3.030
22789,41,2.805,2.810,2.825
22791,41,2.889,2.918,3.006
22792,41,2.576,2.610,2.669
22794,41,2.488,2.507,2.478
22799,39,2.038,2.053,2.038
22801,39,2.263,2.253,2.263
22803,39,2.326,2.326,2.336
22804,39,2.556,2.639,2.639
22806,39,2.561,2.639,2.605
22807,39,2.908,2.937,2.893
22809,39,2.835,2.903,2.947
22811,39,2.654,2.747,2.713
22812,39,2.522,2.605,2.625
22814,39,2.297,2.419,2.370
22816,39,2.248,2.336,2.322
22822,37,2.092,2.278,2.268
22826,37,2.390,2.605,2.581
22828,37,2.693,2.928,2.918
22830,37,2.595,2.849,2.830
22831,37,2.444,2.722,2.693
22833,37,2.317,2.615,2.595
22834,37,2.126,2.439,2.414
22836,37,2.067,2.390,2.346
22838,37,1.725,2.058,2.033
22839,37,1.833,2.151,2.146
22845,44,2.170,2.566,2.576
22846,44,2.273,2.659,2.639
22848,44,2.331,2.732,2.722
22849,44,2.424,2.825,2.820
22851,44,2.253,2.683,2.649
22853,44,2.175,2.644,2.620
22854,44,2.014,2.488,2.414
22856,44,1.916,2.351,2.326
22858,44,1.794,2.263,2.243
22862,44,1.891,2.356,2.361
22868,47,2.297,2.737,2.698
22870,47,2.380,2.810,2.791
22872,47,2.248,2.688,2.644
22873,47,2.219,2.625,2.595
22875,47,2.116,2.517,2.444
22876,47,1.994,2.375,2.351
22878,47,1.833,2.219,2.204
22880,47,1.779,2.131,2.111
22881,47,1.960,2.283,2.263
22883,47,2.014,2.336,2.317
22884,47,2.199,2.551,2.556
22890,50,2.610,2.854,2.830
22891,50,2.449,2.664,2.644
22893,50,2.380,2.586,2.551
22895,50,2.239,2.410,2.390
22896,50,2.102,2.248,2.199
22898,50,2.170,2.268,2.263
22900,50,1.975,2.107,2.067
22904,50,2.507,2.576,2.654
22907,50,2.546,2.581,2.590
22908,50,2.810,2.849,2.810
22913,53,2.620,2.634,2.590
22915,53,2.434,2.429,2.410
22917,53,2.331,2.283,2.263
22918,53,2.258,2.224,2.248
22920,53,2.102,2.067,2.102
22922,53,2.307,2.263,2.292
22923,53,2.390,2.326,2.341
22925,53,2.620,2.586,2.581
22926,53,2.683,2.678,2.674
22928,53,2.810,2.747,2.737
22930,53,2.908,2.889,2.884
22935,52,2.414,2.405,2.410
22937,52,2.151,2.155,2.170
22938,52,2.278,2.292,2.283
22940,52,2.111,2.146,2.141
22944,52,2.542,2.561,2.571
22946,52,2.605,2.620,2.634
22948,52,2.708,2.732,2.727
22950,52,2.835,2.840,2.830
22952,52,2.674,2.693,2.669
22953,52,2.610,2.649,2.610
22959,57,2.302,2.307,2.307
22960,57,2.175,2.175,2.175
22962,57,2.331,2.341,2.341
22964,57,2.414,2.419,2.405
22973,57,2.678,2.546,2.615
22981,58,2.126,1.882,2.033
22982,58,2.170,1.882,2.087
22984,58,2.463,2.121,2.380
22986,58,2.620,2.219,2.522
22987,58,3.030,2.561,2.928
22989,58,3.104,2.576,3.065
22991,58,3.123,2.478,3.055
22996,58,2.903,2.019,2.810
22998,58,2.644,1.652,2.537
23003,52,2.957,1.535,2.786
23004,52,3.030,1.500,2.923
23006,52,3.284,1.623,3.157
23008,52,3.832,2.014,3.680
23009,52,3.920,2.009,3.812
23011,52,4.101,2.028,3.969
23013,52,4.071,1.882,3.949
23014,52,4.018,1.686,3.866
23016,52,3.944,1.510,3.773
23017,52,3.563,1.031,3.416
23019,52,3.685,1.031,3.514
23021,52,3.641,0.929,3.495
23026,42,4.301,1.417,4.174
23028,42,4.658,1.755,4.497
23029,42,4.809,1.891,4.668
23031,42,4.761,1.867,4.604
23032,42,4.653,1.794,4.511
23049,25,3.754,2.190,3.671
23051,25,3.631,2.283,3.534
23053,25,3.348,2.234,3.270
23054,25,3.001,2.107,2.903
23056,25,2.649,2.019,2.546
23057,25,2.028,1.652,1.940
23059,25,1.852,1.720,1.745
23061,25,1.569,1.657,1.598
23062,25,1.476,1.789,1.725
23064,25,1.530,2.058,2.028
23066,25,1.510,2.204,2.155
23071,15,1.183,2.546,2.571
23072,15,0.934,2.507,2.537
23074,15,0.552,2.307,2.307
23076,15,0.196,2.151,2.165
23078,15,0.000,2.087,2.067
23080,15,0.000,2.248,2.190
23081,15,0.000,2.434,2.361
23086,15,0.000,2.810,2.757
23087,15,0.000,2.889,2.908
23089,15,0.000,2.957,2.923
23094,22,0.000,3.109,3.050
23096,22,0.000,3.074,3.016
23097,22,0.000,3.040,2.952
23099,22,0.000,2.986,2.893
23100,22,0.000,2.913,2.825
23102,22,0.000,2.801,2.805
23103,22,0.000,2.693,2.654
23105,22,0.000,2.590,2.556
23107,22,0.137,2.561,2.630
23108,22,0.210,2.488,2.532
23110,22,0.645,2.688,2.766
23115,39,0.772,2.239,2.234
23117,39,0.655,1.935,1.901
23118,39,0.924,2.048,2.014
23121,39,1.080,1.994,1.965
23125,39,1.896,2.405,2.390
23127,39,2.214,2.595,2.605
23129,39,2.287,2.561,2.546
23130,39,2.517,2.703,2.688
23132,39,2.454,2.576,2.566
23133,39,2.454,2.522,2.488
23139,51,2.322,2.341,2.326
23140,51,2.287,2.248,2.273
23142,51,2.414,2.380,2.414
23144,51,2.458,2.493,2.502
23145,51,2.595,2.542,2.586
23147,51,2.757,2.742,2.752
23149,51,2.634,2.600,2.634
23150,51,2.717,2.727,2.693
23152,51,2.517,2.625,2.517
23153,51,2.532,2.512,2.512
23155,51,2.410,2.366,2.395
23160,52,2.278,2.263,2.273
23166,52,2.717,2.610,2.634
23167,52,2.981,2.849,2.952
23169,52,2.908,2.678,2.825
23171,52,3.065,2.869,3.001
23172,52,2.903,2.664,2.810
23174,52,2.815,2.625,2.761
23175,52,2.634,2.366,2.581
23177,52,2.312,2.063,2.229
23179,52,2.463,2.204,2.414
23184,57,2.889,2.590,2.786
23186,57,2.903,2.659,2.849
23187,57,3.431,3.231,3.402
23189,57,3.275,3.074,3.226
23191,57,3.128,2.952,3.089
23192,57,2.884,2.713,2.810
23194,57,2.595,2.502,2.527
23195,57,2.370,2.317,2.375
23197,57,1.716,1.711,1.701
23199,57,1.921,1.955,1.926
23216,45,2.063,2.302,2.317
23220,45,1.706,2.009,1.984
23221,45,1.955,2.239,2.243
23223,45,2.063,2.273,2.253
23224,45,2.322,2.581,2.630
23230,51,2.801,2.952,2.928
23231,51,2.556,2.674,2.664
23233,51,2.449,2.537,2.556
23235,51,2.297,2.375,2.356
23236,51,2.160,2.195,2.180
23238,51,2.224,2.302,2.258
23240,51,2.121,2.092,2.087
23241,51,2.326,2.297,2.307
23243,51,2.429,2.400,2.424
23244,51,2.649,2.590,2.634
23246,51,2.776,2.698,2.796
23252,55,2.752,2.576,2.669
23254,55,2.698,2.488,2.620
23258,55,2.273,2.131,2.258
23260,55,2.092,1.921,2.019
23262,55,2.195,2.053,2.131
23263,55,2.209,2.082,2.155
23265,55,2.361,2.283,2.273
23267,55,2.395,2.351,2.390
23268,55,2.556,2.507,2.502
23270,55,2.713,2.713,2.737
23275,55,2.146,2.190,2.136
23277,55,1.755,1.848,1.794
23278,55,1.740,1.867,1.804
23280,55,1.364,1.525,1.442
23282,55,1.354,1.544,1.461
23283,55,1.413,1.637,1.559
23285,55,1.569,1.779,1.716
23286,55,1.891,2.116,2.082
23288,55,2.063,2.268,2.214
23291,55,2.439,2.644,2.610
23299,54,1.530,1.388,1.442
23300,54,1.251,1.022,1.144
23302,54,1.500,1.129,1.408
23303,54,1.725,1.144,1.618
23305,54,2.219,1.481,2.111
23307,54,2.610,1.652,2.522
23308,54,3.128,1.945,2.986
23310,54,3.548,2.146,3.441
23311,54,3.631,1.989,3.534
23313,54,3.734,1.813,3.607
23315,54,3.636,1.442,3.485
23320,51,3.324,0.279,3.162
23322,51,3.675,0.411,3.534
23323,51,3.964,0.503,3.812
23325,51,4.492,0.806,4.316
23326,51,4.966,1.139,4.809
23328,51,5.000,1.173,4.990
23330,51,5.000,1.134,5.000
23331,51,5.000,0.973,5.000
23337,51,5.000,0.826,4.932
23338,51,4.707,0.459,4.511
23343,34,4.770,0.743,4.589
23345,34,5.000,1.217,4.892
23347,34,5.000,1.417,4.976
23348,34,5.000,1.603,5.000
23350,34,5.000,1.872,5.000
23351,34,5.000,2.302,4.980
23353,34,4.824,2.439,4.663
23355,34,4.208,2.395,4.052
23356,34,3.465,2.366,3.304
23358,34,2.654,2.287,2.556
23360,34,1.774,2.097,2.058
23365,10,0.841,2.312,2.302
23367,10,0.914,2.615,2.644
23368,10,0.723,2.571,2.620
23370,10,0.894,2.933,3.035
23371,10,0.459,2.727,2.791
23377,10,0.000,2.727,2.664
23378,10,0.000,2.849,2.810
23380,10,0.000,2.991,2.928
23381,10,0.000,3.123,3.045
23383,10,0.000,3.226,3.152
23388,13,0.000,3.543,3.480
23390,13,0.020,3.524,3.583
23391,13,0.034,3.553,3.548
23393,13,0.000,3.514,3.514
23395,13,0.010,3.490,3.485
23396,13,0.000,3.412,3.397
23398,13,0.015,3.363,3.358
23399,13,0.000,3.245,3.221
23401,13,0.000,3.152,3.148
23403,13,0.000,3.011,3.006
23404,13,0.059,2.859,2.884
23409,27,0.684,2.874,2.884
23411,27,0.640,2.683,2.649
23415,27,0.797,2.239,2.239
23417,27,0.674,1.877,1.911
23420,27,0.963,1.970,1.931
23421,27,1.310,2.126,2.146
23423,27,1.632,2.297,2.287
23424,27,1.970,2.454,2.522
23426,27,2.214,2.576,2.537
23428,27,2.771,2.933,2.923
23433,50,2.693,2.634,2.654
23443,50,2.385,2.341,2.341
23447,50,2.849,2.898,2.898
23448,50,2.688,2.747,2.708
23450,50,2.884,2.928,2.937
23455,55,2.302,2.346,2.326
23457,55,1.926,1.979,1.970
23458,55,2.146,2.175,2.116
23460,55,2.116,2.170,2.195
23463,55,2.307,2.326,2.331
23467,55,2.835,2.815,2.810
23469,55,2.732,2.639,2.683
23470,55,2.991,2.947,2.957
23472,55,2.796,2.693,2.717
23474,55,2.678,2.532,2.654
23479,58,2.405,2.199,2.366
23480,58,2.380,2.199,2.346
23482,58,2.625,2.419,2.537
23484,58,2.742,2.561,2.747
23485,58,2.835,2.615,2.776
23487,58,3.109,2.923,3.084
23489,58,2.923,2.732,2.898
23490,58,2.962,2.761,2.923
23492,58,2.747,2.542,2.717
23493,58,2.674,2.473,2.644
23495,58,2.532,2.380,2.488
23500,52,2.385,2.326,2.380
23502,52,2.454,2.410,2.419
23505,52,2.590,2.561,2.581
23509,52,2.600,2.654,2.639
23511,52,2.713,2.742,2.683
23512,52,2.522,2.571,2.537
23514,52,2.454,2.517,2.498
23516,52,2.326,2.414,2.390
23517,52,2.131,2.204,2.185
23519,52,2.243,2.361,2.331
23524,53,2.405,2.537,2.537
23526,53,2.424,2.571,2.542
23527,53,2.620,2.776,2.747
23529,53,2.546,2.688,2.678
23531,53,2.498,2.625,2.595
23532,53,2.405,2.556,2.532
23534,53,2.341,2.454,2.444
23535,53,2.292,2.439,2.419
23537,53,2.111,2.224,2.170
23539,53,2.190,2.287,2.283
23540,53,2.253,2.361,2.322
23549,52,2.507,2.566,2.546
23551,52,2.527,2.576,2.532
23553,52,2.458,2.498,2.454
23554,52,2.341,2.390,2.336
23556,52,2.224,2.253,2.219
23558,52,1.935,1.906,1.877
23559,52,2.014,2.019,1.965
23561,52,1.935,1.931,1.896
23562,52,2.014,2.014,1.975
23564,52,2.136,2.141,2.111
23569,53,2.561,2.542,2.532
23571,53,2.429,2.400,2.390
23573,53,2.361,2.322,2.331
23574,53,2.155,2.102,2.126
23576,53,2.028,1.940,1.950
23577,53,1.623,1.505,1.544
23579,53,1.618,1.466,1.520
23581,53,1.647,1.432,1.559
23585,53,2.170,1.794,2.087
23591,56,2.957,2.243,2.869
23593,56,2.947,2.097,2.854
23594,56,2.913,1.921,2.796
23596,56,2.874,1.701,2.747
23598,56,2.566,1.183,2.385
23599,56,2.678,1.173,2.537
23601,56,2.708,1.031,2.571
23603,56,2.937,1.085,2.810
23604,56,3.304,1.271,3.162
23606,56,3.602,1.344,3.451
23607,56,4.184,1.769,4.042
23609,56,4.311,1.672,4.154
23614,45,4.545,1.373,4.409
23616,45,4.516,1.227,4.330
23618,45,4.208,0.792,4.027
23619,45,4.194,0.655,3.988
23621,45,4.247,0.704,4.091
23622,45,4.379,0.787,4.184
23627,45,5.000,1.535,4.961
23628,45,5.000,1.574,4.932
23630,45,5.000,1.706,5.000
23636,27,4.589,1.564,4.384
23638,27,4.062,1.217,3.876
23639,27,3.959,1.305,3.749
23641,27,3.710,1.295,3.534
23643,27,3.631,1.457,3.460
23644,27,3.597,1.730,3.500
23646,27,3.446,1.940,3.314
23648,27,3.524,2.463,3.416
23649,27,3.172,2.615,3.089
23651,27,2.766,2.683,2.717
23652,27,2.209,2.542,2.493
23654,27,1.774,2.414,2.356
23659,10,0.303,1.799,1.779
23661,10,0.171,1.906,1.862
23670,10,0.000,3.099,3.079
23682,15,0.000,3.930,3.847
23683,15,0.000,3.949,3.886
23685,15,0.000,3.969,3.886
23687,15,0.024,3.895,3.842
23688,15,0.024,3.812,3.778
23690,15,0.059,3.690,3.680
23691,15,0.020,3.534,3.519
23693,15,0.000,3.343,3.324
23695,15,0.000,3.094,3.099
23696,15,0.000,2.840,2.840
23698,15,0.000,2.561,2.561
23699,15,0.000,2.243,2.273
23705,38,1.212,2.434,2.439
23706,38,1.603,2.522,2.507
23708,38,1.931,2.537,2.498
23709,38,2.297,2.644,2.630
23711,38,2.444,2.527,2.507
23713,38,2.610,2.478,2.561
23730,56,3.128,2.781,3.050
23731,56,2.884,2.654,2.840
23733,56,2.742,2.620,2.698
23735,56,2.556,2.502,2.493
23736,56,2.341,2.390,2.375
23738,56,2.185,2.312,2.302
23739,56,2.043,2.234,2.224
23741,56,2.136,2.366,2.351
23743,56,2.092,2.405,2.370
23744,56,2.175,2.537,2.537
23750,60,2.322,2.727,2.713
23751,60,2.209,2.625,2.600
23753,60,2.136,2.537,2.502
23754,60,2.058,2.434,2.424
23756,60,1.984,2.292,2.263
23758,60,2.063,2.346,2.322
23759,60,1.989,2.204,2.204
23762,60,2.185,2.322,2.322
23766,60,2.586,2.551,2.581
23768,60,2.810,2.703,2.766
23773,57,2.903,2.561,2.820
23775,57,2.820,2.454,2.757
23776,57,2.761,2.336,2.678
23778,57,2.781,2.361,2.717
23780,57,2.659,2.243,2.610
23781,57,2.805,2.395,2.742
23783,57,2.864,2.449,2.796
23785,57,3.001,2.595,2.933
23786,57,3.040,2.669,2.981
23788,57,3.040,2.678,2.952
23789,57,3.104,2.810,3.030
23795,55,2.576,2.444,2.507
23796,55,2.307,2.258,2.268
23798,55,2.356,2.351,2.341
23800,55,2.014,2.077,2.028
23801,55,2.009,2.102,2.043
23804,55,2.014,2.131,2.102
23808,55,2.370,2.586,2.542
23810,55,2.478,2.717,2.708
23812,55,2.346,2.595,2.586
23817,49,1.740,2.038,1.994
23818,49,1.755,2.072,2.014
23820,49,1.496,1.804,1.720
23822,49,1.603,1.896,1.843
23823,49,1.657,1.940,1.877
23825,49,1.882,2.165,2.116
23826,49,2.077,2.346,2.312
23828,49,2.190,2.419,2.380
23830,49,2.424,2.615,2.595
23831,49,2.331,2.498,2.468
23833,49,2.224,2.400,2.341
23835,49,2.063,2.190,2.121
23840,52,1.364,1.442,1.373
23842,52,1.364,1.413,1.359
23843,52,1.442,1.500,1.427
23848,52,2.248,2.224,2.180
23850,52,2.468,2.488,2.454
23852,52,2.375,2.380,2.370
23853,52,2.302,2.322,2.263
23855,52,2.053,2.014,1.960
23857,52,1.848,1.789,1.760
23858,52,1.447,1.461,1.427
23863,54,1.554,1.393,1.452
23865,54,1.911,1.706,1.813
23867,54,2.219,1.975,2.175
23868,54,2.400,2.097,2.326
23870,54,2.786,2.385,2.732
23872,54,2.722,2.219,2.654
23873,54,2.669,2.043,2.576
23875,54,2.493,1.740,2.400
23876,54,2.273,1.388,2.136
23878,54,2.214,1.188,2.092
23880,54,2.014,0.836,1.882
23889,55,3.592,1.652,3.470
23890,55,4.008,1.891,3.886
23892,55,4.022,1.755,3.881
23894,55,3.998,1.637,3.871
23895,55,3.832,1.334,3.715
23897,55,3.671,1.022,3.504
23898,55,3.514,0.777,3.353
23900,55,3.314,0.479,3.157
23913,36,4.433,1.588,4.282
23917,36,3.475,0.831,3.314
23919,36,3.416,0.870,3.260
23920,36,3.172,0.797,3.055
23922,36,3.226,0.963,3.079
23924,36,3.280,1.227,3.196
23925,36,3.407,1.496,3.309
23932,24,3.578,2.263,3.475
23933,24,3.353,2.229,3.270
23935,24,2.986,2.067,2.869
23936,24,2.576,1.891,2.473
23941,24,1.549,1.510,1.486
23942,24,1.544,1.701,1.623
23944,24,1.686,2.023,1.970
23946,24,1.735,2.243,2.185
23947,24,1.896,2.566,2.551
23953,15,1.222,2.512,2.507
23954,15,0.885,2.370,2.361
23956,15,0.640,2.278,2.273
23957,15,0.156,2.004,1.975
23959,15,0.059,2.038,2.004
23961,15,0.000,2.126,2.116
23962,15,0.000,2.278,2.258
23964,15,0.000,2.439,2.429
23965,15,0.000,2.581,2.571
23967,15,0.034,2.722,2.776
23968,15,0.000,2.825,2.820
23970,15,0.000,2.898,2.933
23976,22,0.000,3.079,3.040
23981,22,0.000,3.079,3.006
23982,22,0.000,3.025,2.962
23984,22,0.000,2.937,2.908
23985,22,0.000,2.845,2.835
23987,22,0.005,2.752,2.766
23988,22,0.020,2.610,2.630
23990,22,0.313,2.717,2.722
23992,22,0.347,2.566,2.576
23993,22,0.469,2.473,2.483
23999,38,0.958,2.248,2.239
24000,38,1.109,2.170,2.190
24002,38,1.461,2.331,2.326
24003,38,1.696,2.380,2.390
24005,38,2.019,2.498,2.468
24007,38,2.375,2.678,2.649
24008,38,2.414,2.556,2.527
24010,38,2.644,2.659,2.615
24012,38,2.610,2.517,2.546
24017,38,2.566,2.312,2.493
24022,52,2.659,2.390,2.620
24024,52,2.703,2.439,2.639
24025,52,2.810,2.581,2.752
24027,52,2.923,2.742,2.889
24029,52,2.771,2.615,2.722
24030,52,2.849,2.761,2.781
24032,52,2.649,2.600,2.590
24034,52,2.517,2.546,2.532
24035,52,2.390,2.424,2.385
24037,52,2.165,2.248,2.224
24038,52,2.248,2.351,2.326
24044,57,2.400,2.532,2.507
24045,57,2.400,2.542,2.527
24047,57,2.595,2.757,2.737
24049,57,2.507,2.678,2.674
24050,57,2.483,2.625,2.615
24052,57,2.395,2.566,2.537
24056,57,2.111,2.229,2.199
24059,57,2.229,2.341,2.326
24061,57,2.131,2.204,2.190
24066,60,2.498,2.542,2.542
24068,60,2.727,2.757,2.732
24069,60,2.649,2.674,2.654
24071,60,2.649,2.644,2.630
24072,60,2.576,2.566,2.546
24074,60,2.522,2.493,2.493
24076,60,2.439,2.424,2.429
24077,60,2.204,2.170,2.151
24079,60,2.229,2.209,2.199
24081,60,2.160,2.165,2.136
24082,60,2.273,2.224,2.214
24084,60,2.283,2.263,2.273
24089,56,2.649,2.644,2.615
24091,56,2.537,2.532,2.527
24092,56,2.449,2.458,2.444
24094,56,2.278,2.297,2.287
24098,56,1.940,1.950,1.901
24100,56,1.769,1.794,1.735
24103,56,1.867,1.872,1.818
24104,56,1.931,1.970,1.945
24106,56,2.136,2.151,2.111
24111,52,2.468,2.468,2.454
24113,52,2.361,2.356,2.346
24114,52,2.204,2.185,2.155
24116,52,2.019,2.009,1.965
24118,52,1.549,1.559,1.471
24119,52,1.559,1.564,1.491
24121,52,1.466,1.447,1.398
24122,52,1.486,1.476,1.442
24124,52,1.676,1.642,1.593
24125,52,1.877,1.848,1.804
24127,52,2.322,2.268,2.273
24140,54,1.540,1.232,1.466
24145,54,2.107,1.632,2.028
24150,54,2.889,2.175,2.810
24151,54,2.947,2.111,2.889
24157,53,2.639,1.398,2.512
24158,53,2.527,1.100,2.439
24160,53,2.395,0.816,2.297
24162,53,2.634,0.885,2.498
24163,53,2.820,0.934,2.708
24165,53,3.260,1.217,3.152
24166,53,3.563,1.369,3.470
24168,53,3.969,1.613,3.837
24170,53,4.321,1.833,4.179
24171,53,4.311,1.701,4.184
24173,53,4.330,1.603,4.189
24174,53,4.145,1.329,3.983
24180,43,3.563,0.489,3.426
24181,43,3.754,0.655,3.612
24183,43,3.915,0.816,3.768
24185,43,4.213,1.178,4.091
24190,43,4.775,1.848,4.643
24192,43,4.682,1.848,4.541
24193,43,4.526,1.808,4.384
24195,43,4.208,1.637,4.062
24196,43,3.891,1.457,3.734
24202,27,3.006,1.207,2.869
24203,27,2.957,1.339,2.845
24205,27,3.113,1.750,3.011
24207,27,3.182,2.043,3.109
24208,27,3.201,2.292,3.089
24210,27,3.245,2.605,3.162
24211,27,2.952,2.556,2.869
24213,27,2.649,2.527,2.590
24215,27,2.224,2.346,2.307
24216,27,1.867,2.175,2.121
24218,27,1.569,2.126,2.082
24219,27,1.163,1.940,1.882
24225,18,0.904,2.370,2.356
24226,18,0.934,2.625,2.615
24232,18,0.367,2.605,2.639
24233,18,0.137,2.527,2.576
24235,18,0.000,2.639,2.605
24237,18,0.000,2.820,2.742
24238,18,0.000,2.972,2.898
24240,18,0.000,3.094,3.006
24241,18,0.000,3.201,3.123
24243,18,0.000,3.280,3.196
24248,21,0.000,3.460,3.436
24250,21,0.000,3.456,3.514
24251,21,0.000,3.377,3.407
24253,21,0.000,3.319,3.309
24254,21,0.000,3.231,3.177
24256,21,0.000,3.040,3.030
24257,21,0.000,2.889,2.854
24259,21,0.000,2.683,2.634
24261,21,0.000,2.458,2.449
24262,21,0.112,2.346,2.351
24270,39,1.667,2.561,2.546
24273,39,1.828,2.458,2.463
24274,39,1.994,2.361,2.356
24276,39,2.165,2.326,2.317
24278,39,2.126,2.077,2.121
24279,39,2.429,2.199,2.400
24281,39,2.659,2.273,2.586
24283,39,2.874,2.375,2.815
24284,39,3.104,2.586,3.084
24286,39,3.182,2.576,3.133
24287,39,3.460,2.805,3.372
24293,55,3.157,2.644,3.079
24294,55,2.991,2.546,2.898
24296,55,2.776,2.434,2.727
24298,55,2.590,2.336,2.546
24299,55,2.419,2.229,2.370
24301,55,2.454,2.356,2.458
24303,55,2.370,2.390,2.370
24307,55,2.639,2.805,2.791
24308,55,2.542,2.752,2.713
24315,63,2.160,2.483,2.463
24316,63,2.019,2.385,2.366
24318,63,1.862,2.273,2.253
24320,63,1.794,2.204,2.195
24321,63,1.945,2.351,2.341
24323,63,1.979,2.375,2.351
24325,63,2.131,2.517,2.532
24326,63,2.209,2.590,2.566
24328,63,2.390,2.732,2.713
24329,63,2.439,2.757,2.752
24331,63,2.341,2.610,2.600
24333,63,2.312,2.556,2.556
24338,61,2.253,2.331,2.322
24340,61,2.175,2.214,2.185
24341,61,2.351,2.341,2.341
24343,61,2.454,2.400,2.424
24347,61,2.869,2.713,2.820
24349,61,2.859,2.713,2.845
24350,61,2.820,2.639,2.761
24352,61,2.766,2.576,2.727
24354,61,2.708,2.478,2.630
24360,51,2.522,2.278,2.468
24362,51,2.630,2.380,2.586
24371,51,2.717,2.517,2.674
24375,51,2.424,2.243,2.331
24377,51,2.111,1.926,2.009
24378,51,2.121,1.950,2.014
24384,49,2.151,1.989,2.028
24385,49,2.292,2.136,2.224
24387,49,2.414,2.253,2.351
24389,49,2.429,2.273,2.380
24390,49,2.630,2.444,2.556
24392,49,2.483,2.307,2.449
24393,49,2.400,2.175,2.322
24395,49,2.165,1.916,2.087
24412,53,2.947,2.155,2.835
24414,53,2.889,2.009,2.791
24415,53,2.703,1.720,2.610
24417,53,2.390,1.295,2.263
24419,53,2.429,1.241,2.331
24420,53,2.175,0.890,2.067
24422,53,2.405,1.031,2.312
24423,53,2.600,1.119,2.483
24429,45,3.622,1.799,3.514
24430,45,3.866,1.935,3.734
24432,45,3.798,1.794,3.666
24434,45,3.754,1.672,3.602
24435,45,3.543,1.422,3.426
24437,45,3.143,0.958,3.006
24438,45,3.221,0.997,3.089
24440,45,3.069,0.797,2.952
24443,45,3.211,0.934,3.060
24444,45,3.416,1.173,3.299
24452,38,3.983,1.984,3.871
24454,38,3.812,1.901,3.671
24456,38,3.534,1.730,3.387
24457,38,3.113,1.432,2.947
24459,38,3.128,1.608,2.996
24460,38,2.854,1.496,2.727
24462,38,3.006,1.808,2.898
24464,38,3.016,2.014,2.947
24465,38,3.089,2.258,2.996
24467,38,3.211,2.576,3.138
24468,38,2.967,2.537,2.908
24474,27,2.185,2.400,2.361
24475,27,1.926,2.297,2.239
24477,27,1.388,1.945,1.901
24479,27,1.202,1.955,1.877
24480,27,1.012,1.931,1.887
24482,27,0.924,2.014,1.975
24483,27,0.909,2.136,2.107
24489,27,0.762,2.493,2.493
24490,27,0.943,2.786,2.869
24496,23,0.000,2.268,2.292
24497,23,0.000,2.356,2.278
24499,23,0.000,2.463,2.400
24500,23,0.000,2.522,2.444
24502,23,0.000,2.595,2.527
24504,23,0.000,2.625,2.571
24505,23,0.000,2.639,2.625
24507,23,0.000,2.674,2.737
24508,23,0.000,2.634,2.674
24510,23,0.210,2.771,2.928
24511,23,0.073,2.576,2.674
24513,23,0.024,2.449,2.537
24518,32,0.083,2.067,2.048
24520,32,0.059,1.921,1.896
24522,32,0.411,2.092,2.087
24523,32,0.831,2.361,2.395
24525,32,1.188,2.478,2.483
24530,32,1.862,2.693,2.683
24532,32,1.911,2.556,2.556
24533,32,2.014,2.502,2.502
24535,32,2.038,2.370,2.361
24537,32,2.087,2.312,2.283
24542,50,2.424,2.331,2.380
24543,50,2.537,2.390,2.483
24545,50,2.737,2.556,2.678
24547,50,2.898,2.722,2.874
24548,50,2.830,2.620,2.781
24550,50,2.986,2.761,2.898
24552,50,2.815,2.620,2.747
24553,50,2.717,2.546,2.664
24555,50,2.561,2.419,2.527
24557,50,2.351,2.243,2.297
24558,50,2.405,2.341,2.370
24563,57,2.458,2.537,2.527
24565,57,2.502,2.556,2.527
24569,57,2.639,2.776,2.752
24572,57,2.488,2.620,2.581
24574,57,2.434,2.546,2.522
24575,57,2.292,2.439,2.414
24577,57,2.151,2.278,2.248
24579,57,2.219,2.375,2.346
24580,57,2.087,2.204,2.175
24582,57,2.248,2.356,2.326
24587,61,2.674,2.742,2.732
24589,61,2.595,2.634,2.625
24590,61,2.659,2.674,2.644
24592,61,2.556,2.561,2.556
24594,61,2.512,2.502,2.507
24595,61,2.449,2.419,2.419
24597,61,2.283,2.214,2.239
24610,56,2.683,2.630,2.659
24615,56,2.502,2.449,2.463
24617,56,2.405,2.341,2.361
24659,54,1.760,1.515,1.676
24660,54,1.461,1.168,1.369
24662,54,1.652,1.310,1.574
24664,54,1.804,1.388,1.711
24665,54,2.204,1.706,2.087
24667,54,2.498,1.935,2.439
24668,54,2.698,2.028,2.595
24670,54,3.113,2.331,3.045
24672,54,3.060,2.151,2.962
24677,50,2.527,1.129,2.380
24679,50,2.630,1.095,2.498
24680,50,2.493,0.802,2.366
24682,50,2.781,0.929,2.659
24683,50,3.030,1.026,2.918
24685,50,3.407,1.232,3.284
24687,50,3.891,1.564,3.783
24688,50,4.018,1.554,3.895
24690,50,4.462,1.818,4.291
24694,50,4.203,1.276,4.047
24701,38,3.617,0.455,3.446
24702,38,3.798,0.655,3.661
24704,38,3.930,0.811,3.768
24705,38,4.277,1.158,4.110
24707,38,4.570,1.525,4.433
24709,38,4.633,1.672,4.477
24710,38,4.912,2.023,4.741
24712,38,4.717,1.975,4.565
24714,38,4.589,1.989,4.418
24715,38,4.330,1.896,4.169
24717,38,3.978,1.735,3.812
24722,25,3.441,1.940,3.319
24724,25,3.407,2.146,3.338
24725,25,3.358,2.317,3.231
24727,25,3.407,2.669,3.353
24729,25,3.089,2.644,3.040
24730,25,2.913,2.732,2.849
24732,25,2.493,2.605,2.576
24736,25,1.364,2.107,2.043
24738,25,1.134,2.116,2.072
24739,25,0.587,1.838,1.789
24746,16,0.327,2.385,2.375
24747,16,0.406,2.669,2.669
24749,16,0.108,2.561,2.595
24751,16,0.132,2.757,2.825
24752,16,0.000,2.908,2.898
24754,16,0.000,3.094,3.060
24755,16,0.000,3.245,3.196
24757,16,0.000,3.407,3.324
24758,16,0.000,3.524,3.456
24760,16,0.000,3.587,3.519
24762,16,0.000,3.646,3.597
24767,23,0.064,3.617,3.607
24768,23,0.000,3.519,3.529
24770,23,0.015,3.392,3.392
24772,23,0.015,3.128,3.221
24776,23,0.000,2.581,2.595
24777,23,0.000,2.326,2.341
24779,23,0.108,2.087,2.136
24781,23,0.513,2.219,2.214
24782,23,0.885,2.253,2.248
24785,23,1.422,2.493,2.449
24790,42,2.639,2.742,2.722
24792,42,2.727,2.571,2.674
24793,42,2.869,2.488,2.810
24795,42,2.898,2.390,2.864
24797,42,2.884,2.243,2.796
24798,42,3.065,2.346,2.986
24800,42,2.942,2.199,2.849
24802,42,3.113,2.375,3.050
24803,42,3.236,2.449,3.109
24805,42,3.314,2.615,3.231
24806,42,3.397,2.742,3.314
24808,42,3.240,2.659,3.133
24816,56,2.341,2.336,2.312
24818,56,2.268,2.366,2.351
24819,56,2.038,2.224,2.190
24821,56,2.131,2.370,2.326
24823,56,2.126,2.429,2.419
24824,56,2.214,2.576,2.561
24827,56,2.248,2.674,2.654
24828,56,2.195,2.654,2.630
24830,56,2.283,2.796,2.771
24835,63,1.911,2.400,2.414
24837,63,1.701,2.224,2.190
24839,63,1.848,2.356,2.346
24840,63,1.760,2.234,2.229
24842,63,1.960,2.370,2.375
24844,63,2.063,2.395,2.414
24845,63,2.234,2.561,2.546
24847,63,2.463,2.717,2.698
24848,63,2.419,2.605,2.576
24850,63,2.610,2.727,2.678
24858,59,2.502,2.351,2.454
24860,59,2.419,2.209,2.361
24861,59,2.590,2.361,2.556
24863,59,2.683,2.429,2.634
24865,59,2.845,2.595,2.781
24875,59,2.522,2.322,2.458
24883,52,2.004,1.931,1.940
24884,52,2.219,2.151,2.151
24886,52,2.273,2.243,2.204
24888,52,2.561,2.532,2.493
24889,52,2.620,2.605,2.595
24891,52,2.527,2.532,2.498
24893,52,2.429,2.454,2.424
24894,52,2.268,2.283,2.229
24896,52,1.984,1.989,1.935
24897,52,1.544,1.559,1.505
24903,51,1.476,1.452,1.403
24904,51,1.779,1.735,1.701
24909,51,2.395,2.341,2.366
24910,51,2.493,2.356,2.449
24913,51,2.380,2.229,2.307
24914,51,2.253,2.028,2.155
24916,51,2.092,1.843,1.989
24918,51,1.613,1.310,1.535
24919,51,1.686,1.329,1.593
24921,51,1.603,1.188,1.525
24926,50,2.414,1.681,2.331
24928,50,2.864,2.028,2.752
24929,50,3.118,2.165,3.021
24931,50,3.148,2.067,3.065
24933,50,3.162,1.960,3.074
24934,50,3.030,1.681,2.957
24936,50,2.962,1.427,2.830
24938,50,2.664,0.978,2.561
24939,50,2.659,0.811,2.522
24941,50,2.810,0.816,2.683
24949,43,4.384,1.740,4.267
24950,43,4.423,1.691,4.311
24952,43,4.409,1.598,4.286
24955,43,4.267,1.442,4.159
24956,43,4.115,1.197,3.954
24958,43,3.705,0.797,3.548
24960,43,3.646,0.709,3.475
24961,43,3.617,0.767,3.485
24963,43,3.739,0.865,3.587
24964,43,3.930,1.178,3.783
24966,43,4.032,1.378,3.915
24971,31,4.272,2.092,4.150
24973,31,4.110,2.111,3.998
24975,31,3.817,1.979,3.666
24976,31,3.485,1.852,3.338
24978,31,3.094,1.730,2.986
24979,31,2.771,1.608,2.634
24981,31,2.664,1.789,2.566
24985,31,2.507,2.336,2.454
24987,31,2.590,2.654,2.625
24989,31,2.317,2.620,2.590
24994,22,1.359,2.429,2.405
24996,22,1.002,2.263,2.239
24998,22,0.528,2.053,2.033
25000,22,0.215,1.935,1.911
25001,22,0.142,2.053,2.028
25003,22,0.000,2.116,2.097
25004,22,0.049,2.351,2.370
25006,22,0.020,2.507,2.517
25008,22,0.034,2.693,2.737
25009,22,0.020,2.859,2.933
25011,22,0.000,2.986,3.006
25016,23,0.000,3.328,3.250
25018,23,0.000,3.328,3.270
25019,23,0.000,3.348,3.280
25021,23,0.000,3.333,3.250
25022,23,0.000,3.289,3.216
25027,23,0.000,2.996,3.006
25028,23,0.000,2.820,2.840
25030,23,0.088,2.669,2.727
25032,23,0.122,2.498,2.507
25033,23,0.308,2.454,2.454
25038,40,0.934,2.199,2.170
25041,40,1.227,2.229,2.219
25043,40,1.579,2.307,2.297
25044,40,1.984,2.449,2.424
25046,40,2.214,2.463,2.444
25048,40,2.654,2.693,2.669
25049,40,2.752,2.620,2.717
25051,40,2.884,2.610,2.815
25052,40,2.923,2.546,2.869
25054,40,2.933,2.483,2.854
25056,40,2.918,2.429,2.874
25061,54,2.835,2.361,2.757
25063,54,2.845,2.400,2.752
25067,54,3.011,2.781,2.947
25069,54,2.820,2.693,2.781
25070,54,2.717,2.664,2.678
25072,54,2.551,2.571,2.566
25074,54,2.424,2.507,2.483
25075,54,2.273,2.449,2.429
25077,54,2.019,2.229,2.199
25078,54,2.048,2.317,2.307
25085,58,2.224,2.576,2.542
25086,58,2.214,2.571,2.556
25088,58,2.312,2.688,2.664
25090,58,2.385,2.732,2.713
25091,58,2.273,2.630,2.610
25093,58,2.263,2.586,2.576
25102,58,2.346,2.390,2.380
25110,60,2.879,2.669,2.805
25112,60,2.791,2.571,2.752
25113,60,2.786,2.522,2.717
25130,52,2.913,2.713,2.849
25132,52,2.708,2.561,2.664
25134,52,2.605,2.468,2.542
25135,52,2.346,2.268,2.297
25137,52,2.028,1.970,1.965
25138,52,1.979,1.965,1.921
25140,52,1.672,1.706,1.642
25142,52,1.813,1.848,1.804
25143,52,1.896,1.950,1.882
25145,52,2.121,2.185,2.136
25147,52,2.322,2.370,2.346
25152,51,2.322,2.395,2.346
25153,51,2.224,2.253,2.209
25155,51,1.965,2.028,1.945
25157,51,1.559,1.588,1.491
25158,51,1.598,1.613,1.530
25160,51,1.339,1.388,1.295
25161,51,1.466,1.496,1.442
25163,51,1.505,1.500,1.491
25167,51,2.283,2.248,2.224
25170,51,2.566,2.507,2.542
25175,53,2.107,1.945,2.033
25177,53,1.720,1.500,1.623
25179,53,1.696,1.442,1.603
25180,53,1.383,1.075,1.285
25182,53,1.628,1.246,1.520
25183,53,1.769,1.354,1.676
25185,53,2.141,1.681,2.077
25187,53,2.483,1.935,2.424
25188,53,2.688,2.053,2.625
25190,53,3.055,2.351,3.006
25191,53,3.035,2.170,2.913
25197,50,2.375,1.178,2.248
25198,50,2.498,1.149,2.375
25200,50,2.317,0.875,2.219
25202,50,2.620,1.046,2.517
25203,50,2.830,1.129,2.742
25208,50,3.842,1.760,3.680
25209,50,4.208,1.994,4.081
25212,50,4.169,1.896,4.057
25213,50,4.174,1.799,4.032
25215,50,4.027,1.584,3.861
25220,40,3.636,1.105,3.485
25222,40,3.881,1.344,3.734
25224,40,4.042,1.544,3.876
25225,40,4.374,1.911,4.218
25227,40,4.643,2.243,4.497
25228,40,4.624,2.292,4.462
25230,40,4.790,2.542,4.658
25232,40,4.594,2.458,4.453
25233,40,4.438,2.395,4.282
25235,40,4.140,2.253,4.003
25237,40,3.788,2.058,3.651
25242,25,3.236,2.146,3.143
25243,25,3.275,2.351,3.162
25248,25,2.947,2.620,2.889
25249,25,2.928,2.830,2.893
25251,25,2.542,2.669,2.634
25254,25,2.243,2.556,2.542
25255,25,1.882,2.370,2.336
25257,25,1.442,2.131,2.082
25259,25,1.281,2.190,2.141
25260,25,0.924,1.975,1.940
25265,22,0.787,2.507,2.483
25267,22,0.899,2.781,2.781
25269,22,0.660,2.698,2.703
25270,22,0.582,2.776,2.771
25272,22,0.298,2.600,2.634
25274,22,0.103,2.561,2.561
25275,22,0.000,2.595,2.625
25277,22,0.000,2.693,2.688
25278,22,0.000,2.781,2.796
25280,22,0.000,2.830,2.840
25288,26,0.020,2.830,2.864
25290,26,0.117,2.805,2.849
25291,26,0.034,2.649,2.683
25293,26,0.073,2.542,2.551
25294,26,0.029,2.370,2.390
25297,26,0.020,2.175,2.175
25299,26,0.308,2.273,2.253
25300,26,0.337,2.102,2.067
25302,26,0.699,2.229,2.224
25303,26,1.026,2.326,2.331
25305,26,1.393,2.507,2.488
25310,44,2.263,2.625,2.639
25312,44,2.292,2.488,2.478
25314,44,2.410,2.454,2.444
25315,44,2.439,2.336,2.385
25317,44,2.366,2.136,2.297
25318,44,2.615,2.273,2.537
25320,44,2.600,2.243,2.576
25322,44,2.815,2.405,2.752
25326,44,3.084,2.664,3.025
25328,44,3.045,2.659,3.001
25333,54,2.805,2.556,2.737
25335,54,2.595,2.424,2.537
25345,54,2.385,2.556,2.561
25349,54,2.468,2.693,2.683
25351,54,2.395,2.625,2.625
25356,59,2.107,2.405,2.370
25358,59,2.004,2.302,2.302
25359,59,1.965,2.224,2.234
25361,59,2.067,2.356,2.317
25363,59,2.131,2.385,2.356
25364,59,2.283,2.546,2.512
25366,59,2.370,2.551,2.551
25367,59,2.444,2.590,2.537
25369,59,2.546,2.649,2.644
25371,59,2.483,2.581,2.571
25372,59,2.458,2.517,2.478
25380,57,1.931,1.813,1.852
25383,57,2.028,1.857,1.940
25385,57,2.297,2.092,2.199
25386,57,2.380,2.170,2.322
25388,57,2.674,2.439,2.576
25389,57,2.708,2.454,2.649
25391,57,2.683,2.434,2.630
25393,57,2.620,2.351,2.551
25394,57,2.414,2.107,2.302
25396,57,2.180,1.887,2.111
25401,54,1.657,1.354,1.574
25403,54,1.755,1.413,1.667
25404,54,2.053,1.730,1.994
25406,54,2.253,1.911,2.180
25408,54,2.590,2.204,2.468
25409,54,2.752,2.390,2.698
25411,54,2.678,2.307,2.615
25413,54,2.625,2.229,2.532
25417,54,1.760,1.310,1.676
25419,54,1.838,1.329,1.711
25425,48,2.185,1.564,2.116
25426,48,2.356,1.681,2.307
25428,48,2.801,2.038,2.708
25430,48,2.967,2.170,2.903
25431,48,3.006,2.111,2.923
25433,48,2.981,1.999,2.893
25435,48,2.854,1.784,2.766
25436,48,2.693,1.525,2.586
25438,48,2.346,1.056,2.234
25439,48,2.312,0.909,2.185
25441,48,2.380,0.890,2.268
25446,44,3.280,1.466,3.162
25448,44,3.592,1.662,3.460
25450,44,3.915,1.896,3.832
25451,44,3.891,1.794,3.778
25453,44,3.871,1.691,3.739
25454,44,3.631,1.413,3.524
25459,44,3.109,0.821,2.952
25460,44,3.069,0.811,2.933
25462,44,3.162,0.929,3.006
25464,44,3.382,1.207,3.270
25470,30,4.018,2.155,3.925
25472,30,3.891,2.136,3.768
25473,30,3.822,2.195,3.685
25475,30,3.495,2.028,3.377
25476,30,3.221,1.916,3.089
25478,30,2.830,1.740,2.747
25480,30,2.561,1.628,2.439
25481,30,2.512,1.789,2.424
25483,30,2.449,1.916,2.351
25485,30,2.537,2.229,2.458
25486,30,2.449,2.375,2.395
25492,26,2.058,2.561,2.527
25493,26,1.784,2.483,2.463
25495,26,1.417,2.297,2.278
25499,26,0.528,1.882,1.862
25501,26,0.430,1.984,1.945
25502,26,0.352,2.053,2.038
25504,26,0.396,2.283,2.273
25505,26,0.342,2.356,2.356
25507,26,0.474,2.586,2.590
25510,26,0.459,2.664,2.713
25515,23,0.000,2.546,2.522
25517,23,0.000,2.586,2.546
25518,23,0.000,2.620,2.595
25520,23,0.000,2.634,2.576
25521,23,0.000,2.634,2.586
25523,23,0.000,2.586,2.561
25524,23,0.000,2.542,2.532
25526,23,0.029,2.483,2.498
25528,23,0.244,2.586,2.586
25529,23,0.489,2.693,2.698
25531,23,0.508,2.571,2.576
25539,37,0.802,1.970,1.911
25541,37,1.129,2.111,2.087
25542,37,1.510,2.307,2.273
25544,37,1.887,2.483,2.444
25545,37,2.048,2.483,2.493
25547,37,2.366,2.654,2.634
25549,37,2.507,2.664,2.659
25550,37,2.527,2.561,2.566
25553,37,2.566,2.512,2.556
25554,37,2.556,2.424,2.512
25560,52,2.434,2.214,2.390
25561,52,2.571,2.346,2.527
25563,52,2.600,2.410,2.571
25573,52,2.537,2.581,2.571
25577,52,2.141,2.268,2.248
25582,58,2.229,2.414,2.395
25584,58,2.366,2.551,2.507
25585,58,2.380,2.576,2.537
25590,58,2.595,2.713,2.693
25591,58,2.498,2.586,2.586
25593,58,2.488,2.537,2.512
25595,58,2.410,2.434,2.429
25597,58,2.307,2.278,2.278
25599,58,2.444,2.366,2.400
25600,58,2.361,2.239,2.322
25606,55,2.791,2.551,2.766
25607,55,2.923,2.669,2.879
25609,55,2.923,2.620,2.849
25611,55,2.952,2.625,2.889
25612,55,2.893,2.556,2.825
25614,55,2.810,2.463,2.727
25615,55,2.678,2.326,2.625
25617,55,2.302,1.970,2.199
25619,55,2.322,1.984,2.248
25620,55,2.248,1.911,2.155
25622,55,2.263,1.960,2.185
25627,53,2.703,2.532,2.644
25632,53,2.537,2.454,2.483
25633,53,2.419,2.380,2.370
25635,53,2.214,2.204,2.160
25636,53,1.857,1.872,1.818
25639,53,1.882,1.931,1.857
25641,53,1.637,1.720,1.642
25642,53,1.735,1.833,1.794
25644,53,1.779,1.882,1.833
25645,53,1.984,2.131,2.077
25651,49,2.317,2.488,2.449
25652,49,2.160,2.336,2.297
25654,49,2.009,2.185,2.151
25656,49,1.794,1.994,1.931
25657,49,1.295,1.496,1.422
25659,49,1.344,1.525,1.442
25660,49,1.134,1.334,1.285
25662,49,1.295,1.476,1.403
25663,49,1.432,1.642,1.584
25672,49,2.224,2.312,2.278
25673,49,2.155,2.214,2.160
25675,49,1.921,1.960,1.882
25676,49,1.530,1.564,1.466
25678,49,1.530,1.549,1.481
25681,49,1.227,1.222,1.158
25682,49,1.403,1.383,1.344
25684,49,1.505,1.452,1.442
25685,49,1.857,1.779,1.764
25687,49,2.146,2.048,2.107
25689,49,2.292,2.151,2.219
25690,49,2.630,2.483,2.561
25695,53,2.146,1.828,2.063
25697,53,1.686,1.329,1.598
25699,53,1.784,1.325,1.657
25700,53,1.603,1.075,1.500
25702,53,1.843,1.197,1.720
25703,53,2.043,1.320,1.960
25708,53,2.913,1.862,2.820
25709,53,3.280,2.102,3.201
25711,53,3.294,1.960,3.216
25713,53,3.309,1.794,3.196
25718,50,2.928,0.870,2.801
25720,50,2.732,0.503,2.605
25721,50,2.981,0.630,2.869
25724,50,3.196,0.679,3.094
25725,50,3.631,0.992,3.509
25727,50,4.042,1.310,3.930
25729,50,4.262,1.398,4.130
25730,50,4.653,1.686,4.516
25732,50,4.570,1.544,4.438
25733,50,4.511,1.447,4.365
25735,50,4.257,1.134,4.096
25740,33,3.583,0.587,3.431
25742,33,3.729,0.811,3.573
25744,33,3.807,1.041,3.705
25745,33,4.027,1.344,3.871
25750,33,4.438,2.209,4.296
25751,33,4.257,2.253,4.130
25753,33,4.013,2.224,3.891
25754,33,3.622,2.072,3.495
25756,33,3.236,1.945,3.089
25758,33,2.947,1.926,2.849
25763,22,2.297,2.195,2.258
25766,22,2.190,2.341,2.307
25767,22,2.190,2.561,2.527
25769,22,1.911,2.527,2.502
25770,22,1.862,2.678,2.654
25772,22,1.491,2.542,2.527
25774,22,1.158,2.478,2.454
25775,22,0.767,2.302,2.283
25777,22,0.288,2.043,2.028
25779,22,0.093,2.097,2.082
25780,22,0.000,2.180,2.141
25785,20,0.000,2.845,2.805
25798,20,0.000,3.475,3.397
25799,20,0.000,3.412,3.328
25801,20,0.000,3.319,3.280
25815,28,0.841,2.346,2.351
25819,28,1.432,2.199,2.204
25821,28,1.711,2.219,2.204
25822,28,2.077,2.307,2.283
25824,28,2.458,2.439,2.414
25825,28,2.732,2.463,2.674
25831,51,3.324,2.634,3.255
25832,51,3.358,2.586,3.280
25834,51,3.304,2.488,3.201
25836,51,3.236,2.463,3.162
25837,51,3.069,2.322,2.991
25839,51,3.021,2.317,2.928
25840,51,3.030,2.400,2.937
25842,51,2.991,2.458,2.889
25844,51,3.025,2.610,2.952
25848,51,2.766,2.654,2.732
25854,59,2.292,2.478,2.463
25856,59,2.185,2.434,2.405
25858,59,1.960,2.278,2.278
25859,59,1.940,2.307,2.283
25861,59,1.940,2.361,2.366
25863,59,1.945,2.419,2.405
25864,59,2.004,2.527,2.532
25866,59,2.009,2.546,2.546
25867,59,2.151,2.713,2.688
25869,59,2.116,2.669,2.659
25871,59,2.087,2.615,2.586
25876,63,1.945,2.390,2.361
25878,63,1.950,2.346,2.317
25879,63,1.945,2.253,2.243
25881,63,2.087,2.341,2.317
25882,63,2.190,2.375,2.366
25884,63,2.366,2.517,2.502
25888,63,2.722,2.644,2.688
25890,63,2.766,2.610,2.713
25892,63,2.771,2.561,2.717
25894,63,2.771,2.483,2.688
25900,54,2.717,2.292,2.634
25901,54,2.830,2.400,2.757
25903,54,2.532,2.072,2.419
25905,54,2.722,2.224,2.620
25906,54,2.776,2.317,2.717
25908,54,2.962,2.463,2.849
25909,54,3.045,2.551,2.972
25911,54,2.957,2.483,2.893
25913,54,2.908,2.429,2.810
25914,54,2.722,2.234,2.644
25916,54,2.576,2.116,2.478
25921,45,2.151,1.720,2.067
25923,45,2.204,1.779,2.116
25924,45,2.219,1.789,2.146
25926,45,2.458,2.028,2.390
25930,45,2.708,2.263,2.644
25932,45,2.639,2.175,2.581
25934,45,2.493,1.994,2.390
25935,45,2.307,1.779,2.190
25938,45,1.887,1.344,1.794
25940,45,1.862,1.256,1.745
25945,46,2.312,1.584,2.219
25946,46,2.522,1.750,2.463
25948,46,2.864,2.009,2.757
25950,46,3.123,2.209,3.045
25951,46,3.104,2.111,3.001
25953,46,3.055,2.009,2.962
25955,46,2.879,1.755,2.776
25956,46,2.717,1.515,2.595
25958,46,2.468,1.173,2.351
25959,46,2.322,0.948,2.195
25961,46,2.405,0.982,2.302
25966,39,3.284,1.662,3.187
25971,39,3.705,1.935,3.602
25972,39,3.646,1.852,3.534
25974,39,3.465,1.662,3.338
25975,39,3.265,1.466,3.133
25977,39,2.845,1.056,2.732
25980,39,2.732,0.973,2.586
25981,39,2.693,0.978,2.581
25983,39,2.752,1.119,2.620
25985,39,2.972,1.378,2.830
25990,35,3.500,2.307,3.436
25991,35,3.319,2.224,3.221
25993,35,3.152,2.229,3.065
25995,35,2.810,2.019,2.713
25996,35,2.507,1.852,2.375
25998,35,2.146,1.701,2.067
26000,35,1.774,1.520,1.681
26001,35,1.784,1.691,1.716
26003,35,1.691,1.794,1.730
26011,23,1.789,2.576,2.566
26012,23,1.574,2.517,2.517
26014,23,1.261,2.346,2.312
26016,23,0.953,2.214,2.170
26017,23,0.543,1.955,1.926
26019,23,0.293,1.818,1.779
26020,23,0.239,1.906,1.872
26023,23,0.200,1.960,1.935
26025,23,0.327,2.219,2.209
26026,23,0.337,2.312,2.297
26028,23,0.572,2.610,2.600
26029,23,0.513,2.644,2.693
26043,27,0.000,2.136,2.126
26047,27,0.587,2.571,2.586
26048,27,0.689,2.498,2.502
26050,27,0.953,2.664,2.693
26051,27,0.982,2.532,2.546
26057,41,1.090,2.092,2.077
26058,41,1.383,2.219,2.195
26063,41,1.965,2.356,2.361
26065,41,2.239,2.493,2.483
26067,41,2.522,2.634,2.625
26069,41,2.576,2.571,2.576
26070,41,2.830,2.698,2.771
26072,41,2.776,2.586,2.732
26073,41,2.791,2.512,2.732
26075,41,2.727,2.410,2.659
26080,52,2.639,2.312,2.586
26082,52,2.722,2.390,2.644
26084,52,2.810,2.517,2.717
26085,52,2.805,2.571,2.752
26087,52,2.952,2.786,2.908
26089,52,2.810,2.664,2.761
26090,52,2.776,2.693,2.727
26092,52,2.620,2.595,2.600
26093,52,2.498,2.507,2.507
26095,52,2.351,2.414,2.410
26103,59,2.263,2.483,2.498
26105,59,2.356,2.576,2.546
26107,59,2.502,2.722,2.717
26109,59,2.419,2.644,2.625
26111,59,2.439,2.669,2.649
26112,59,2.326,2.556,2.537
26114,59,2.307,2.512,2.478
26115,59,2.219,2.414,2.380
26117,59,2.063,2.253,2.209
26119,59,2.195,2.341,2.307
26120,59,2.155,2.297,2.287
26126,62,2.507,2.537,2.537
26127,62,2.703,2.693,2.683
26129,62,2.688,2.688,2.693
26131,62,2.674,2.620,2.649
26132,62,2.639,2.556,2.610
26134,62,2.576,2.473,2.546
26135,62,2.576,2.419,2.532
26140,62,2.507,2.312,2.473
26141,62,2.639,2.444,2.620
26147,57,2.952,2.717,2.898
26148,57,2.913,2.678,2.849
26151,57,2.884,2.634,2.815
26153,57,2.688,2.458,2.639
26154,57,2.610,2.370,2.551
26156,57,2.502,2.287,2.444
26158,57,2.180,1.955,2.102
26159,57,2.175,1.984,2.111
26161,57,2.082,1.891,2.009
26162,57,2.160,1.965,2.087
26164,57,2.258,2.067,2.199
26166,57,2.331,2.146,2.273
26171,52,2.639,2.463,2.600
26173,52,2.556,2.370,2.488
26174,52,2.292,2.102,2.229
26176,52,2.092,1.896,2.023
26180,52,1.574,1.325,1.491
26182,52,1.681,1.369,1.574
26183,52,1.896,1.579,1.804
26185,52,2.126,1.779,2.048
26187,52,2.527,2.146,2.483
26193,48,2.727,2.151,2.654
26195,48,2.586,1.945,2.517
26196,48,2.454,1.720,2.361
26198,48,2.102,1.266,1.989
26199,48,2.092,1.158,1.950
26201,48,2.087,1.070,1.979
26203,48,2.287,1.168,2.175
26204,48,2.566,1.344,2.458
26206,48,2.810,1.481,2.703
26207,48,3.319,1.891,3.240
26209,48,3.416,1.848,3.333
26211,48,3.622,1.945,3.500
26216,41,3.338,1.325,3.201
26218,41,3.040,0.953,2.933
26222,41,3.148,0.846,3.025
26223,41,3.402,1.051,3.265
26225,41,3.622,1.241,3.475
26227,41,4.066,1.657,3.964
26228,41,4.101,1.652,3.978
26230,41,4.286,1.843,4.154
26232,41,4.154,1.740,4.032
26238,30,3.201,0.963,3.069
26239,30,3.060,0.904,2.898
26241,30,2.962,0.943,2.835
26243,30,2.967,1.100,2.840
26244,30,3.079,1.344,2.967
26246,30,3.143,1.613,3.040
26248,30,3.446,2.067,3.358
26249,30,3.377,2.204,3.314
26251,30,3.280,2.317,3.187
26252,30,3.006,2.273,2.942
26254,30,2.664,2.131,2.571
26262,22,0.982,1.540,1.471
26264,22,1.090,1.804,1.764
26273,22,0.533,2.312,2.336
26278,22,0.000,2.160,2.102
26283,24,0.000,2.615,2.517
26285,24,0.000,2.683,2.644
26287,24,0.000,2.786,2.757
26288,24,0.000,2.815,2.805
26290,24,0.000,2.869,2.962
26291,24,0.000,2.874,2.879
26293,24,0.000,2.845,2.874
26294,24,0.000,2.849,2.791
26296,24,0.000,2.766,2.713
26298,24,0.000,2.688,2.620
26299,24,0.000,2.595,2.493
26301,24,0.000,2.463,2.375
26306,30,0.259,2.219,2.224
26308,30,0.670,2.419,2.434
26312,30,1.178,2.400,2.390
26313,30,1.246,2.243,2.234
26315,30,1.290,2.121,2.097
26317,30,1.085,1.716,1.642
26318,30,1.339,1.794,1.740
26321,30,1.403,1.720,1.642
26322,30,1.672,1.848,1.799
26324,30,1.999,2.043,1.970
26329,50,2.757,2.576,2.727
26331,50,2.761,2.551,2.703
26333,50,2.708,2.468,2.649
26334,50,2.551,2.351,2.522
26336,50,2.400,2.209,2.356
26338,50,2.126,1.960,2.067
26339,50,2.077,1.935,1.979
26341,50,2.048,1.965,2.004
26342,50,2.072,2.009,2.009
26344,50,2.234,2.224,2.209
26346,50,2.302,2.322,2.283
26354,57,2.268,2.414,2.375
26355,57,2.224,2.366,2.326
26357,57,2.009,2.151,2.121
26359,57,2.077,2.209,2.180
26360,57,2.116,2.263,2.243
26363,57,2.199,2.351,2.322
26364,57,2.361,2.512,2.468
26366,57,2.400,2.522,2.493
26368,57,2.615,2.713,2.683
26369,57,2.581,2.654,2.634
26375,56,2.454,2.454,2.454
26376,56,2.405,2.395,2.405
26378,56,2.375,2.317,2.351
26379,56,2.283,2.204,2.258
26381,56,2.405,2.297,2.346
26383,56,2.439,2.307,2.385
26384,56,2.644,2.483,2.561
26386,56,2.693,2.532,2.634
26390,56,2.791,2.634,2.742
26396,55,2.478,2.351,2.429
26397,55,2.322,2.224,2.263
26399,55,2.048,1.935,1.950
26400,55,2.038,1.984,1.975
26402,55,2.063,1.994,1.984
26404,55,2.209,2.190,2.126
26406,55,2.248,2.239,2.185
26408,55,2.502,2.517,2.468
26410,55,2.561,2.576,2.542
26411,55,2.498,2.517,2.483
26413,55,2.405,2.429,2.390
26414,55,2.224,2.253,2.214
26420,53,1.466,1.520,1.427
26421,53,1.559,1.632,1.554
26423,53,1.628,1.681,1.608
26425,53,1.891,1.940,1.877
26426,53,1.916,1.955,1.911
26430,53,2.405,2.395,2.356
26432,53,2.287,2.287,2.248
26434,53,2.151,2.126,2.072
26435,53,1.965,1.935,1.891
26441,50,1.359,1.281,1.276
26442,50,1.457,1.369,1.373
26444,50,1.779,1.647,1.681
26445,50,1.906,1.760,1.843
26447,50,2.322,2.121,2.248
26450,50,2.473,2.248,2.424
26451,50,2.507,2.224,2.444
26453,50,2.478,2.126,2.405
26455,50,2.292,1.872,2.214
26456,50,2.146,1.613,2.048
26458,50,1.750,1.153,1.657
26459,50,1.735,1.031,1.598
26465,50,2.292,1.173,2.175
26466,50,2.566,1.329,2.483
26479,50,2.986,0.474,2.820
26480,50,2.889,0.254,2.766
26482,50,3.094,0.357,2.942
26487,45,4.150,1.168,3.993
26489,45,4.321,1.315,4.203
26491,45,4.365,1.339,4.238
26493,45,4.291,1.290,4.159
26495,45,4.110,1.129,3.949
26496,45,3.871,0.909,3.700
26498,45,3.392,0.557,3.250
26499,45,3.245,0.479,3.094
26513,27,3.250,2.067,3.152
26517,27,2.077,1.559,1.950
26518,27,1.813,1.579,1.730
26520,27,1.276,1.300,1.232
26521,27,1.271,1.540,1.471
26523,27,1.173,1.667,1.598
26525,27,1.237,1.935,1.862
26526,27,1.310,2.224,2.195
26535,20,0.137,2.126,2.146
26537,20,0.000,2.121,2.053
26538,20,0.000,2.312,2.224
26540,20,0.000,2.488,2.390
26542,20,0.000,2.664,2.556
26543,20,0.000,2.825,2.732
26545,20,0.000,2.962,2.903
26546,20,0.000,3.065,3.011
26548,20,0.000,3.152,3.123
26549,20,0.000,3.236,3.236
26555,22,0.000,3.240,3.162
26556,22,0.000,3.162,3.104
26558,22,0.000,3.099,3.011
26559,22,0.000,2.967,2.874
26561,22,0.000,2.835,2.757
26562,22,0.000,2.649,2.561
26564,22,0.000,2.473,2.449
26566,22,0.000,2.273,2.297
26570,22,0.987,2.586,2.639
26571,22,1.090,2.424,2.458
26578,41,1.232,1.735,1.696
26579,41,1.457,1.725,1.657
26581,41,1.652,1.745,1.686
26583,41,1.935,1.852,1.877
26584,41,2.312,2.067,2.209
26586,41,2.493,2.155,2.419
26587,41,2.972,2.546,2.893
26589,41,2.981,2.527,2.923
26591,41,3.074,2.576,2.991
26592,41,2.947,2.463,2.874
26594,41,2.781,2.322,2.703
26599,58,2.019,1.774,1.935
26601,58,2.072,1.901,1.994
26603,58,2.048,1.935,1.984
26604,58,2.268,2.292,2.263
26606,58,2.380,2.444,2.419
26610,58,2.458,2.654,2.639
26612,58,2.326,2.571,2.551
26613,58,2.219,2.502,2.478
26615,58,2.107,2.414,2.400
26617,58,1.877,2.214,2.190
26623,57,2.053,2.370,2.351
26625,57,2.248,2.551,2.512
26626,57,2.283,2.566,2.546
26628,57,2.483,2.703,2.664
26629,57,2.537,2.722,2.708
26631,57,2.483,2.620,2.595
26633,57,2.498,2.576,2.556
26634,57,2.424,2.493,2.454
26636,57,2.414,2.390,2.395
26638,57,2.326,2.248,2.287
26639,57,2.361,2.243,2.307
26644,59,2.776,2.561,2.732
26646,59,2.864,2.649,2.820
26648,59,2.893,2.649,2.840
26652,59,2.830,2.590,2.776
26654,59,2.703,2.483,2.654
26655,59,2.639,2.429,2.566
26657,59,2.439,2.278,2.395
26659,59,2.439,2.297,2.366
26660,59,2.483,2.370,2.419
26663,59,2.493,2.410,2.449
26668,49,2.615,2.620,2.615
26670,49,2.698,2.732,2.722
26671,49,2.546,2.600,2.571
26673,49,2.483,2.556,2.512
26675,49,2.263,2.341,2.302
26676,49,2.111,2.199,2.165
26678,49,1.955,2.067,2.014
26680,49,1.716,1.818,1.745
26681,49,1.774,1.877,1.818
26683,49,1.725,1.843,1.779
26684,49,1.950,2.077,2.033
26692,49,2.297,2.361,2.341
26694,49,2.141,2.185,2.121
26696,49,1.955,2.009,1.935
26697,49,1.647,1.686,1.618
26699,49,1.554,1.574,1.515
26700,49,1.579,1.603,1.530
26702,49,1.554,1.549,1.476
26705,49,1.755,1.755,1.720
26706,49,1.906,1.887,1.852
26708,49,2.302,2.258,2.248
26713,52,2.375,2.243,2.302
26715,52,2.170,1.984,2.067
26716,52,1.965,1.755,1.877
26718,52,1.686,1.432,1.608
26720,52,1.535,1.217,1.427
26721,52,1.632,1.237,1.540
26723,52,1.740,1.285,1.642
26724,52,2.053,1.505,1.999
26729,52,2.737,1.911,2.664
26775,43,3.768,1.672,3.612
26783,24,2.761,1.838,2.649
26785,24,2.766,2.111,2.649
26786,24,2.830,2.483,2.776
26788,24,2.576,2.527,2.551
26791,24,2.483,2.674,2.639
26792,24,2.107,2.532,2.522
26794,24,1.784,2.429,2.395
26796,24,1.359,2.253,2.214
26797,24,0.767,1.940,1.877
26799,24,0.635,2.009,1.965
26804,19,0.122,2.214,2.195
26806,19,0.000,2.351,2.331
26807,19,0.166,2.669,2.703
26809,19,0.000,2.722,2.757
26810,19,0.000,2.903,2.913
26812,19,0.000,3.030,3.040
26816,19,0.000,3.319,3.231
26818,19,0.000,3.363,3.304
26819,19,0.000,3.402,3.314
26821,19,0.000,3.412,3.328
26826,22,0.000,3.275,3.240
26828,22,0.005,3.148,3.118
26829,22,0.034,2.986,3.035
26831,22,0.024,2.830,2.820
26834,22,0.005,2.610,2.649
26835,22,0.039,2.414,2.424
26837,22,0.034,2.199,2.190
26838,22,0.337,2.258,2.263
26840,22,0.474,2.121,2.126
26842,22,0.855,2.229,2.243
26843,22,1.188,2.331,2.312
26849,42,2.175,2.571,2.561
26850,42,2.444,2.620,2.595
26852,42,2.414,2.483,2.498
26854,42,2.581,2.458,2.527
26858,42,2.664,2.351,2.595
26860,42,2.561,2.219,2.502
26861,42,2.678,2.366,2.639
26863,42,2.776,2.439,2.688
26864,42,2.874,2.561,2.796
26866,42,2.947,2.693,2.889
26871,54,2.639,2.576,2.600
26873,54,2.507,2.532,2.507
26876,54,2.361,2.424,2.414
26877,54,2.126,2.229,2.224
26879,54,2.224,2.370,2.346
26880,54,2.097,2.287,2.268
26882,54,2.185,2.405,2.400
26884,54,2.204,2.454,2.439
26885,54,2.336,2.576,2.546
26887,54,2.478,2.717,2.703
26889,54,2.366,2.625,2.600
26894,58,2.278,2.463,2.449
26898,58,2.209,2.326,2.317
26900,58,2.175,2.224,2.224
26902,58,2.317,2.331,2.346
26903,58,2.454,2.419,2.439
26905,58,2.605,2.556,2.586
26906,58,2.805,2.722,2.771
26908,58,2.757,2.654,2.727
26910,58,2.898,2.752,2.835
26911,58,2.791,2.634,2.737
26918,59,2.410,2.209,2.361
26919,59,2.502,2.307,2.434
26921,59,2.507,2.317,2.454
26922,59,2.561,2.424,2.522
26924,59,2.708,2.571,2.649
26926,59,2.698,2.586,2.654
26927,59,2.898,2.796,2.845
26929,59,2.781,2.698,2.752
26931,59,2.742,2.693,2.703
26939,49,2.278,2.307,2.297
26940,49,2.268,2.322,2.278
26942,49,2.351,2.405,2.390
26944,49,2.424,2.502,2.502
26945,49,2.502,2.546,2.537
26947,49,2.674,2.732,2.713
26948,49,2.586,2.639,2.644
26950,49,2.590,2.674,2.654
26952,49,2.507,2.576,2.561
26953,49,2.439,2.488,2.498
26955,49,2.380,2.439,2.405
26957,49,2.214,2.253,2.239
26963,52,2.087,2.097,2.038
26964,52,2.209,2.219,2.204
26966,52,2.283,2.263,2.224
26968,52,2.532,2.488,2.468
26969,52,2.551,2.522,2.517
26971,52,2.537,2.483,2.473
26973,52,2.458,2.390,2.414
26977,52,1.872,1.725,1.774
26979,52,1.877,1.696,1.784
26984,51,1.950,1.613,1.877
26985,51,2.170,1.735,2.077
26987,51,2.634,2.136,2.561
26989,51,2.713,2.131,2.654
26990,51,2.908,2.214,2.820
26992,51,2.859,2.053,2.766
26994,51,2.815,1.862,2.703
27008,49,4.003,1.637,3.886
27012,49,4.448,1.632,4.321
27013,49,4.487,1.471,4.321
27015,49,4.340,1.212,4.203
27017,49,4.208,0.934,4.022
27018,49,4.140,0.782,3.974
27020,49,3.969,0.479,3.783
27021,49,4.101,0.591,3.944
27023,49,4.223,0.684,4.052
27031,33,4.941,1.745,4.790
27033,33,4.780,1.725,4.633
27034,33,4.497,1.618,4.340
27036,33,4.164,1.461,3.998
27038,33,3.832,1.364,3.675
27039,33,3.480,1.212,3.309
27041,33,3.368,1.378,3.226
27042,33,3.275,1.559,3.143
27044,33,3.387,1.935,3.240
27047,33,3.412,2.278,3.319
27048,33,3.304,2.478,3.187
27054,20,2.170,2.527,2.483
27055,20,1.735,2.361,2.317
27057,20,1.227,2.121,2.067
27058,20,0.982,2.121,2.087
27060,20,0.533,1.945,1.911
27062,20,0.406,2.063,2.033
27063,20,0.259,2.151,2.136
27068,20,0.103,2.571,2.659
27069,20,0.044,2.830,2.884
27075,14,0.000,3.480,3.436
27076,14,0.000,3.602,3.563
27078,14,0.000,3.768,3.695
27079,14,0.015,3.832,3.759
27081,14,0.000,3.895,3.832
27082,14,0.000,3.881,3.827
27084,14,0.034,3.895,3.837
27086,14,0.054,3.861,3.793
27087,14,0.015,3.749,3.724
27090,14,0.020,3.612,3.607
27091,14,0.015,3.441,3.431
27093,14,0.015,3.231,3.221
27098,29,0.034,2.341,2.361
27100,29,0.181,2.175,2.170
27102,29,0.587,2.248,2.278
27103,29,0.958,2.317,2.331
27108,29,2.038,2.576,2.546
27109,29,2.356,2.634,2.615
27111,29,2.483,2.537,2.517
27112,29,2.664,2.522,2.620
27114,29,2.752,2.468,2.722
27119,50,2.805,2.258,2.757
27121,50,2.947,2.380,2.879
27123,50,2.972,2.439,2.923
27124,50,3.060,2.571,2.986
27126,50,3.065,2.664,3.006
27128,50,2.942,2.634,2.889
27129,50,2.996,2.742,2.913
27132,50,2.761,2.639,2.717
27133,50,2.595,2.576,2.571
27135,50,2.400,2.449,2.439
27137,50,2.219,2.336,2.317
27138,50,2.170,2.375,2.356
27144,60,2.097,2.483,2.483
27145,60,2.170,2.556,2.542
27150,60,2.331,2.737,2.708
27151,60,2.224,2.600,2.590
27153,60,2.219,2.551,2.537
27154,60,2.126,2.444,2.429
27156,60,2.092,2.326,2.307
27158,60,2.136,2.326,2.312
27159,60,2.097,2.214,2.195
27165,61,2.688,2.556,2.654
27166,61,2.918,2.698,2.864
27168,61,2.918,2.625,2.854
27170,61,3.050,2.717,3.001
27171,61,3.021,2.625,2.937
27174,61,2.986,2.546,2.903
27175,61,2.898,2.458,2.835
27177,61,2.761,2.307,2.683
27179,61,2.859,2.400,2.791
27180,61,2.761,2.302,2.698
27182,61,2.840,2.419,2.796
27198,51,2.312,2.385,2.356
27200,51,2.131,2.258,2.234
27201,51,2.204,2.375,2.356
27203,51,2.253,2.434,2.414
27204,51,2.278,2.556,2.561
27210,46,2.361,2.688,2.659
27211,46,2.234,2.566,2.566
27213,46,2.165,2.522,2.507
27215,46,2.092,2.414,2.410
27217,46,1.926,2.258,2.248
27219,46,2.019,2.351,2.341
27221,46,2.009,2.322,2.297
27222,46,1.955,2.263,2.214
27224,46,2.014,2.307,2.283
27225,46,2.028,2.287,2.243
27227,46,2.224,2.463,2.439
27229,46,2.195,2.410,2.380
27234,52,2.146,2.248,2.219
27246,52,2.092,2.092,2.067
27250,52,2.429,2.410,2.405
27256,55,1.877,1.833,1.794
27257,55,1.515,1.457,1.437
27260,55,1.320,1.217,1.217
27261,55,1.364,1.227,1.256
27263,55,1.452,1.271,1.359
27265,55,1.784,1.549,1.716
27266,55,2.019,1.686,1.921
27268,55,2.502,2.077,2.424
27269,55,2.693,2.160,2.639
27271,55,2.810,2.131,2.727
27273,55,2.805,1.989,2.727
27274,55,2.664,1.657,2.537
27280,51,2.180,0.547,2.043
27281,51,2.419,0.572,2.287
27283,51,2.600,0.591,2.483
27284,51,3.079,0.885,2.967
27286,51,3.416,1.036,3.314
27290,51,4.242,1.432,4.115
27292,51,4.238,1.300,4.101
27294,51,4.164,1.061,3.993
27295,51,4.027,0.880,3.886
27302,41,3.514,0.239,3.363
27303,41,3.583,0.293,3.416
27305,41,3.900,0.670,3.759
27306,41,4.022,0.899,3.915
27308,41,4.389,1.334,4.242
27310,41,4.506,1.564,4.379
27311,41,4.448,1.618,4.321
27313,41,4.282,1.598,4.169
27314,41,3.944,1.422,3.788
27316,41,3.592,1.251,3.431
27318,41,2.996,0.890,2.874
27319,41,2.674,0.811,2.537
27325,25,2.566,1.540,2.468
27326,25,2.644,1.911,2.571
27331,25,2.542,2.561,2.546
27332,25,2.190,2.439,2.405
27334,25,1.755,2.243,2.219
27335,25,1.232,1.945,1.935
27337,25,0.469,1.442,1.364
27339,25,0.142,1.281,1.256
27340,25,0.000,1.300,1.261
27346,17,0.000,1.999,2.023
27348,17,0.132,2.346,2.410
27350,17,0.142,2.498,2.674
27351,17,0.000,2.586,2.669
27353,17,0.000,2.727,2.713
27354,17,0.000,2.864,2.825
27356,17,0.000,2.972,2.869
27357,17,0.000,3.065,2.962
27359,17,0.000,3.143,3.016
27361,17,0.000,3.187,3.069
27362,17,0.000,3.221,3.104
27370,27,0.000,2.957,3.001
27372,27,0.000,2.830,2.854
27373,27,0.000,2.674,2.654
27375,27,0.000,2.473,2.449
27376,27,0.000,2.278,2.195
27378,27,0.000,2.063,2.019
27380,27,0.000,1.833,1.774
27381,27,0.098,1.799,1.764
27383,27,0.455,1.906,1.867
27384,27,0.914,2.151,2.121
27387,27,1.398,2.380,2.380
27392,44,2.151,2.439,2.463
27394,44,2.248,2.395,2.356
27395,44,2.258,2.234,2.170
27397,44,2.004,1.882,1.911
27399,44,2.331,2.009,2.141
27400,44,2.077,1.808,1.999
27402,44,2.273,1.950,2.219
27406,44,2.776,2.463,2.737
27408,44,2.854,2.537,2.761
27410,44,3.035,2.761,2.947
27415,55,2.493,2.434,2.458
27417,55,2.243,2.229,2.199
27418,55,2.331,2.405,2.512
27420,55,2.165,2.229,2.253
27421,55,2.253,2.390,2.400
27423,55,2.287,2.449,2.419
27425,55,2.395,2.581,2.454
27426,55,2.571,2.752,2.752
27428,55,2.429,2.605,2.576
27430,55,2.532,2.727,2.727
27432,55,2.390,2.571,2.556
27437,58,1.955,2.136,2.136
27439,58,2.048,2.248,2.195
27441,58,2.116,2.263,2.248
27442,58,2.248,2.366,2.356
27444,58,2.458,2.546,2.527
27448,58,2.654,2.654,2.654
27450,58,2.805,2.810,2.801
27452,58,2.708,2.669,2.664
27453,58,2.664,2.561,2.586
27455,58,2.512,2.390,2.483
27460,55,2.405,2.263,2.366
27462,55,2.498,2.361,2.478
27463,55,2.713,2.586,2.669
27474,55,2.620,2.522,2.590
27478,55,2.287,2.214,2.273
27483,50,2.419,2.424,2.424
27485,50,2.634,2.625,2.581
27486,50,2.713,2.747,2.727
27488,50,2.615,2.639,2.605
27490,50,2.796,2.805,2.805
27491,50,2.615,2.634,2.610
27493,50,2.522,2.527,2.488
27495,50,2.263,2.248,2.234
27499,50,1.637,1.618,1.574
27504,53,2.038,2.009,1.970
27506,53,2.248,2.209,2.209
27508,53,2.463,2.405,2.390
27509,53,2.732,2.674,2.713
27511,53,2.581,2.458,2.556
27512,53,2.498,2.410,2.419
27515,53,2.204,2.063,2.116
27517,53,1.950,1.769,1.828
27518,53,1.672,1.481,1.603
27520,53,1.422,1.168,1.305
27521,53,1.559,1.246,1.486
27523,53,1.652,1.310,1.574
27528,52,2.747,2.141,2.669
27530,52,3.152,2.444,3.079
27532,52,3.074,2.248,2.991
27533,52,3.016,2.102,2.913
27535,52,2.805,1.735,2.693
27539,52,2.283,0.860,2.116
27541,52,2.405,0.880,2.283
27542,52,2.586,0.909,2.458
27544,52,3.050,1.207,2.913
27549,47,4.242,2.004,4.130
27551,47,4.194,1.833,4.062
27553,47,4.159,1.681,4.032
27554,47,3.949,1.398,3.812
27556,47,3.729,1.070,3.539
27558,47,3.504,0.802,3.392
27560,47,3.255,0.484,3.084
27562,47,3.387,0.650,3.245
27563,47,3.485,0.723,3.372
27565,47,3.837,1.114,3.724
27566,47,4.052,1.373,3.925
27568,47,4.330,1.672,4.154
27573,31,4.125,1.833,4.027
27575,31,3.763,1.608,3.617
27577,31,3.250,1.281,3.094
27581,31,2.576,1.056,2.444
27583,31,2.507,1.173,2.380
27584,31,2.737,1.652,2.634
27586,31,2.781,1.896,2.664
27587,31,3.040,2.414,2.947
27589,31,3.069,2.693,3.035
27594,22,1.838,2.199,2.170
27596,22,1.334,1.857,1.769
27598,22,0.982,1.720,1.657
27599,22,0.376,1.344,1.295
27602,22,0.386,1.530,1.486
27603,22,0.298,1.613,1.603
27605,22,0.513,2.043,2.038
27607,22,0.611,2.273,2.307
27608,22,0.718,2.522,2.571
27610,22,0.875,2.879,3.021
27611,22,0.572,2.713,2.874
27613,22,0.381,2.625,2.737
27621,25,0.000,2.854,2.757
27623,25,0.000,2.933,2.815
27624,25,0.000,2.962,2.913
27626,25,0.000,2.967,2.908
27627,25,0.034,2.942,3.006
27629,25,0.103,2.942,3.128
27630,25,0.112,2.859,3.211
27632,25,0.059,2.766,2.918
27634,25,0.000,2.620,2.610
27635,25,0.000,2.483,2.444
27641,34,0.000,1.843,1.804
27643,34,0.000,1.676,1.657
27645,34,0.660,2.155,2.092
27646,34,1.002,2.248,2.278
27648,34,1.676,2.757,2.742
27649,34,2.058,2.884,2.972
27651,34,2.126,2.717,3.011
27653,34,2.175,2.630,2.698
27657,34,1.652,1.681,1.623
27659,34,1.965,1.887,1.857
27664,50,2.688,2.468,2.688
27666,50,2.859,2.586,2.786
27667,50,3.109,2.849,3.084
27669,50,3.113,2.879,3.074
27671,50,2.918,2.713,2.869
27672,50,2.791,2.620,2.766
27674,50,2.600,2.512,2.566
27675,50,2.414,2.375,2.400
27677,50,2.165,2.126,2.121
27679,50,2.111,2.107,2.107
27680,50,2.195,2.278,2.258
27687,54,2.498,2.664,2.659
27688,54,2.522,2.693,2.669
27690,54,2.693,2.898,2.859
27691,54,2.483,2.678,2.664
27701,54,2.165,2.268,2.248
27711,59,2.815,2.639,2.771
27713,59,2.722,2.546,2.649
27715,59,2.605,2.405,2.532
27716,59,2.380,2.185,2.297
27718,59,2.527,2.307,2.473
27720,59,2.400,2.204,2.351
27721,59,2.595,2.346,2.532
27723,59,2.674,2.444,2.625
27724,59,2.840,2.605,2.781
27726,59,2.991,2.781,2.957
27732,56,2.781,2.620,2.708
27734,56,2.654,2.517,2.581
27736,56,2.502,2.434,2.454
27737,56,2.170,2.102,2.121
27739,56,2.234,2.195,2.170
27741,56,2.131,2.160,2.141
27742,56,2.087,2.107,2.067
27744,56,2.239,2.268,2.195
27745,56,2.278,2.302,2.273
27753,53,2.258,2.336,2.307
27755,53,2.009,2.107,2.072
27757,53,1.554,1.667,1.574
27758,53,1.618,1.711,1.637
27760,53,1.393,1.500,1.417
27761,53,1.544,1.657,1.588
27763,53,1.632,1.764,1.745
27765,53,1.852,1.950,1.887
27766,53,2.190,2.278,2.239
27768,53,2.209,2.287,2.248
27771,53,2.507,2.576,2.532
27772,53,2.370,2.405,2.356
27777,52,1.417,1.417,1.364
27779,52,1.427,1.413,1.325
27781,52,1.212,1.193,1.139
27782,52,1.373,1.334,1.290
27784,52,1.549,1.535,1.510
27785,52,1.848,1.784,1.764
27790,52,2.634,2.507,2.595
27791,52,2.532,2.356,2.463
27793,52,2.410,2.239,2.370
27798,50,1.637,1.266,1.505
27800,50,1.393,0.943,1.285
27802,50,1.598,1.124,1.500
27803,50,1.750,1.193,1.637
27805,50,2.141,1.515,2.043
27806,50,2.581,1.872,2.502
27808,50,2.717,1.901,2.610
27810,50,3.123,2.224,3.030
27811,50,3.069,2.053,2.962
27814,50,3.006,1.877,2.898
27815,50,2.771,1.535,2.639
27817,50,2.395,1.051,2.263
27822,47,2.375,0.684,2.253
27824,47,2.703,0.943,2.595
27826,47,2.991,1.134,2.864
27830,47,3.964,1.940,3.866
27832,47,3.891,1.804,3.768
27833,47,3.778,1.676,3.675
27835,47,3.509,1.369,3.358
27836,47,3.118,0.963,2.962
27838,47,2.947,0.826,2.840
27843,38,2.942,0.968,2.854
27845,38,3.192,1.266,3.055
27847,38,3.656,1.828,3.573
27848,38,3.607,1.916,3.519
27850,38,3.832,2.263,3.705
27851,38,3.578,2.111,3.495
27853,38,3.328,2.048,3.206
27855,38,2.923,1.750,2.815
27857,38,2.214,1.202,2.087
27859,38,2.151,1.315,2.028
27861,38,1.735,1.090,1.598
27862,38,1.794,1.344,1.706
27867,26,2.610,2.742,2.752
27880,26,0.000,1.051,0.992
27881,26,0.000,1.271,1.227
27883,26,0.024,1.422,1.393
27884,26,0.499,2.019,1.975
27890,27,1.452,3.113,4.301
27891,27,1.188,2.849,3.935
27893,27,0.968,2.727,3.666
27895,27,0.508,2.302,2.263
27896,27,0.000,1.901,1.823
27899,27,0.000,1.931,1.906
27900,27,0.000,1.911,1.813
27902,27,0.000,1.945,1.799
27903,27,0.000,1.882,1.764
27905,27,0.000,1.891,1.755
27906,27,0.308,2.243,2.341
27912,35,3.055,4.619,5.000
27913,35,2.561,4.008,5.000
27915,35,1.730,3.045,4.873
27919,35,0.000,0.982,0.836
27921,35,0.000,0.841,0.718
27922,35,0.000,0.689,0.567
27924,35,0.000,0.640,0.562
27925,35,0.142,0.841,0.875
27927,35,4.482,4.951,5.000
27929,35,4.594,5.000,5.000
27943,48,0.000,0.000,0.000
27947,48,2.502,2.527,2.634
27948,48,4.633,4.624,5.000
27950,48,5.000,5.000,5.000
27952,48,5.000,5.000,5.000
27957,52,1.452,1.285,3.734
27958,52,0.332,0.323,0.503
27960,52,0.000,0.000,0.000
27961,52,0.000,0.000,0.000
27963,52,0.000,0.000,0.000
27964,52,0.020,0.000,0.000
27969,52,5.000,5.000,5.000
27970,52,5.000,5.000,5.000
27972,52,5.000,4.927,5.000
27973,52,4.306,3.749,5.000
27975,52,3.456,2.898,4.946
27980,46,0.215,0.000,0.098
27982,46,0.239,0.000,0.093
27983,46,0.298,0.000,0.352
27986,46,1.246,0.567,1.188
27988,46,5.000,4.648,5.000
27989,46,5.000,4.609,5.000
27991,46,5.000,4.565,5.000
27992,46,4.956,4.140,5.000
27994,46,4.311,3.524,5.000
27996,46,3.612,2.849,4.795
27997,46,0.430,0.000,0.327
28002,48,0.303,0.000,0.108
28004,48,0.464,0.000,0.235
28008,48,4.296,3.998,5.000
28010,48,5.000,4.633,5.000
28012,48,4.457,3.939,5.000
28013,48,4.125,3.504,5.000
28015,48,3.368,3.006,5.000
28016,48,1.320,1.012,1.559
28018,48,0.000,0.000,0.000
28019,48,0.000,0.000,0.000
28025,43,0.288,1.153,0.308
28027,43,3.944,4.125,5.000
28029,43,3.788,3.773,5.000
28030,43,4.296,4.301,5.000
28032,43,3.871,3.891,5.000
28034,43,3.338,3.358,5.000
28035,43,2.972,2.991,4.985
28037,43,1.129,1.144,1.212
28038,43,0.000,0.000,0.000
28040,43,0.000,0.000,0.000
28041,43,0.000,0.000,0.000
28049,42,3.739,3.993,5.000
28051,42,3.431,3.734,5.000
28053,42,3.299,3.485,5.000
28054,42,2.869,3.167,5.000
28056,42,2.586,2.659,4.804
28057,42,0.000,0.122,0.024
28059,42,0.000,0.015,0.000
28060,42,0.000,0.000,0.000
28062,42,0.000,0.000,0.000
28063,42,0.000,0.020,0.073
28065,42,0.513,0.904,0.709
28071,45,3.201,3.338,5.000
28073,45,3.001,3.094,5.000
28074,45,2.781,2.884,5.000
28076,45,2.654,2.801,5.000
28078,45,0.000,0.000,0.000
28079,45,0.000,0.000,0.000
28080,45,0.000,0.000,0.000
28085,45,0.000,0.049,0.000
28086,45,1.559,1.838,1.935
28088,45,3.157,3.089,5.000
28093,48,3.099,2.962,5.000
28095,48,3.035,2.937,5.000
28096,48,2.102,2.033,2.121
28098,48,0.000,0.000,0.000
28099,48,0.000,0.000,0.000
28101,48,0.000,0.000,0.000
28102,48,0.000,0.000,0.000
28104,48,0.000,0.000,0.000
28105,48,0.733,0.758,0.616
28107,48,3.392,3.152,5.000
28108,48,3.280,3.133,5.000
28110,48,3.255,3.060,5.000
28116,46,3.069,2.913,5.000
28118,46,0.000,0.000,0.000
28119,46,0.000,0.000,0.000
28123,46,0.000,0.000,0.000
28125,46,0.200,0.244,0.298
28126,46,2.893,2.884,3.548
28128,46,3.211,3.006,5.000
28130,46,3.284,3.118,5.000
28131,46,3.216,3.030,5.000
28133,46,3.089,2.952,5.000
28138,45,0.000,0.000,0.000
28140,45,0.000,0.000,0.000
28141,45,0.000,0.000,0.000
28143,45,0.000,0.000,0.000
28144,45,0.000,0.000,0.660
28146,45,1.334,1.505,1.432
28147,45,3.275,3.094,5.000
28149,45,3.299,3.138,5.000
28150,45,3.211,3.035,5.000
28165,47,0.000,0.000,0.000
28168,47,3.226,3.045,5.000
28170,47,3.284,3.069,5.000
28174,47,3.118,2.913,5.000
28176,47,3.094,2.913,4.976
28178,47,0.000,0.000,0.000
28183,45,0.000,0.000,0.000
28184,45,0.000,0.005,0.000
28186,45,1.432,1.525,1.393
28187,45,3.231,3.055,5.000
28189,45,3.265,3.089,5.000
28190,45,3.245,3.074,5.000
28192,45,3.211,3.016,5.000
28194,45,3.065,2.889,5.000
28195,45,3.060,2.889,4.980
28198,45,0.000,0.000,0.000
28199,45,0.000,0.000,0.000
28201,45,0.000,0.000,0.000
28206,47,1.080,1.051,1.158
28208,47,3.275,3.113,5.000
28209,47,3.294,3.133,5.000
28214,47,3.167,2.952,5.000
28215,47,3.148,2.903,4.985
28217,47,1.290,1.026,0.943
28218,47,0.000,0.000,0.000
28220,47,0.000,0.000,0.000
28221,47,0.000,0.000,0.000
28223,47,0.000,0.000,0.000
28224,47,0.000,0.000,0.000
28229,48,3.407,3.260,5.000
28231,48,3.196,3.055,5.000
28232,48,3.206,2.977,5.000
28234,48,3.128,2.903,5.000
28236,48,3.006,2.776,4.687
28237,48,0.718,0.699,0.582
28239,48,0.000,0.000,0.000
28241,48,0.000,0.000,0.000
28243,48,0.000,0.000,0.000
28244,48,0.000,0.000,0.000
28252,49,3.201,2.962,5.000
28254,49,3.094,2.933,5.000
28255,49,3.069,2.913,5.000
28257,49,0.787,0.645,0.411
28259,49,0.000,0.000,0.000
28260,49,0.000,0.000,0.000
28261,49,0.000,0.000,0.000
28263,49,0.000,0.000,0.000
28264,49,0.000,0.000,0.000
28266,49,1.109,1.129,1.056
28267,49,3.314,3.113,5.000
28269,49,3.324,3.196,5.000
28274,47,3.069,2.942,5.000
28276,47,3.025,2.693,4.438
28278,47,0.088,0.020,0.000
28279,47,0.000,0.000,0.000
28280,47,0.000,0.000,0.000
28283,47,0.000,0.000,0.000
28287,47,3.475,3.343,5.000
28289,47,3.265,3.109,5.000
28290,47,3.304,3.113,5.000
28292,47,3.206,3.001,5.000
28297,45,0.000,0.000,0.000
28299,45,0.000,0.000,0.000
28300,45,0.000,0.000,0.000
28302,45,0.000,0.000,0.000
28303,45,0.000,0.000,0.000
28304,45,0.000,0.000,0.000
28306,45,1.232,1.305,1.442
28307,45,3.270,3.055,5.000
28309,45,3.284,3.109,5.000
28311,45,3.299,3.045,5.000
28312,45,3.275,3.045,5.000
28314,45,3.177,2.937,5.000
28319,48,0.000,0.000,0.000
28321,48,0.000,0.000,0.000
28322,48,0.000,0.000,0.000
28327,48,3.475,3.240,5.000
28329,48,3.338,3.152,5.000
28331,48,3.348,3.079,5.000
28332,48,3.289,3.040,5.000
28334,48,3.201,2.928,5.000
28335,48,3.138,2.933,5.000
28337,48,1.676,1.388,1.285
28342,47,0.000,0.000,0.000
28344,47,0.000,0.000,0.000
28345,47,0.308,0.191,0.152
28347,47,3.539,3.289,5.000
28349,47,3.343,3.148,5.000
28350,47,3.275,3.079,5.000
28352,47,3.226,3.006,5.000
28353,47,3.172,2.962,5.000
28355,47,3.133,2.957,5.000
28357,47,2.116,1.896,1.681
28358,47,0.137,0.156,0.000
28366,45,2.840,2.825,3.123
28369,45,3.255,3.079,4.839
28370,45,3.289,3.148,5.000
28372,45,3.250,3.021,5.000
28374,45,3.192,2.977,5.000
28375,45,3.109,2.879,4.966
28388,49,3.324,3.128,5.000
28393,49,3.201,3.060,5.000
28394,49,3.162,2.962,5.000
28396,49,3.069,2.849,4.863
28397,49,0.420,0.430,0.367
28399,49,0.000,0.000,0.000
28400,49,0.000,0.000,0.000
28402,49,0.000,0.000,0.000
28403,49,0.000,0.000,0.000
28405,49,0.034,0.020,0.000
28411,47,3.270,3.074,5.000
28413,47,3.162,2.972,5.000
28417,47,2.600,2.434,3.113
28419,47,0.034,0.000,0.000
28420,47,0.000,0.000,0.000
28421,47,0.000,0.000,0.000
28423,47,0.000,0.000,0.000
28424,47,0.000,0.000,0.000
28426,47,0.562,0.640,0.718
28427,47,3.328,3.133,5.000
28433,47,3.196,3.035,5.000
28434,47,3.089,2.889,5.000
28436,47,3.065,2.879,4.878
28438,47,0.000,0.083,0.039
28439,47,0.000,0.000,0.000
28441,47,0.000,0.000,0.000
28442,47,0.000,0.000,0.000
28443,47,0.000,0.000,0.000
28445,47,0.215,0.225,0.259
28446,47,3.451,3.368,5.000
28448,47,3.289,3.152,5.000
28457,48,2.248,2.111,1.843
28459,48,0.010,0.000,0.000
28460,48,0.000,0.000,0.000
28462,48,0.000,0.000,0.000
28463,48,0.000,0.000,0.000
28465,48,0.000,0.000,0.000
28466,48,0.728,0.733,0.699
28468,48,3.280,3.128,5.000
28469,48,3.368,3.167,5.000
28471,48,3.211,3.035,5.000
28472,48,3.255,3.025,5.000
28478,46,0.000,0.000,0.000
28479,46,0.000,0.000,0.000
28481,46,0.000,0.000,0.000
28482,46,0.000,0.000,0.000
28483,46,0.000,0.000,0.000
28485,46,0.352,0.318,0.220
28487,46,3.456,3.226,5.000
28491,46,3.201,3.011,5.000
28492,46,3.201,2.972,5.000
28494,46,3.143,2.928,5.000
28500,48,0.000,0.000,0.000
28502,48,0.000,0.000,0.000
28503,48,0.000,0.000,0.000
28505,48,0.000,0.000,0.000
28506,48,1.051,1.124,1.080
28508,48,3.265,3.074,5.000
28509,48,3.280,3.118,5.000
28511,48,3.236,3.016,5.000
28513,48,3.236,3.035,5.000
28514,48,3.157,2.996,5.000
28516,48,3.118,2.923,5.000
28517,48,0.000,0.000,0.000
28523,48,0.000,0.000,0.000
28524,48,0.000,0.000,0.000
28525,48,0.870,0.948,0.924
28539,48,0.000,0.000,0.000
28540,48,0.000,0.000,0.000
28545,49,0.283,0.288,0.264
28547,49,3.500,3.250,4.951
28549,49,3.245,3.011,5.000
28550,49,3.250,3.055,5.000
28552,49,3.216,3.006,5.000
28553,49,3.196,2.977,5.000
28555,49,3.143,2.923,5.000
28557,49,1.960,1.740,1.642
28558,49,0.000,0.000,0.000
28560,49,0.000,0.000,0.000
28561,49,0.000,0.000,0.000
28563,49,0.000,0.000,0.000
28568,47,3.226,3.011,5.000
28569,47,3.299,3.109,5.000
28571,47,3.236,3.040,5.000
28573,47,3.172,2.981,5.000
28577,47,0.000,0.000,0.000
28578,47,0.000,0.000,0.000
28580,47,0.000,0.000,0.000
28582,47,0.000,0.000,0.000
28584,47,0.000,0.000,0.000
28585,47,0.000,0.000,0.000
28587,47,2.326,2.370,2.522
28592,47,3.148,3.172,5.000
28594,47,3.172,2.972,5.000
28595,47,3.162,3.045,4.976
28597,47,1.378,1.290,1.002
28598,47,0.000,0.000,0.000
28600,47,0.000,0.000,0.000
28601,47,0.000,0.000,0.000
28603,47,0.000,0.000,0.000
28616,48,3.079,2.874,4.775
28620,48,0.000,0.000,0.000
28621,48,0.000,0.000,0.000
28623,48,0.000,0.000,0.000
28628,48,3.319,3.118,5.000
28629,48,3.328,3.167,5.000
28631,48,3.231,3.035,5.000
28636,48,2.991,2.801,4.594
28638,48,0.758,0.738,0.684
28640,48,0.000,0.000,0.000
28641,48,0.000,0.000,0.000
28643,48,0.000,0.000,0.000
28644,48,0.000,0.000,0.000
28645,48,0.391,0.367,0.230
28647,48,3.578,3.392,5.000
28649,48,3.328,3.187,5.000
28650,48,3.328,3.162,5.000
28652,48,3.192,3.006,5.000
28653,48,3.065,2.874,5.000
28659,50,0.000,0.000,0.000
28660,50,0.000,0.000,0.000
28662,50,0.000,0.000,0.000
28667,50,2.273,2.434,2.537
28668,50,3.221,3.157,4.932
28670,50,3.421,3.270,5.000
28672,50,3.240,3.069,5.000
28673,50,3.128,2.981,5.000
28675,50,3.025,2.918,5.000
28677,50,2.708,2.512,4.448
28682,44,0.000,0.000,0.000
28683,44,0.000,0.000,0.000
28685,44,0.000,0.000,0.000
28686,44,1.574,1.784,1.872
28688,44,3.294,3.172,4.927
28689,44,3.460,3.368,5.000
28691,44,3.192,3.074,5.000
28693,44,3.065,3.001,5.000
28694,44,2.859,2.796,5.000
28696,44,2.761,2.639,4.692
28698,44,0.552,0.645,0.645
28705,50,0.860,1.056,1.007
28707,50,3.363,3.319,4.809
28710,50,3.470,3.456,5.000
28711,50,3.201,3.216,5.000
28713,50,3.069,3.113,5.000
28715,50,2.952,2.898,5.000
28716,50,2.776,2.742,4.868
28718,50,0.000,0.020,0.000
28719,50,0.000,0.000,0.000
28721,50,0.000,0.000,0.000
28722,50,0.000,0.000,0.000
28727,48,3.490,3.583,5.000
28729,48,3.402,3.397,5.000
28731,48,3.060,3.069,5.000
28732,48,3.045,2.991,5.000
28734,48,2.879,2.703,5.000
28735,48,2.840,2.781,4.858
28737,48,0.484,0.455,0.401
28739,48,0.000,0.000,0.000
28743,48,0.000,0.000,0.000
28744,48,0.000,0.000,0.000
28749,48,3.402,3.402,5.000
28751,48,3.133,3.079,5.000
28754,48,3.060,2.903,5.000
28755,48,3.001,2.864,4.956
28757,48,2.307,2.092,3.705
28759,48,0.152,0.088,0.000
28760,48,0.000,0.000,0.000
28762,48,0.000,0.000,0.000
28763,48,0.000,0.000,0.000
28764,48,0.000,0.000,0.000
28766,48,0.919,0.811,0.836
28767,48,3.690,3.602,5.000
28773,45,3.157,2.981,5.000
28774,45,2.933,2.590,5.000
28776,45,2.698,2.488,4.756
28778,45,0.274,0.318,0.093
28782,45,0.000,0.000,0.000
28783,45,0.000,0.000,0.000
28785,45,0.230,0.279,0.303
28786,45,3.412,3.548,3.842
28788,45,3.421,3.446,5.000
28793,47,2.830,2.737,5.000
28796,47,2.884,2.674,4.848
28798,47,1.085,0.909,0.875
28799,47,0.000,0.000,0.000
28801,47,0.000,0.000,0.000
28802,47,0.000,0.000,0.000
28804,47,0.000,0.000,0.000
28805,47,0.000,0.044,0.000
28806,47,2.502,2.532,2.649
28808,47,3.573,3.641,3.656
28810,47,4.707,4.726,5.000
28811,47,4.438,4.404,4.985
28817,48,1.437,1.408,1.364
28859,50,0.577,0.601,0.587
28861,50,0.748,0.743,0.709
28862,50,0.948,0.973,0.870
28864,50,1.701,1.725,1.872
28865,50,2.380,2.278,2.375
28875,50,2.825,2.820,2.879
28879,50,0.357,0.161,0.235
28885,51,2.199,2.180,2.195
28887,51,3.387,3.568,3.514
28889,51,3.539,3.587,3.485
28890,51,4.785,4.717,4.712
28892,51,4.194,4.291,4.311
28893,51,3.983,3.954,3.861
28895,51,2.952,2.972,2.996
28897,51,1.608,1.505,1.510
28898,51,1.398,1.403,1.491
28900,51,0.323,0.279,0.303
28901,51,0.714,0.782,0.714
28909,49,4.585,4.736,4.648
28911,49,4.267,4.238,4.291
28913,49,3.891,3.969,3.969
28914,49,3.074,3.201,3.328
28916,49,1.931,1.950,1.975
28918,49,1.559,1.549,1.569
28919,49,0.293,0.303,0.288
28921,49,0.753,0.684,0.728
28923,49,1.061,0.890,0.958
28925,49,1.975,1.931,1.960
28930,53,4.570,4.746,4.653
28932,53,4.159,4.267,4.242
28934,53,3.939,3.788,3.827
28935,53,2.957,3.035,2.942
28937,53,1.632,1.584,1.378
28938,53,1.393,1.354,1.359
28940,53,0.249,0.274,0.235
28942,53,0.787,0.621,0.635
28943,53,1.075,1.022,1.002
28947,53,3.783,3.759,3.724
28953,49,4.081,4.027,4.003
28954,49,3.143,3.025,3.138
28956,49,2.058,1.975,1.940
28958,49,1.579,1.696,1.584
28959,49,0.176,0.254,0.264
28961,49,0.616,0.665,0.562
28962,49,0.826,0.758,0.758
28964,49,2.028,1.852,1.950
28967,49,2.683,2.659,2.600
28968,49,3.495,3.636,3.495
28970,49,4.751,4.829,4.756
28975,50,3.109,3.006,2.991
28977,50,1.632,1.510,1.500
28978,50,1.447,1.422,1.442
28980,50,0.166,0.235,0.181
28982,50,0.616,0.674,0.591
28983,50,0.899,0.978,0.982
28987,50,3.891,3.832,3.773
28989,50,4.497,4.638,4.516
28991,50,4.399,4.453,4.301
28992,50,4.282,4.301,4.242
28998,48,1.598,1.579,1.559
28999,48,0.293,0.230,0.166
29001,48,0.645,0.484,0.606
29002,48,0.679,0.635,0.821
29004,48,1.857,1.931,1.901
29006,48,2.639,2.620,2.610
29007,48,3.563,3.431,3.548
29010,48,4.643,4.677,4.746
29012,48,4.418,4.321,4.238
29013,48,4.365,4.247,4.218
29015,48,3.309,3.363,3.240
29016,48,2.517,2.454,2.439
29022,47,0.753,0.621,0.689
29023,47,1.061,0.919,0.953
29028,47,3.695,3.749,3.754
29029,47,4.560,4.516,4.629
29031,47,4.379,4.360,4.521
29032,47,4.399,4.316,4.291
29034,47,3.524,3.284,3.392
29036,47,2.625,2.576,2.693
29037,47,1.310,1.349,1.329
29043,50,0.953,0.968,0.973
29044,50,1.965,1.921,1.931
29046,50,2.952,3.001,3.021
29048,50,3.441,3.441,3.456
29049,50,4.848,4.721,4.687
29052,50,4.291,4.316,4.418
29053,50,4.076,4.194,4.013
29055,50,3.152,3.196,3.157
29057,50,2.107,2.160,2.058
29058,50,1.510,1.564,1.637
29060,50,0.196,0.235,0.225
29061,50,0.714,0.660,0.802
29069,50,4.575,4.619,4.702
29071,50,4.433,4.355,4.316
29073,50,4.360,4.311,4.228
29074,50,3.304,3.221,3.211
29076,50,2.595,2.630,2.507
29078,50,1.344,1.349,1.369
29079,50,0.538,0.371,0.396
29081,50,0.606,0.733,0.528
29082,50,0.699,0.670,0.718
29088,50,3.348,3.338,3.377
29089,50,4.624,4.609,4.638
29091,50,4.267,4.330,4.277
29092,50,4.042,3.998,3.944
29103,50,0.562,0.606,0.806
29111,50,4.218,4.321,4.291
29112,50,4.057,4.027,4.062
29114,50,3.343,3.338,3.363
29116,50,2.864,2.810,2.776
29120,50,0.606,0.440,0.528
29121,50,0.753,0.772,0.811
29123,50,1.056,0.992,1.261
29125,50,1.999,1.999,2.019
29126,50,3.236,3.245,3.162
29128,50,3.500,3.363,3.343
29133,49,3.622,3.675,3.675
29135,49,2.972,2.991,3.011
29138,49,1.090,1.129,1.295
29139,49,1.100,1.109,1.153
29141,49,0.308,0.626,0.484
29142,49,0.894,0.782,0.694
29144,49,1.681,1.520,1.505
29145,49,2.121,2.204,2.111
29147,49,3.636,3.534,3.602
29149,49,3.475,3.431,3.612
29150,49,4.550,4.443,4.453
29152,49,4.052,3.900,3.964
29160,50,0.411,0.440,0.425
29162,50,0.743,0.689,0.797
29163,50,0.836,1.017,1.153
29165,50,2.009,1.984,2.004
29166,50,3.201,3.387,3.299
29168,50,3.519,3.319,3.475
29170,50,4.707,4.624,4.677
29171,50,4.389,4.374,4.306
29173,50,3.969,4.135,4.037
29179,49,1.163,1.134,1.012
29181,49,0.479,0.386,0.430
29182,49,0.826,0.850,0.753
29184,49,1.329,1.408,1.373
29185,49,2.028,2.097,2.151
29187,49,3.602,3.631,3.661
29189,49,3.534,3.636,3.602
29190,49,4.467,4.565,4.560
29192,49,4.003,4.008,3.978
29196,49,2.273,2.263,2.136
29202,49,0.860,0.973,1.002
29203,49,0.978,0.973,1.222
29205,49,1.828,2.048,2.028
29206,49,3.421,3.436,3.465
29208,49,3.558,3.548,3.475
29210,49,4.731,4.746,4.663
29211,49,4.394,4.384,4.345
29213,49,3.988,4.057,4.013
29215,49,3.089,3.065,3.231
29216,49,1.608,1.672,1.486
29218,49,1.500,1.618,1.442
29224,51,1.344,1.525,1.466
29226,51,2.239,2.204,2.146
29227,51,3.817,3.915,4.071
29229,51,4.037,4.218,4.189
29231,51,4.697,4.570,4.629
29232,51,4.257,4.482,4.658
29234,51,3.837,3.807,3.832
29250,51,4.697,4.682,4.594
29252,51,4.081,3.377,4.282
29253,51,3.837,3.905,3.939
29255,51,3.089,2.874,3.035
29256,51,1.373,1.413,1.217
29258,51,1.510,1.720,1.100
29260,51,0.220,0.313,0.181
29261,51,0.582,0.425,0.694
29263,51,0.919,1.046,0.880
29265,51,2.009,2.082,2.004
29271,52,4.531,4.550,4.526
29272,52,4.536,4.428,4.433
29274,52,3.807,3.715,3.617
29276,52,2.986,2.977,2.957
29277,52,0.987,0.855,0.782
29279,52,0.797,0.914,1.051
29280,52,0.269,0.318,0.279
29282,52,0.660,0.733,0.621
29286,52,3.069,3.113,3.074
29292,51,3.900,3.719,4.321
29293,51,3.925,3.925,3.935
29295,51,3.084,3.187,3.001
29297,51,1.173,1.051,0.992
29298,51,1.711,2.620,1.676
29300,51,0.068,0.220,0.288
29301,51,0.425,0.547,0.792
29303,51,0.743,0.992,0.797
29304,51,1.916,1.906,1.999
29307,51,3.524,3.534,3.627
29309,51,3.514,3.602,3.705
29310,51,5.000,5.000,5.000
29316,51,3.045,3.118,3.016
29317,51,0.587,0.484,0.660
29319,51,0.626,0.694,0.709
29320,51,0.000,0.000,0.010
29322,51,0.244,0.738,0.728
29326,51,2.776,2.981,2.991
29328,51,3.905,3.749,3.656
29330,51,5.000,5.000,5.000
29331,51,4.922,4.956,4.834
29344,51,2.058,2.067,2.126
29348,51,4.707,4.780,4.829
29351,51,5.000,4.902,4.946
29353,51,4.570,4.457,4.438
29354,51,3.729,3.592,3.553
29360,55,0.000,0.000,0.000
29361,55,0.000,0.000,0.000
29363,55,0.264,0.064,0.181
29364,55,1.413,1.481,1.681
29366,55,2.195,2.292,2.209
29367,55,4.751,4.614,4.677
29369,55,4.736,4.800,4.990
29371,55,5.000,5.000,5.000
29372,55,4.800,4.624,4.717
29374,55,3.900,3.524,3.759
29382,53,0.000,0.186,0.171
29383,53,1.012,1.095,1.271
29385,53,1.999,2.111,2.097
29387,53,4.570,4.814,4.731
29388,53,4.555,4.541,4.589
29390,53,5.000,5.000,5.000
29391,53,4.902,4.907,4.912
29394,53,3.988,4.154,4.316
29396,53,3.089,3.123,3.050
29397,53,0.313,0.186,0.235
29399,53,0.474,0.587,0.508
29400,53,0.000,0.000,0.000
29406,56,1.940,1.916,2.087
29407,56,4.751,5.000,4.853
29409,56,4.629,4.804,4.717
29411,56,5.000,5.000,5.000
29412,56,4.824,4.756,4.858
29414,56,4.154,3.939,3.871
29418,56,0.816,0.992,0.943
29420,56,0.000,0.000,0.000
29421,56,0.000,0.000,0.000
29422,56,0.000,0.000,0.000
29428,54,3.998,3.959,3.886
29429,54,5.000,5.000,5.000
29431,54,5.000,5.000,5.000
29433,54,4.800,4.692,4.790
29435,54,3.328,3.372,3.465
29437,54,1.628,1.642,1.505
29438,54,1.173,1.012,0.953
29440,54,0.000,0.000,0.000
29441,54,0.000,0.000,0.000
29443,54,0.000,0.000,0.000
29444,54,1.334,1.632,1.672
29446,54,2.102,2.175,2.385
29451,53,5.000,5.000,5.000
29453,53,4.873,4.927,4.912
29457,53,0.318,0.337,0.332
29459,53,0.279,0.166,0.000
29460,53,0.000,0.000,0.000
29462,53,0.191,0.005,0.010
29463,53,1.246,1.491,1.540
29465,53,2.048,2.116,2.170
29467,53,4.267,4.228,4.326
29468,53,4.047,4.091,4.238
29474,54,3.651,3.671,3.719
29475,54,3.055,2.923,2.893
29478,54,0.259,0.450,0.347
29479,54,0.117,0.000,0.083
29481,54,0.000,0.000,0.000
29482,54,0.132,0.161,0.161
29484,54,1.105,0.938,1.217
29485,54,2.004,2.121,2.077
29487,54,4.223,4.252,4.272
29489,54,4.091,4.135,4.257
29497,53,0.885,0.709,0.645
29498,53,1.012,0.978,1.061
29500,53,0.000,0.000,0.000
29501,53,0.000,0.000,0.000
29503,53,0.029,0.235,0.406
29504,53,1.789,1.676,1.764
29506,53,2.957,3.040,3.011
29508,53,3.812,3.671,3.954
29509,53,5.000,5.000,5.000
29511,53,5.000,5.000,5.000
29512,53,4.976,5.000,5.000
29518,54,0.709,0.723,0.846
29519,54,0.000,0.000,0.000
29522,54,0.000,0.000,0.000
29523,54,0.000,0.181,0.000
29525,54,1.491,1.442,1.593
29526,54,2.478,2.498,2.561
29528,54,4.413,4.316,4.291
29530,54,5.000,5.000,5.000
29534,54,4.238,4.022,4.130
29536,54,3.187,3.055,3.040
29541,52,0.000,0.000,0.000
29542,52,0.000,0.000,0.000
29544,52,1.100,1.188,1.442
29545,52,2.170,2.121,2.165
29547,52,5.000,5.000,5.000
29549,52,5.000,5.000,5.000
29550,52,5.000,5.000,5.000
29552,52,5.000,5.000,5.000
29553,52,4.643,4.541,4.589
29555,52,3.162,3.109,3.128
29569,54,5.000,5.000,5.000
29573,54,5.000,5.000,5.000
29575,54,3.568,3.578,3.553
29576,54,1.804,1.564,1.579
29578,54,0.777,0.670,0.782
29580,54,0.000,0.000,0.000
29588,56,4.751,4.761,4.589
29589,56,5.000,5.000,5.000
29591,56,5.000,5.000,5.000
29592,56,5.000,5.000,5.000
29594,56,4.110,4.154,4.115
29596,56,2.781,2.801,2.752
29597,56,0.161,0.044,0.210
29599,56,0.000,0.000,0.000
29600,56,0.000,0.000,0.000
29602,56,0.000,0.000,0.000
29603,56,0.846,0.963,1.281
29609,53,5.000,5.000,5.000
29611,53,5.000,5.000,5.000
29613,53,5.000,5.000,5.000
29614,53,3.900,4.003,3.842
29616,53,2.923,2.893,2.757
29618,53,0.108,0.127,0.054
29619,53,0.000,0.000,0.000
29623,53,0.024,0.059,0.083
29625,53,1.647,1.496,1.711
29626,53,3.407,3.602,3.583
29632,52,5.000,5.000,5.000
29633,52,4.809,4.795,4.653
29635,52,3.236,3.333,3.328
29637,52,0.567,0.538,0.406
29638,52,0.616,0.503,0.420
29640,52,0.000,0.000,0.000
29641,52,0.000,0.000,0.000
29643,52,0.068,0.000,0.000
29644,52,1.398,1.217,1.579
29646,52,2.771,2.796,3.021
29647,52,4.164,4.252,3.993
29650,52,5.000,5.000,5.000
29655,55,2.654,2.581,2.693
29657,55,0.420,0.420,0.391
29659,55,0.611,0.655,0.562
29660,55,0.000,0.000,0.000
29664,55,2.419,2.400,2.395
29666,55,3.099,3.192,3.133
29668,55,4.633,4.624,4.545
29669,55,4.829,4.995,4.936
29671,55,3.509,3.636,3.485
29676,56,1.574,1.442,1.413
29678,56,1.540,1.549,1.608
29679,56,0.997,0.894,0.958
29681,56,1.706,1.887,1.725
29683,56,1.984,2.014,1.979
29684,56,2.825,2.884,2.879
29686,56,3.196,3.118,3.162
29687,56,3.397,3.245,3.343
29689,56,3.974,3.935,3.837
29692,56,3.353,3.280,3.270
29693,56,3.084,2.923,3.065
29695,56,2.356,2.375,2.322
29700,53,1.149,1.197,1.202
29705,53,2.664,2.771,2.737
29706,53,3.006,3.040,3.113
29708,53,3.646,3.446,3.495
29709,53,4.110,4.096,4.076
29711,53,3.465,3.441,3.348
29713,53,3.045,3.240,3.216
29714,53,2.341,2.312,2.336
29716,53,1.984,1.935,1.975
29721,57,1.686,1.672,1.779
29723,57,2.102,2.209,2.165
29724,57,2.742,2.654,2.791
29726,57,3.500,3.543,3.485
29728,57,3.358,3.289,3.245
29729,57,4.106,4.174,4.003
29731,57,3.436,3.353,3.280
29734,57,2.977,2.962,2.928
29735,57,2.224,2.209,2.263
29737,57,1.300,1.241,1.222
29745,54,1.828,1.769,1.862
29746,54,2.845,3.118,3.035
29748,54,4.120,4.125,4.101
29750,54,5.000,5.000,5.000
29751,54,5.000,5.000,5.000
29753,54,5.000,5.000,5.000
29754,54,3.475,3.456,3.348
29756,54,2.292,2.141,2.136
29758,54,0.689,0.758,0.733
29759,54,0.000,0.000,0.000
29761,54,0.000,0.000,0.000
29762,54,0.161,0.000,0.000
29767,55,4.330,4.389,4.355
29769,55,5.000,5.000,5.000
29771,55,5.000,4.795,5.000
29772,55,5.000,5.000,5.000
29774,55,0.533,0.391,0.518
29775,55,1.520,1.579,1.569
29781,55,1.789,1.808,1.867
29782,55,2.155,2.043,2.121
29784,55,2.527,2.737,2.664
29797,58,1.603,1.701,1.672
29801,58,2.253,2.175,2.175
29803,58,2.258,2.283,2.312
29804,58,2.644,2.727,2.644
29806,58,2.840,2.908,2.879
29808,58,2.820,2.810,2.849
29813,55,2.532,2.532,2.537
29815,55,2.410,2.341,2.326
29816,55,1.774,1.862,1.848
29819,55,2.155,2.243,2.190
29820,55,1.970,1.960,1.970
29822,55,2.175,2.155,2.278
29824,55,2.385,2.410,2.424
29825,55,2.703,2.654,2.654
29827,55,3.133,3.055,3.084
29829,55,2.796,2.835,2.766
29837,55,1.681,1.672,1.652
29838,55,2.092,2.107,2.043
29840,55,1.804,1.784,1.823
29842,55,1.955,1.882,1.857
29843,55,2.532,2.625,2.561
29845,55,2.908,2.874,2.820
29846,55,3.407,3.548,3.548
29848,55,3.167,3.045,3.025
29850,55,3.431,3.294,3.319
29851,55,3.050,2.967,2.947
29853,55,2.581,2.703,2.708
29858,52,1.202,1.134,1.339
29860,52,0.929,0.880,0.973
29862,52,2.458,2.214,2.033
29864,52,2.820,2.625,2.810
29866,52,3.187,2.889,3.113
29867,52,4.340,4.286,4.453
29869,52,4.032,4.154,4.198
29873,52,4.853,5.000,5.000
29875,52,3.715,3.822,3.744
29880,54,0.000,0.000,0.000
29882,54,0.000,0.000,0.000
29883,54,0.000,0.000,0.015
29885,54,1.564,1.755,1.632
29886,54,2.962,2.913,3.211
29888,54,4.110,4.018,3.949
29889,54,5.000,5.000,5.000
29891,54,5.000,5.000,5.000
29893,54,5.000,5.000,5.000
29894,54,3.915,3.832,3.930
29896,54,2.283,2.077,2.155
29898,54,0.821,0.777,0.914
29903,54,0.068,0.171,0.171
29905,54,1.598,1.647,1.686
29907,54,3.553,3.636,3.754
29909,54,4.027,3.910,4.003
29921,54,0.000,0.000,0.000
29926,55,2.962,3.025,3.099
29928,55,4.203,4.169,4.238
29929,55,5.000,5.000,5.000
29931,55,4.917,4.922,4.927
29933,55,4.785,4.917,4.946
29934,55,3.509,3.558,3.578
29936,55,2.507,2.473,2.375
29937,55,1.114,0.982,1.007
29939,55,0.000,0.000,0.000
29940,55,0.000,0.132,0.098
29942,55,0.215,0.347,0.274
29948,55,3.744,3.763,3.807
29950,55,5.000,5.000,5.000
29952,55,4.844,4.790,4.756
29953,55,4.658,4.648,4.614
29955,55,3.534,3.407,3.426
29956,55,2.429,2.385,2.258
29958,55,1.031,1.114,1.300
29962,55,0.528,0.503,0.425
29964,55,1.246,1.173,1.574
29966,55,2.077,2.063,2.175
29971,54,4.814,4.721,4.751
29972,54,4.687,4.775,4.790
29974,54,3.504,3.597,3.587
29976,54,2.786,2.820,2.669
29977,54,0.846,0.875,0.909
29979,54,0.000,0.000,0.015
29980,54,0.274,0.166,0.147
29982,54,0.459,0.533,0.411
29984,54,1.549,1.559,1.569
29985,54,2.048,1.999,2.278
29987,54,4.565,4.497,4.423
29988,54,4.580,4.677,4.717
29995,58,3.636,3.397,3.602
29996,58,2.649,2.395,2.458
29998,58,1.344,0.958,1.212
30002,58,0.459,0.440,0.552
30004,58,1.334,1.466,1.466
30006,58,2.116,1.911,2.180
30007,58,4.477,4.624,4.673
30009,58,4.472,4.267,4.462
30010,58,5.000,5.000,5.000
30016,56,3.104,3.021,2.952
30017,56,0.645,0.709,0.836
30019,56,0.000,0.000,0.000
30020,56,0.127,0.049,0.000
30022,56,0.371,0.391,0.342
30031,56,4.409,4.394,4.350
30040,58,0.000,0.000,0.000
30042,58,0.098,0.083,0.078
30043,58,0.249,0.196,0.308
30045,58,1.794,1.764,1.862
30046,58,2.639,2.630,2.669
30048,58,3.856,3.656,3.783
30052,58,4.423,4.668,4.462
30054,58,3.534,3.553,3.827
30056,58,2.967,3.001,2.840
30061,62,0.000,0.249,0.020
30062,62,0.000,0.010,0.147
30064,62,1.369,1.505,1.559
30066,62,2.209,2.165,2.287
30067,62,3.851,4.022,3.983
30069,62,4.897,4.956,5.000
30070,62,4.707,4.873,4.956
30072,62,4.609,4.629,4.741
30075,62,3.768,3.666,3.671
30076,62,2.610,2.556,2.752
30078,62,0.890,0.885,0.968
30080,62,0.000,0.000,0.000
30085,60,1.794,1.657,1.813
30086,60,2.688,2.566,2.615
30088,60,4.022,3.822,3.988
30092,60,4.941,4.643,4.731
30094,60,3.969,3.895,4.179
30096,60,3.201,2.933,3.201
30097,60,1.002,0.650,1.080
30099,60,0.811,0.318,0.777
30100,60,0.562,0.108,0.420
30106,52,2.957,2.444,3.025
30107,52,4.614,4.008,4.453
30109,52,5.000,4.668,5.000
30111,52,5.000,4.648,5.000
30112,52,5.000,4.560,5.000
30114,52,4.453,3.851,4.370
30115,52,3.514,2.693,3.421
30118,52,1.632,0.938,1.598
30120,52,0.821,0.015,0.626
30121,52,0.894,0.220,0.846
30123,52,1.085,0.332,0.924
30124,52,2.576,1.828,2.092
30130,47,5.000,4.638,5.000
30134,47,4.130,3.700,4.106
30136,47,3.451,2.967,3.372
30137,47,1.114,0.792,1.290
30139,47,0.704,0.332,0.606
30141,47,0.327,0.191,0.347
30142,47,0.665,0.391,0.611
30144,47,1.325,1.207,1.461
30145,47,2.116,1.931,2.014
30147,47,4.247,4.223,4.301
30152,42,4.663,4.790,4.677
30154,42,3.485,3.807,3.754
30156,42,2.713,2.766,2.610
30157,42,0.870,0.929,0.938
30159,42,0.000,0.068,0.000
30161,42,0.098,0.200,0.244
30163,42,0.293,0.523,0.420
30164,42,1.525,1.755,1.525
30166,42,1.593,1.970,1.984
30170,42,4.819,5.000,5.000
30176,39,2.566,3.109,3.143
30177,39,0.142,0.587,0.767
30179,39,0.083,0.562,0.508
30180,39,0.000,0.293,0.337
30182,39,0.000,0.499,0.406
30184,39,0.694,1.388,1.310
30185,39,1.339,1.975,1.979
30187,39,3.138,3.724,3.783
30188,39,3.118,3.636,3.822
30190,39,4.438,5.000,4.922
30192,39,3.895,4.282,4.296
30197,44,0.191,0.635,0.772
30199,44,0.000,0.435,0.435
30200,44,0.000,0.283,0.401
30203,44,0.000,0.396,0.401
30204,44,0.987,1.500,1.393
30206,44,1.598,2.023,1.931
30210,44,4.897,5.000,5.000
30212,44,4.487,4.692,4.780
30213,44,4.457,4.462,4.448
30215,44,3.372,3.333,3.368
30220,52,0.000,0.000,0.108
30222,52,0.225,0.210,0.230
30223,52,0.704,0.587,0.513
30225,52,2.151,1.950,2.028
30227,52,3.592,3.548,3.666
30228,52,3.974,3.866,4.008
30230,52,5.000,5.000,5.000
30231,52,5.000,4.819,5.000
30233,52,4.790,4.355,4.648
30235,52,3.793,3.436,3.543
30236,52,1.975,1.618,1.740
30242,53,0.948,0.445,0.743
30243,53,1.569,1.178,1.774
30246,53,2.502,2.155,2.434
30247,53,4.453,4.008,4.428
30252,53,5.000,4.897,5.000
30265,63,2.229,2.009,2.160
30269,63,5.000,4.761,5.000
30271,63,5.000,4.936,5.000
30272,63,4.619,4.658,4.624
30274,63,3.798,3.661,3.666
30275,63,3.006,2.952,2.937
30277,63,0.352,0.626,0.455
30279,63,0.093,0.269,0.152
30280,63,0.000,0.000,0.000
30282,63,0.166,0.098,0.132
30287,63,3.983,4.291,4.194
30290,63,5.000,5.000,5.000
30291,63,4.907,4.863,4.922
30293,63,4.712,4.712,4.780
30295,63,3.563,3.891,3.768
30296,63,2.454,2.683,2.708
30298,63,0.332,0.547,0.557
30302,63,0.288,0.538,0.660
30304,63,0.753,1.657,1.745
30305,63,2.097,2.419,2.454
30311,60,4.428,4.472,4.619
30312,60,3.490,3.881,3.974
30314,60,2.493,2.908,2.991
30316,60,2.009,2.312,2.268
30317,60,0.000,0.528,0.709
30319,60,0.083,0.538,0.415
30320,60,0.054,0.420,0.445
30322,60,0.596,1.114,1.022
30323,60,2.014,2.346,2.160
30325,60,2.419,2.537,2.527
30327,60,4.321,4.721,4.462
30333,60,4.130,4.071,4.022
30335,60,2.815,3.025,3.123
30336,60,2.478,2.273,2.410
30338,60,0.689,0.577,0.684
30342,60,0.978,0.494,0.738
30344,60,1.540,1.471,1.647
30345,60,2.566,2.155,2.542
30347,60,4.702,4.272,4.697
30349,60,4.638,4.096,4.692
30350,60,5.000,4.624,5.000
30356,53,3.939,3.138,3.866
30357,53,1.437,0.464,1.496
30359,53,1.569,0.279,1.070
30360,53,0.953,0.034,0.894
30362,53,1.388,0.303,1.369
30364,53,2.600,1.339,2.346
30365,53,3.255,2.141,3.157
30367,53,5.000,4.194,5.000
30368,53,5.000,4.169,5.000
30370,53,5.000,4.150,5.000
30372,53,5.000,4.184,5.000
30378,44,1.769,0.762,1.764
30382,44,0.885,0.308,0.743
30384,44,2.170,1.569,2.219
30386,44,2.796,2.033,2.737
30387,44,4.912,4.541,4.971
30389,44,4.800,4.316,4.927
30390,44,5.000,4.726,5.000
30392,44,5.000,4.736,5.000
30394,44,4.638,4.242,4.536
30395,44,3.299,3.074,3.221
30401,38,0.000,0.000,0.000
30402,38,0.000,0.156,0.117
30404,38,0.777,1.207,1.378
30405,38,1.740,1.975,1.872
30407,38,4.057,4.497,4.443
30408,38,3.978,4.423,4.399
30410,38,4.638,5.000,5.000
30412,38,4.262,4.761,4.775
30413,38,3.465,4.252,4.081
30415,38,2.209,3.065,3.138
30424,36,0.425,1.520,1.305
30426,36,1.026,1.975,2.048
30427,36,2.879,4.106,3.978
30429,36,2.825,4.154,4.238
30430,36,3.837,5.000,5.000
30432,36,3.240,4.697,4.575
30434,36,2.757,4.125,4.032
30435,36,1.921,3.016,3.001
30437,36,0.000,1.090,1.153
30438,36,0.313,1.002,1.652
30440,36,0.000,0.973,0.973
30445,44,1.134,1.872,2.126
30447,44,3.382,4.228,4.218
30449,44,3.778,4.326,4.164
30450,44,4.413,4.902,4.834
30452,44,4.453,4.580,4.565
30453,44,3.793,4.018,3.915
30455,44,3.030,2.879,2.933
30460,44,0.513,0.078,0.503
30462,44,1.149,0.386,0.968
30464,44,1.369,0.968,1.461
30469,50,5.000,3.744,5.000
30471,50,5.000,4.027,5.000
30472,50,5.000,3.451,4.800
30474,50,5.000,3.915,5.000
30475,50,4.453,3.324,4.413
30477,50,2.766,1.408,2.537
30479,50,2.889,1.584,3.587
30492,64,5.000,4.531,5.000
30496,64,2.913,2.483,2.830
30497,64,1.476,1.227,1.510
30499,64,0.010,0.000,0.000
30502,64,0.249,0.015,0.103
30503,64,0.010,0.000,0.108
30505,64,1.500,1.452,1.359
30506,64,2.263,2.410,2.390
30514,65,3.651,3.847,3.710
30516,65,2.498,2.776,2.796
30518,65,0.152,0.577,0.362
30519,65,0.000,0.117,0.147
30521,65,0.000,0.225,0.156
30522,65,0.000,0.244,0.381
30524,65,0.743,1.026,1.153
30525,65,1.598,2.102,2.219
30527,65,3.768,4.448,4.374
30529,65,3.793,4.487,4.589
30530,65,4.570,5.000,5.000
30532,65,3.988,4.731,5.000
30537,67,0.000,0.660,0.665
30539,67,0.000,0.611,0.601
30540,67,0.000,0.670,0.626
30542,67,0.000,0.694,0.792
30543,67,0.108,1.012,1.481
30546,67,1.276,2.038,2.126
30548,67,3.690,4.653,4.472
30552,67,4.267,5.000,5.000
30553,67,3.675,4.472,4.536
30559,61,0.000,0.621,0.997
30560,61,0.000,0.479,0.464
30562,61,0.000,0.484,0.904
30563,61,0.000,0.616,0.503
30565,61,1.461,1.940,1.901
30567,61,3.084,3.514,3.675
30568,61,3.534,3.925,3.998
30570,61,4.976,5.000,5.000
30571,61,4.932,5.000,5.000
30573,61,4.765,4.658,4.707
30575,61,3.558,3.490,3.543
30576,61,1.750,1.373,1.667
30582,56,0.811,0.064,0.474
30583,56,1.975,1.090,1.647
30585,56,2.820,2.043,2.771
30587,56,5.000,4.311,5.000
30600,56,1.158,0.000,0.973
30605,50,3.089,1.950,3.148
30607,50,4.819,3.695,4.834
30608,50,5.000,4.101,5.000
30610,50,5.000,4.169,5.000
30612,50,5.000,4.247,5.000
30613,50,5.000,4.286,5.000
30615,50,4.506,3.627,4.409
30616,50,2.620,1.750,2.317
30618,50,1.725,1.227,1.887
30620,50,0.562,0.000,0.401
30621,50,0.645,0.000,0.435
30626,40,4.306,3.944,4.365
30628,40,4.462,3.930,4.223
30631,40,5.000,5.000,5.000
30632,40,5.000,5.000,5.000
30634,40,4.575,4.467,4.609
30635,40,3.402,3.324,3.284
30640,40,0.000,0.000,0.000
30641,40,0.000,0.000,0.000
30643,40,0.000,0.000,0.064
30644,40,1.163,1.588,1.569
30650,31,4.834,5.000,5.000
30651,31,4.614,5.000,5.000
30653,31,4.594,5.000,5.000
30654,31,3.055,3.641,3.646
30656,31,1.945,2.732,2.659
30658,31,0.127,1.026,0.968
30659,31,0.000,0.694,0.626
30661,31,0.000,0.762,0.738
30662,31,0.000,0.816,0.836
30664,31,0.533,1.544,1.681
30665,31,0.924,2.019,2.199
30667,31,3.201,4.389,4.316
30673,41,3.500,4.682,4.648
30675,41,2.155,3.504,3.480
30679,41,0.000,1.051,0.992
30681,41,0.000,0.973,1.012
30682,41,0.000,0.953,0.948
30684,41,0.308,1.369,1.457
30686,41,1.134,2.160,2.087
30687,41,2.869,3.739,3.891
30689,41,2.991,3.812,3.837
30690,41,3.861,4.575,4.619
30696,49,2.600,2.849,2.742
30697,49,1.012,1.070,1.080
30699,49,0.650,0.660,0.635
30701,49,0.552,0.376,0.582
30702,49,1.109,0.792,1.017
30704,49,2.053,1.344,1.935
30705,49,2.717,2.126,2.615
30707,49,4.853,4.164,4.751
30709,49,4.980,4.242,4.941
30710,49,5.000,4.448,5.000
30712,49,5.000,4.365,5.000
30729,55,4.721,3.778,4.457
30733,55,5.000,4.477,5.000
30734,55,4.765,4.037,4.472
30740,65,0.132,0.000,0.059
30741,65,0.445,0.034,0.264
30743,65,0.347,0.191,0.396
30744,65,1.750,1.725,1.804
30746,65,2.551,2.659,2.757
30748,65,4.003,3.832,3.881
30749,65,5.000,5.000,5.000
30751,65,4.995,5.000,5.000
30752,65,4.868,4.936,5.000
30754,65,3.558,3.602,3.651
30756,65,2.512,2.722,2.493
30758,65,0.797,1.212,0.948
30764,65,0.000,0.327,0.357
30765,65,1.369,1.652,1.740
30767,65,2.781,3.240,3.245
30771,65,4.804,5.000,5.000
30773,65,4.589,4.985,5.000
30774,65,3.397,3.768,3.969
30776,65,2.380,2.815,2.864
30778,65,0.000,0.689,0.547
30779,65,0.000,0.347,0.244
30781,65,0.000,0.420,0.283
30786,65,1.559,2.405,2.341
30788,65,3.690,4.360,4.174
30789,65,4.677,5.000,5.000
30791,65,4.677,5.000,5.000
30792,65,4.653,5.000,5.000
30794,65,3.280,4.140,3.964
30796,65,2.366,2.884,2.717
30797,65,0.000,0.670,0.792
30799,65,0.000,0.362,0.327
30801,65,0.000,0.362,0.332
30803,65,0.000,0.342,0.313
30811,59,4.643,5.000,5.000
30813,59,4.482,4.892,4.907
30814,59,3.930,4.037,4.022
30816,59,2.835,3.284,3.236
30817,59,0.093,0.244,0.323
30819,59,0.181,0.132,0.230
30821,59,0.000,0.000,0.000
30822,59,0.259,0.249,0.274
30824,59,0.904,1.197,1.100
30825,59,2.072,1.887,1.935
30830,55,5.000,4.932,5.000
30832,55,5.000,4.668,5.000
30834,55,4.560,4.086,4.487
30835,55,3.837,3.216,3.563
30837,55,0.973,0.508,0.909
30839,55,0.904,0.225,0.909
30840,55,0.543,0.000,0.611
30843,55,0.865,0.010,0.528
30844,55,1.755,1.026,1.838
30849,55,4.658,3.974,4.492
30854,48,5.000,4.345,5.000
30856,48,4.154,3.289,3.925
30857,48,1.901,1.007,1.613
30859,48,2.058,1.193,1.774
30860,48,0.513,0.000,0.606
30862,48,0.709,0.000,0.543
30863,48,1.031,0.264,1.070
30865,48,2.683,2.063,2.610
30867,48,4.057,3.622,4.179
30868,48,4.462,3.959,4.536
30870,48,5.000,4.770,5.000
30875,43,3.602,3.094,3.543
30877,43,1.300,0.855,1.017
30878,43,1.276,0.762,1.051
30880,43,0.000,0.068,0.147
30881,43,0.127,0.108,0.396
30883,43,0.591,0.572,0.660
30938,39,0.450,1.153,1.085
30943,43,0.068,0.660,0.650
30945,43,1.173,1.940,1.999
30947,43,2.258,3.162,3.001
30948,43,2.830,3.573,3.426
30950,43,4.179,4.985,4.951
30951,43,4.101,4.643,4.594
30953,43,3.612,4.179,4.257
30955,43,3.040,3.333,3.319
30956,43,1.701,2.048,1.857
30958,43,1.129,1.505,1.584
30960,43,0.000,0.029,0.132
30961,43,0.191,0.425,0.274
30966,49,3.407,3.348,3.368
30968,49,3.719,3.587,3.832
30971,49,5.000,5.000,5.000
30972,49,5.000,4.702,4.888
30974,49,4.775,4.526,4.800
30978,49,1.779,1.188,1.588
30980,49,0.469,0.000,0.332
30981,49,0.753,0.132,0.714
30983,49,0.767,0.205,0.718
30985,49,2.449,1.701,2.195
30990,55,5.000,4.565,5.000
30991,55,5.000,4.545,5.000
30993,55,5.000,4.418,5.000
30995,55,4.413,3.715,4.174
31004,55,2.067,1.525,2.111
31012,67,4.980,4.692,4.829
31015,67,4.091,3.949,3.944
31016,67,3.079,3.069,3.211
31018,67,0.264,0.254,0.288
31019,67,0.308,0.440,0.259
31021,67,0.000,0.000,0.000
31022,67,0.152,0.342,0.235
31024,67,1.017,1.222,1.173
31028,67,3.842,3.671,3.915
31030,67,5.000,5.000,5.000
31035,68,3.123,3.138,3.104
31037,68,0.929,0.938,0.934
31038,68,0.802,0.904,0.958
31040,68,0.000,0.000,0.000
31041,68,0.010,0.000,0.005
31043,68,0.000,0.274,0.205
31045,68,1.457,1.789,1.857
31046,68,2.517,2.933,3.040
31048,68,3.666,4.042,3.842
31049,68,4.966,5.000,5.000
31051,68,4.384,4.824,4.814
31057,60,0.533,1.012,0.978
31059,60,0.748,1.261,1.134
31060,60,0.000,0.381,0.308
31062,60,0.347,0.934,0.992
31064,60,1.031,1.652,1.608
31065,60,1.911,2.610,2.595
31070,60,4.614,5.000,5.000
31071,60,3.680,4.169,4.257
31073,60,3.578,4.130,4.316
31074,60,3.094,3.465,3.299
31080,60,0.000,0.215,0.215
31081,60,0.000,0.435,0.210
31083,60,0.000,0.445,0.533
31084,60,1.540,1.725,1.804
31086,60,2.214,2.351,2.419
31088,60,3.969,4.037,4.198
31089,60,5.000,5.000,5.000
31091,60,5.000,4.946,4.976
31092,60,5.000,5.000,5.000
31094,60,4.257,3.837,4.106
31096,60,3.260,2.796,2.977
31097,60,1.246,0.841,1.295
31104,56,1.012,0.279,0.953
31105,56,2.747,1.716,2.537
31109,56,5.000,4.218,5.000
31111,56,5.000,4.106,5.000
31113,56,5.000,4.047,5.000
31114,56,5.000,3.920,5.000
31116,56,4.580,3.216,4.296
31118,56,2.048,0.552,1.975
31119,56,1.794,0.396,1.588
31124,46,3.025,1.740,3.123
31126,46,3.988,2.595,3.886
31128,46,5.000,3.812,5.000
31129,46,5.000,3.876,5.000
31131,46,5.000,3.905,5.000
31133,46,5.000,3.930,5.000
31134,46,5.000,3.837,4.985
31136,46,3.983,2.854,3.925
31137,46,2.126,1.036,2.170
31139,46,1.139,0.000,0.826
31142,46,1.217,0.098,0.846
31150,37,5.000,4.731,5.000
31151,37,5.000,4.819,5.000
31153,37,4.883,4.565,4.829
31154,37,3.983,3.861,3.988
31156,37,2.918,2.830,2.830
31158,37,0.679,0.738,0.709
31159,37,0.127,0.000,0.078
31161,37,0.000,0.073,0.093
31162,37,0.000,0.220,0.543
31164,37,0.689,1.168,1.281
31165,37,1.569,1.989,2.224
31171,33,3.935,4.858,4.785
31172,33,3.939,4.795,4.721
31174,33,2.561,3.421,3.847
31176,33,1.588,2.483,2.766
31177,33,0.010,1.002,1.266
31179,33,0.000,1.070,1.056
31180,33,0.000,1.139,1.114
31182,33,0.000,1.197,1.173
31187,33,2.204,3.622,3.509
31193,36,3.045,4.521,4.326
31194,36,2.434,3.886,3.886
31196,36,1.491,2.991,2.996
31197,36,0.000,1.295,1.300
31199,36,0.000,1.217,1.202
31200,36,0.000,1.119,1.124
31202,36,0.000,1.075,1.090
31204,36,0.000,1.119,1.139
31205,36,1.017,1.916,1.950
31207,36,2.380,3.240,3.387
31208,36,2.820,3.675,3.553
31210,36,4.526,4.902,4.990
31215,47,2.825,3.035,3.055
31217,47,1.237,1.090,1.002
31218,47,1.388,1.168,1.149
31220,47,0.718,0.386,0.513
31231,47,5.000,4.365,5.000
31241,55,1.378,0.425,1.095
31243,55,1.579,0.626,1.422
31244,55,2.439,1.486,2.253
31246,55,2.869,2.121,2.933
31247,55,5.000,4.423,5.000
31249,55,5.000,4.370,5.000
31251,55,5.000,4.589,5.000
31252,55,5.000,4.638,5.000
31254,55,4.702,4.022,4.585
31255,55,3.627,3.289,3.651
31261,64,0.254,0.029,0.249
31262,64,0.293,0.088,0.147
31264,64,1.505,1.315,1.427
31266,64,2.170,2.346,2.224
31267,64,4.286,4.355,4.242
31270,64,4.927,5.000,4.995
31271,64,4.995,5.000,4.951
31273,64,4.712,5.000,4.775
31277,64,0.748,0.782,0.665
31279,64,0.919,0.904,0.802
31284,68,1.061,1.325,1.481
31286,68,1.623,1.955,1.989
31287,68,4.194,4.526,4.545
31289,68,4.208,4.580,4.668
31291,68,4.751,5.000,5.000
31292,68,4.399,4.878,4.824
31294,68,3.724,4.169,4.062
31296,68,2.644,3.187,3.162
31297,68,0.108,0.518,0.440
31299,68,0.000,0.308,0.347
31300,68,0.000,0.288,0.264
31306,62,2.199,2.830,2.752
31307,62,3.871,4.384,4.501
31309,62,4.413,5.000,5.000
31310,62,3.710,4.286,4.242
31313,62,3.045,3.656,3.783
31329,59,3.675,4.106,4.086
31331,59,3.236,3.690,3.827
31332,59,2.879,3.490,3.353
31334,59,2.243,2.683,2.644
31336,59,2.033,2.468,2.410
31337,59,0.313,0.699,0.718
31339,59,0.836,0.904,1.046
31340,59,0.826,1.173,1.114
31342,59,1.486,1.525,1.559
31344,59,2.620,2.390,2.307
31345,59,2.517,2.419,2.595
31351,56,4.296,3.954,4.213
31352,56,4.159,3.685,3.988
31355,56,3.289,2.840,3.255
31356,56,2.810,2.190,2.771
31358,56,1.329,0.816,1.325
31360,56,0.831,0.215,0.782
31361,56,1.442,0.743,1.481
31363,56,2.058,1.036,1.838
31367,56,5.000,4.267,5.000
31369,56,4.804,3.759,4.883
31374,49,4.262,3.196,4.179
31376,49,3.847,2.537,3.509
31377,49,1.628,0.552,1.598
31379,49,1.716,0.303,1.300
31381,49,1.285,0.093,1.178
31382,49,1.369,0.244,1.173
31384,49,2.023,0.885,2.253
31385,49,3.060,1.984,2.996
31387,49,5.000,4.110,5.000
31389,49,5.000,4.213,5.000
31390,49,5.000,4.189,5.000
31396,40,3.969,3.065,3.866
31398,40,1.588,0.743,1.486
31400,40,0.665,0.000,0.523
31401,40,0.670,0.000,0.699
31403,40,0.797,0.191,0.826
31407,40,4.203,3.807,4.238
31409,40,4.443,4.076,4.399
31410,40,5.000,4.985,5.000
31412,40,5.000,5.000,5.000
31414,40,4.673,4.765,4.648
31419,33,0.264,0.503,0.420
31420,33,0.000,0.000,0.000
31422,33,0.093,0.327,0.401
31424,33,0.264,0.699,0.958
31425,33,1.466,1.931,1.950
31427,33,3.211,3.729,3.793
31428,33,3.402,3.891,3.827
31430,33,4.717,5.000,5.000
31432,33,4.286,5.000,4.863
31433,33,3.587,4.306,4.453
31435,33,2.356,3.172,3.201
31436,33,0.406,1.452,1.202
31443,40,0.000,0.929,0.899
31447,40,1.984,3.201,3.221
31449,40,2.370,3.553,3.592
31450,40,3.822,5.000,5.000
31452,40,3.514,4.829,4.775
31454,40,3.030,4.340,4.418
31455,40,2.063,3.245,3.245
31457,40,0.699,1.838,1.799
31458,40,0.239,1.413,1.315
31471,40,4.130,4.844,4.697
31476,40,2.791,2.903,2.928
31477,40,0.753,0.929,0.890
31479,40,0.430,0.562,0.513
31480,40,0.142,0.068,0.186
31487,51,2.786,2.287,2.698
31488,51,4.541,3.925,4.443
31490,51,5.000,4.619,5.000
31492,51,5.000,4.526,5.000
31493,51,5.000,4.467,5.000
31495,51,4.692,3.856,4.663
31499,51,1.755,0.767,1.593
31501,51,0.787,0.103,0.831
31502,51,1.241,0.376,1.100
31504,51,2.067,1.457,2.155
31509,58,5.000,4.609,5.000
31511,58,5.000,4.604,5.000
31512,58,5.000,4.565,5.000
31514,58,4.350,3.754,4.443
31516,58,3.617,2.967,3.382
31517,58,1.105,0.787,1.168
31519,58,0.699,0.357,0.396
31520,58,0.200,0.000,0.073
31522,58,0.147,0.161,0.430
31524,58,1.197,1.466,1.544
31526,58,1.989,1.838,1.862
31528,58,4.413,4.291,4.374
31533,65,5.000,5.000,4.995
31535,65,3.543,3.871,3.788
31539,65,0.684,0.762,0.606
31541,65,0.000,0.000,0.000
31542,65,0.000,0.000,0.068
31544,65,0.200,0.044,0.127
31545,65,1.608,1.804,1.764
31547,65,3.069,3.275,3.255
31548,65,3.622,3.729,3.763
31550,65,5.000,5.000,5.000
31555,66,2.913,3.280,3.187
31557,66,0.401,0.684,0.489
31558,66,0.513,0.792,0.743
31560,66,0.000,0.068,0.142
31562,66,0.000,0.205,0.254
31563,66,0.000,0.235,0.381
31565,66,1.325,1.725,1.676
31566,66,2.908,3.343,3.519
31569,66,3.407,3.851,3.944
31571,66,4.848,5.000,5.000
31579,62,0.674,1.149,1.007
31580,62,0.000,0.249,0.235
31582,62,0.000,0.293,0.288
31583,62,0.000,0.288,0.279
31585,62,1.193,1.857,1.711
31586,62,1.872,2.336,2.507
31588,62,3.778,4.282,4.150
31590,62,4.809,5.000,5.000
31591,62,4.721,5.000,5.000
31593,62,4.492,4.917,5.000
31594,62,3.138,3.622,3.460
31600,63,0.000,0.049,0.054
31601,63,0.000,0.176,0.078
31603,63,0.288,0.176,0.406
31604,63,1.672,1.960,1.979
31606,63,2.620,2.600,2.972
31608,63,3.925,3.803,3.988
31609,63,5.000,5.000,5.000
31615,63,4.096,4.042,4.130
31616,63,3.548,3.211,3.358
31618,63,0.880,0.699,0.679
31623,53,0.352,0.000,0.552
31625,53,2.097,1.461,1.955
31626,53,2.884,2.258,2.796
31628,53,4.873,4.291,4.712
31630,53,5.000,4.575,5.000
31631,53,5.000,4.531,5.000
31633,53,5.000,4.443,5.000
31634,53,4.770,3.944,4.756
31636,53,3.959,2.986,3.695
31638,53,1.828,1.022,1.975
31639,53,0.718,0.000,0.797
31645,47,2.845,1.911,2.595
31646,47,3.651,2.796,3.763
31648,47,4.761,3.944,4.780
31649,47,5.000,4.389,5.000
31651,47,5.000,4.370,5.000
31656,47,3.920,3.030,3.744
31658,47,1.549,0.782,1.432
31660,47,0.987,0.181,0.919
31661,47,0.728,0.176,0.577
31663,47,1.022,0.484,0.934
31668,43,4.218,3.895,4.301
31670,43,5.000,4.976,5.000
31671,43,5.000,4.819,5.000
31673,43,5.000,4.912,5.000
31675,43,4.047,3.837,3.842
31676,43,2.893,2.698,2.889
31678,43,1.168,1.109,1.085
31679,43,0.000,0.000,0.000
31681,43,0.083,0.000,0.064
31682,43,0.181,0.220,0.337
31684,43,1.002,1.227,1.398
31698,40,0.376,0.953,1.022
31702,40,0.000,0.415,0.435
31706,40,1.623,2.185,2.219
31708,40,3.123,3.739,3.705
31713,40,3.426,4.242,4.286
31715,40,2.566,3.372,3.363
31717,40,1.305,2.190,2.092
31718,40,0.464,1.618,1.544
31720,40,0.000,0.758,0.816
31721,40,0.000,0.777,0.777
31723,40,0.000,0.797,0.762
31724,40,0.494,1.447,1.442
31726,40,1.281,2.175,2.219
31728,40,3.074,3.661,3.661
31729,40,3.959,4.736,4.853
31731,40,3.881,4.648,4.633
31736,46,1.427,1.931,1.891
31739,46,0.909,1.574,1.598
31740,46,0.000,0.196,0.083
31742,46,0.034,0.191,0.249
31746,46,1.975,2.072,2.048
31748,46,4.042,4.115,4.076
31749,46,4.384,4.350,4.545
31751,46,4.961,4.756,5.000
31753,46,4.702,4.585,4.770
31758,53,1.931,1.369,1.911
31760,53,0.738,0.059,0.650
31761,53,0.997,0.215,0.806
31763,53,1.119,0.205,0.973
31764,53,2.488,1.662,2.478
31766,53,3.348,2.429,3.084
31768,53,4.951,3.895,4.589
31769,53,5.000,4.257,5.000
31771,53,5.000,4.345,5.000
31772,53,5.000,4.311,5.000
31774,53,4.844,3.866,4.717
31776,53,3.807,2.928,3.729
31782,61,1.095,0.176,0.929
31784,61,1.153,0.499,1.100
31788,61,4.751,4.184,4.673
31790,61,5.000,4.765,5.000
31791,61,5.000,4.790,5.000
31793,61,5.000,4.707,5.000
31794,61,4.154,3.856,4.042
31796,61,3.436,3.167,3.245
31798,61,0.855,0.621,0.865
31803,67,0.000,0.059,0.005
31805,67,1.359,1.476,1.413
31806,67,2.077,2.204,2.111
31808,67,3.807,4.003,3.978
31809,67,4.907,5.000,5.000
31811,67,4.780,5.000,4.966
31813,67,4.790,5.000,4.902
31814,67,3.578,4.018,3.876
31816,67,2.507,2.805,2.849
31817,67,0.528,0.860,0.909
31819,67,0.000,0.142,0.098
31828,69,3.954,4.355,4.384
31830,69,4.218,4.751,4.829
31831,69,4.335,4.878,4.741
31833,69,3.763,4.501,4.477
31835,69,2.532,3.226,3.319
31836,69,2.004,2.532,2.454
31838,69,0.000,0.474,0.547
31839,69,0.000,0.523,0.474
31841,69,0.000,0.508,0.430
31842,69,0.191,0.767,0.699
31844,69,1.452,1.916,1.916
31849,59,4.330,5.000,5.000
31851,59,3.847,4.609,4.526
31853,59,3.421,4.233,4.047
31854,59,2.434,3.304,3.240
31856,59,1.823,2.439,2.434
31857,59,0.049,0.528,0.557
31859,59,0.000,0.303,0.235
31863,59,1.012,1.344,1.598
31865,59,2.092,2.473,2.410
31867,59,3.602,3.788,3.807
31873,58,4.042,4.052,4.037
31874,58,3.636,3.407,3.500
31876,58,2.830,2.600,2.849
31878,58,0.748,0.499,0.670
31879,58,0.948,0.508,0.816
31881,58,0.626,0.103,0.684
31882,58,1.359,0.743,1.202
31884,58,2.160,1.579,2.307
31886,58,2.967,2.302,2.737
31887,58,4.721,4.062,4.917
31889,58,4.907,4.272,5.000
31894,51,5.000,4.003,5.000
31896,51,4.355,3.255,4.154
31897,51,1.975,0.924,1.823
31899,51,1.457,0.318,1.364
31903,51,1.574,0.660,2.165
31905,51,3.030,1.965,3.006
31907,51,4.927,3.812,4.839
31908,51,5.000,3.866,4.951
31911,51,5.000,4.110,5.000
31912,51,5.000,4.145,5.000
31918,47,1.872,0.811,1.725
31927,47,4.443,3.812,4.570
31931,47,5.000,4.814,5.000
31933,47,5.000,4.853,5.000
31934,47,4.301,3.993,4.091
31940,35,0.000,0.000,0.000
31941,35,0.005,0.000,0.083
31943,35,0.039,0.122,0.000
31944,35,1.261,1.422,1.437
31946,35,1.935,2.234,2.136
31947,35,3.627,3.935,3.788
31949,35,4.677,5.000,4.858
31951,35,4.457,4.804,4.897
31992,41,3.040,4.135,4.154
31993,41,2.859,3.763,3.759
31996,41,2.107,2.981,2.913
31998,41,0.420,1.212,1.188
31999,41,0.699,1.271,1.354
32001,41,0.064,0.587,0.596
32002,41,0.279,0.802,0.899
32008,49,3.607,3.788,3.768
32009,49,3.988,4.203,4.130
32011,49,4.448,4.360,4.399
32013,49,4.262,4.145,4.282
32014,49,4.037,3.744,3.886
32016,49,3.358,3.079,3.333
32017,49,1.481,1.173,1.427
32019,49,1.510,0.919,1.281
32021,49,0.914,0.445,0.929
32022,49,1.261,0.645,1.095
32024,49,2.121,1.388,1.887
32041,54,0.899,0.191,0.894
32042,54,1.183,0.596,1.271
32044,54,1.417,1.002,1.466
32046,54,2.634,2.043,2.439
32047,54,3.876,3.363,3.847
32052,64,4.907,4.497,4.741
32054,64,4.394,4.120,4.238
32056,64,3.402,3.187,3.519
32057,64,1.178,0.938,1.051
32059,64,1.197,0.978,0.860
32061,64,0.200,0.000,0.269
32062,64,0.699,0.552,0.557
32064,64,0.934,1.163,1.305
32065,64,1.882,1.882,1.931
32067,64,3.573,3.583,3.675
32068,64,3.592,3.573,3.715
32070,64,5.000,5.000,4.946
32075,65,3.221,3.289,3.143
32081,65,0.000,0.000,0.000
32082,65,0.000,0.000,0.044
32084,65,0.152,0.244,0.313
32085,65,1.598,1.520,1.637
32087,65,2.590,2.634,2.713
32088,65,3.568,3.744,3.724
32090,65,5.000,5.000,5.000
32092,65,4.966,5.000,4.917
32093,65,4.707,4.932,4.946
32099,66,0.846,1.100,1.144
32100,66,0.000,0.000,0.000
32102,66,0.000,0.000,0.000
32103,66,0.054,0.078,0.161
32105,66,1.329,1.647,1.584
32106,66,2.199,2.605,2.605
32108,66,3.402,3.768,3.587
32110,66,4.800,5.000,5.000
32111,66,4.599,5.000,5.000
32113,66,4.492,4.741,4.883
32121,61,0.000,0.367,0.318
32123,61,0.000,0.411,0.396
32125,61,0.709,1.246,1.188
32127,61,1.466,2.053,2.014
32128,61,3.446,3.988,4.101
32130,61,4.448,5.000,4.985
32131,61,4.379,5.000,5.000
32133,61,4.306,5.000,4.990
32135,61,3.426,4.120,3.949
32136,61,2.385,2.933,2.913
32138,61,0.200,0.821,0.718
32143,64,0.000,0.196,0.142
32145,64,1.212,1.466,1.481
32146,64,1.960,2.214,2.380
32148,64,3.783,3.827,3.842
32150,64,5.000,5.000,5.000
32151,64,5.000,5.000,5.000
32153,64,5.000,5.000,5.000
32157,64,1.168,0.689,1.036
32159,64,1.212,0.709,1.109
32160,64,0.406,0.000,0.391
32166,53,2.967,2.151,2.991
32168,53,5.000,4.316,4.936
32170,53,5.000,4.291,5.000
32171,53,5.000,4.208,5.000
32173,53,5.000,4.110,5.000
32174,53,5.000,4.052,4.878
32176,53,4.516,3.270,4.413
32178,53,2.097,0.777,1.965
32179,53,1.891,0.626,1.774
32181,53,1.413,0.059,1.276
32183,53,1.662,0.259,1.500
32188,46,5.000,3.798,5.000
32197,46,1.843,0.733,1.872
32201,46,1.144,0.112,1.070
32203,46,1.031,0.235,1.207
32212,37,5.000,4.824,5.000
32213,37,5.000,4.858,5.000
32215,37,3.778,3.578,3.685
32217,37,2.869,2.747,2.732
32218,37,1.109,1.261,1.144
32220,37,0.000,0.000,0.000
32221,37,0.108,0.210,0.269
32223,37,0.068,0.288,0.303
32224,37,1.227,1.544,1.564
32226,37,1.784,2.072,2.224
32228,37,3.705,4.125,4.066
32233,34,4.101,4.516,4.580
32235,34,2.747,3.377,3.372
32236,34,1.984,2.424,2.385
32238,34,0.567,1.408,1.383
32239,34,0.000,0.626,0.577
32241,34,0.000,0.714,0.792
32243,34,0.000,0.699,0.714
32247,34,2.977,3.930,3.920
32249,34,2.884,4.047,4.003
32251,34,3.500,4.570,4.555
32257,40,1.588,2.693,2.683
32258,40,0.142,1.364,1.300
32260,40,0.000,1.065,1.036
32261,40,0.000,1.090,1.046
32263,40,0.000,1.056,1.036
32264,40,0.489,1.676,1.667
32266,40,1.007,1.955,2.116
32268,40,2.634,3.710,3.739
32269,40,2.757,3.886,3.876
32271,40,3.289,4.203,4.257
32272,40,3.030,3.969,3.925
32274,40,2.693,3.460,3.333
32279,43,0.000,0.645,0.547
32281,43,0.142,0.777,0.728
32282,43,0.205,0.787,0.718
32284,43,1.202,1.540,1.637
32288,43,3.060,3.504,3.539
32290,43,4.150,4.154,4.394
32292,43,4.326,3.578,3.788
32294,43,3.847,3.778,3.719
32296,43,3.133,3.011,3.030
32301,53,1.320,0.733,1.183
32303,53,1.500,0.968,1.349
32304,53,2.048,1.491,2.053
32306,53,2.654,1.989,2.561
32308,53,4.487,3.837,4.306
32309,53,4.692,4.052,4.624
32311,53,5.000,4.409,5.000
32313,53,5.000,4.282,4.917
32314,53,4.472,3.749,4.291
32316,53,3.935,3.250,3.842
32317,53,1.960,1.276,1.799
32319,53,1.774,1.129,1.838
32324,60,2.317,1.657,2.092
32329,60,4.663,4.076,4.604
32330,60,5.000,4.804,5.000
32332,60,5.000,4.609,4.927
32334,60,4.409,4.062,4.443
32335,60,3.426,3.138,3.284
32338,60,1.276,1.026,1.173
32339,60,1.246,0.865,1.276
32341,60,0.176,0.088,0.191
32343,60,0.748,0.748,0.621
32348,65,4.037,4.120,4.071
32349,65,4.404,4.629,4.677
32351,65,4.922,4.897,4.912
32353,65,4.541,4.482,4.541
32354,65,4.032,3.891,3.827
32356,65,3.328,3.084,2.996
32358,65,0.674,0.640,0.767
32359,65,0.655,0.464,0.508
32361,65,0.000,0.029,0.117
32369,67,4.360,4.335,4.350
32370,67,5.000,5.000,5.000
32372,67,4.961,5.000,4.956
32374,67,4.242,4.247,4.360
32375,67,3.143,3.221,3.089
32377,67,0.811,0.758,0.797
32379,67,0.855,0.855,1.017
32381,67,0.000,0.000,0.000
32382,67,0.000,0.068,0.054
32384,67,0.034,0.308,0.362
32385,67,1.505,1.818,1.647
32387,67,3.006,3.236,3.260
32392,62,4.321,4.995,5.000
32394,62,4.115,4.208,4.330
32396,62,2.859,3.172,3.123
32397,62,0.347,0.723,0.738
32399,62,0.821,0.850,0.987
32400,62,0.000,0.415,0.323
32402,62,0.000,0.445,0.499
32406,62,1.745,2.370,2.351
32408,62,3.372,3.920,3.768
32409,62,4.629,5.000,5.000
32415,63,2.918,3.504,3.451
32416,63,1.061,1.579,1.500
32427,63,2.116,2.468,2.600
32431,63,5.000,5.000,5.000
32432,63,5.000,4.995,4.932
32438,53,1.090,0.797,1.129
32439,53,0.596,0.010,0.503
32441,53,0.435,0.000,0.459
32443,53,0.894,0.088,0.670
32444,53,2.067,1.163,1.901
32446,53,2.786,1.735,2.761
32447,53,5.000,4.208,5.000
32449,53,5.000,4.106,5.000
32451,53,5.000,4.057,5.000
32452,53,5.000,3.959,5.000
32460,46,1.588,0.015,1.398
32462,46,1.784,0.161,1.740
32463,46,2.849,1.579,2.845
32466,46,3.587,2.043,3.548
32468,46,5.000,3.671,5.000
32469,46,5.000,3.705,5.000
32471,46,5.000,3.729,5.000
32472,46,5.000,3.759,5.000
32474,46,5.000,3.768,5.000
32476,46,4.761,3.372,4.541
32477,46,2.747,1.354,2.419
32483,39,1.530,0.376,1.281
32484,39,2.693,1.672,2.586
32486,39,2.957,2.009,2.962
32488,39,5.000,4.326,5.000
32489,39,5.000,4.531,5.000
32491,39,5.000,4.648,5.000
32492,39,5.000,4.633,5.000
32497,39,1.623,1.334,1.525
32498,39,1.129,1.129,1.153
32500,39,0.000,0.000,0.000
32505,32,1.662,1.970,1.921
32508,32,3.504,3.881,3.983
32509,32,3.519,4.106,4.013
32511,32,4.550,5.000,5.000
32512,32,3.861,4.609,4.609
32514,32,3.675,4.106,4.272
32516,32,2.410,3.201,3.138
32517,32,0.327,1.246,1.051
32519,32,0.357,1.232,1.168
32520,32,0.000,0.816,0.870
32522,32,0.000,0.904,0.904
32527,34,2.845,4.223,4.062
32529,34,2.791,4.125,4.174
32531,34,3.641,4.985,4.995
32532,34,3.196,4.550,4.658
32537,34,0.367,1.838,1.848
32538,34,0.005,1.500,1.554
32540,34,0.000,1.500,1.452
32541,34,0.000,1.525,1.457
32543,34,0.000,1.437,1.422
32544,34,0.010,1.457,1.598
32551,42,3.817,5.000,5.000
32552,42,3.490,4.707,4.809
32554,42,3.206,4.404,4.413
32556,42,2.424,3.280,3.324
32557,42,0.924,1.901,1.794
32559,42,0.582,1.359,1.295
32560,42,0.000,0.381,0.352
32562,42,0.000,0.415,0.259
32563,42,0.000,0.308,0.386
32565,42,1.398,1.535,1.716
32566,42,1.989,2.014,2.141
32568,42,3.666,3.534,3.690
32573,50,4.971,4.384,4.829
32578,50,2.317,1.403,2.224
32579,50,1.246,0.215,1.022
32581,50,1.437,0.352,1.222
32583,50,1.266,0.078,1.188
32584,50,2.669,1.461,2.576
32586,50,3.363,2.243,3.348
32587,50,5.000,3.969,5.000
32589,50,5.000,4.101,5.000
32595,63,4.326,3.152,4.198
32597,63,3.265,2.053,3.001
32599,63,2.385,1.442,2.380
32600,63,0.992,0.000,0.753
32602,63,1.413,0.523,1.325
32603,63,1.520,0.787,1.618
32605,63,3.089,2.322,2.957
32607,63,3.480,2.937,3.402
32608,63,4.565,3.978,4.413
32610,63,5.000,4.800,5.000
32618,67,1.080,1.070,0.909
32619,67,0.064,0.000,0.000
32621,67,0.425,0.557,0.479
32622,67,0.738,0.572,0.870
32624,67,2.014,2.082,2.092
32626,67,2.341,2.444,2.581
32627,67,4.262,4.306,4.306
32629,67,4.761,4.883,4.848
32631,67,4.169,4.365,4.389
32632,67,3.671,4.047,3.881
32635,67,2.820,3.128,3.016
32636,67,1.931,2.263,2.190
32642,71,0.494,0.948,1.051
32643,71,0.992,1.373,1.403
32653,71,3.402,3.974,3.822
32657,71,0.591,1.031,1.051
32658,71,0.704,1.276,1.290
32664,64,1.740,2.160,2.224
32668,64,2.918,3.358,3.558
32670,64,3.871,4.545,4.492
32671,64,3.221,3.788,3.822
32673,64,2.639,3.236,3.289
32675,64,1.984,2.586,2.502
32676,64,0.865,1.359,1.422
32679,64,0.738,1.496,1.437
32680,64,0.000,0.513,0.503
32682,64,0.337,1.158,1.144
32687,64,3.328,3.891,3.861
32689,64,3.343,3.954,3.798
32690,64,3.891,4.536,4.682
32692,64,3.680,4.154,4.062
32694,64,2.845,3.162,3.275
32695,64,2.136,2.532,2.566
32697,64,0.616,0.978,0.846
32699,64,0.630,0.973,1.051
32700,64,0.000,0.108,0.015
32702,64,0.332,0.601,0.469
32718,58,1.408,0.885,1.139
32719,58,0.161,0.000,0.078
32722,58,0.264,0.000,0.244
32723,58,0.244,0.000,0.259
32725,58,1.911,1.144,1.945
32726,58,2.933,2.312,2.977
32732,53,5.000,4.457,5.000
32733,53,5.000,4.423,5.000
32735,53,4.775,3.847,4.785
32737,53,3.446,2.586,3.304
32738,53,2.111,1.178,2.126
32740,53,0.875,0.000,0.772
32741,53,1.002,0.000,0.772
32743,53,1.022,0.000,0.782
32744,53,2.312,1.364,2.351
32746,53,3.343,2.131,3.143
32748,53,5.000,4.037,5.000
32753,48,5.000,4.081,5.000
32757,48,1.784,0.714,1.877
32759,48,1.129,0.000,0.968
32760,48,1.261,0.000,0.938
32763,48,1.129,0.049,1.090
32765,48,1.950,1.119,2.155
32766,48,2.947,1.916,2.674
32768,48,5.000,4.340,5.000
32769,48,5.000,4.379,5.000
32771,48,5.000,4.492,5.000
32776,36,3.509,2.972,3.480
32778,36,1.168,0.635,1.173
32780,36,0.200,0.000,0.098
32781,36,0.171,0.000,0.020
32783,36,0.152,0.000,0.034
32784,36,1.271,1.217,1.466
32786,36,1.667,1.774,1.921
32787,36,4.560,4.599,4.497
32789,36,4.565,4.717,4.687
32793,36,4.477,4.717,4.922
32799,37,0.000,0.342,0.303
32800,37,0.000,0.337,0.635
32802,37,0.000,0.440,0.459
32803,37,0.156,0.997,1.188
32806,37,0.973,1.877,1.804
32808,37,2.962,3.798,3.939
32809,37,2.845,3.715,3.998
32811,37,4.213,5.000,5.000
32812,37,3.939,4.907,4.824
32814,37,3.377,4.428,4.668
32816,37,2.097,3.412,3.397
32817,37,0.000,1.251,1.119
32823,38,0.000,1.285,1.237
32824,38,0.367,1.598,1.442
32826,38,0.440,1.872,1.813
32827,38,2.752,4.154,4.198
32829,38,2.732,4.242,4.218
32833,38,3.265,4.731,4.624
32835,38,2.336,3.358,3.475
32837,38,0.870,1.891,1.779
32838,38,0.279,1.295,1.202
32843,44,0.029,0.821,1.153
32845,44,1.256,1.750,1.755
32847,44,3.118,3.597,3.617
32849,44,3.319,3.553,3.749
32851,44,5.000,5.000,5.000
32852,44,4.868,4.692,4.653
32854,44,4.599,4.531,4.541
32856,44,3.661,3.304,3.607
32857,44,1.916,1.549,1.789
32859,44,1.984,1.295,1.891
32861,44,0.596,0.000,0.582
32862,44,1.046,0.152,0.841
32867,54,5.000,4.130,5.000
32869,54,5.000,4.062,5.000
32871,54,5.000,3.978,5.000
32875,54,4.267,2.864,4.135
32877,54,2.859,1.672,2.830
32878,54,2.586,1.202,2.419
32880,54,1.237,0.044,1.007
32894,62,4.086,3.299,3.964
32898,62,1.188,0.723,1.153
32900,62,1.036,0.630,0.953
32901,62,1.246,1.022,1.285
32903,62,1.662,1.579,1.618
32904,62,2.556,2.424,2.468
32906,62,2.742,2.674,2.556
32908,62,4.233,4.374,4.360
32913,67,3.177,3.451,3.480
32915,67,2.556,2.747,2.693
32916,67,1.686,2.180,2.258
32918,67,0.846,1.105,1.109
32919,67,0.059,0.430,0.455
32921,67,0.816,1.227,1.119
32925,67,2.429,2.791,2.879
32927,67,3.514,4.145,4.159
32929,67,3.240,3.891,3.900
32935,69,1.950,2.688,2.786
32936,69,1.554,2.004,2.009
32938,69,0.244,1.051,1.070
32940,69,0.323,0.850,0.718
32941,69,0.665,1.222,1.344
32943,69,1.070,1.896,1.740
32944,69,1.745,2.630,2.742
32946,69,2.009,2.561,2.659
32948,69,3.397,4.057,4.057
32949,69,3.021,3.866,3.798
32951,69,2.864,3.695,3.739
32953,69,2.498,3.109,3.177
32958,62,0.533,1.359,1.369
32959,62,0.000,0.679,0.689
32961,62,0.479,1.183,1.285
32965,62,2.121,2.771,2.737
32967,62,3.587,4.213,4.360
32969,62,3.343,3.983,4.218
32970,62,3.656,4.223,4.262
32972,62,3.016,3.734,3.832
32973,62,2.600,3.113,2.952
32975,62,1.911,2.419,2.341
32981,63,0.430,0.978,0.777
32983,63,1.095,1.129,1.056
32985,63,2.199,2.131,2.302
32986,63,2.561,2.473,2.488
32988,63,4.721,4.658,4.702
32989,63,4.746,4.751,5.000
32991,63,5.000,4.619,4.844
32993,63,4.389,3.993,4.355
32994,63,3.602,3.284,3.583
32996,63,3.143,2.688,3.089
32998,63,0.816,0.401,0.816
33003,53,1.168,0.484,1.193
33045,47,2.151,1.325,2.209
33046,47,3.055,2.302,3.099
33048,47,4.883,4.110,4.585
33049,47,5.000,4.795,5.000
33051,47,5.000,4.892,5.000
33053,47,5.000,4.941,5.000
33054,47,4.448,4.096,4.242
33056,47,3.143,3.094,3.133
33058,47,0.836,0.958,0.978
33059,47,0.000,0.000,0.000
33062,47,0.000,0.000,0.000
33063,47,0.000,0.000,0.000
33064,47,0.494,0.973,0.982
33066,47,1.535,1.686,1.681
33071,40,4.868,5.000,5.000
33073,40,4.707,5.000,5.000
33075,40,3.402,4.120,4.282
33076,40,2.498,3.084,2.942
33081,40,0.000,0.562,0.670
33082,40,0.000,0.689,0.689
33084,40,0.000,0.870,0.802
33085,40,0.660,1.574,1.598
33087,40,2.522,3.319,3.451
33088,40,2.952,3.827,3.910
33094,41,3.348,4.384,4.413
33095,41,2.219,3.275,3.236
33097,41,0.000,1.100,1.129
33098,41,0.000,1.100,1.095
33100,41,0.000,1.124,1.080
33102,41,0.000,1.163,1.119
33103,41,0.000,1.144,1.217
33106,41,0.420,1.720,1.647
33107,41,1.882,3.152,3.240
33109,41,2.463,3.832,3.891
33110,41,3.993,5.000,5.000
33116,42,2.273,3.309,3.328
33120,42,0.000,0.572,0.538
33122,42,0.000,0.430,0.494
33123,42,0.000,0.337,0.337
33125,42,0.899,1.241,1.413
33126,42,2.077,2.331,2.351
33128,42,3.656,4.062,3.939
33130,42,4.995,5.000,5.000
33131,42,4.868,4.966,4.966
33133,42,4.863,4.717,4.638
33138,50,1.510,1.109,1.525
33140,50,0.327,0.000,0.313
33141,50,1.065,0.758,1.202
33143,50,1.877,1.281,1.901
33153,50,4.839,3.944,4.731
33161,59,2.082,1.139,1.989
33163,59,2.639,1.549,2.341
33164,59,3.436,2.703,3.534
33166,59,3.666,2.732,3.690
33170,59,5.000,4.306,4.985
33172,59,4.350,3.622,4.213
33174,59,3.895,3.133,3.832
33175,59,2.986,2.444,2.893
33177,59,1.882,1.383,1.603
33178,59,1.921,1.476,1.989
33184,65,2.576,2.268,2.737
33185,65,2.732,2.654,2.776
33187,65,4.262,4.203,4.101
33190,65,3.759,3.861,3.798
33191,65,3.617,3.729,3.587
33193,65,3.182,3.314,3.099
33194,65,2.532,2.659,2.586
33196,65,2.253,2.405,2.375
33198,65,0.860,0.841,0.909
33199,65,1.095,1.276,1.246
33201,65,1.202,1.544,1.349
33206,70,2.620,2.893,2.703
33208,70,3.324,3.592,3.573
33212,70,2.678,3.069,3.138
33214,70,2.336,2.708,2.703
33215,70,1.735,2.302,2.317
33217,70,0.772,1.036,1.061
33219,70,1.070,1.579,1.476
33220,70,0.953,1.417,1.339
33222,70,1.486,1.950,2.014
33223,70,2.077,2.537,2.400
33229,64,3.060,3.803,3.778
33230,64,2.849,3.392,3.328
33233,64,2.429,3.006,3.065
33235,64,2.146,2.830,2.590
33236,64,1.774,2.263,2.248
33238,64,0.543,1.105,1.100
33239,64,0.709,1.290,1.261
33241,64,0.875,1.461,1.388
33243,64,1.290,1.779,1.804
33244,64,1.579,2.234,2.595
33252,66,2.761,3.299,3.211
33254,66,2.268,2.815,2.761
33256,66,1.877,2.405,2.390
33257,66,0.230,0.802,0.674
33259,66,0.679,1.197,1.065
33260,66,0.523,1.012,0.943
33262,66,1.364,1.794,1.740
33264,66,1.901,2.146,2.234
33265,66,2.380,2.737,2.625
33267,66,3.778,4.027,4.052
33268,66,3.387,3.583,3.680
33275,60,2.942,3.065,2.889
33276,60,2.366,2.287,2.253
33278,60,0.342,0.274,0.327
33280,60,0.464,0.347,0.337
33281,60,0.890,0.714,0.811
33283,60,1.320,1.105,1.320
33284,60,2.512,2.165,2.175
33289,60,4.629,4.189,4.511
33290,60,5.000,4.800,5.000
33292,60,5.000,4.619,5.000
33297,51,1.261,0.479,1.129
33299,51,1.457,0.709,1.168
33300,51,0.630,0.000,0.557
33302,51,1.246,0.371,1.285
33304,51,1.681,0.782,1.955
33305,51,2.977,1.965,2.761
33307,51,4.897,3.935,4.917
33308,51,5.000,4.101,4.971
33310,51,5.000,4.179,5.000
33312,51,5.000,4.179,5.000
33313,51,5.000,4.125,5.000
33320,45,1.613,0.313,1.217
33321,45,1.012,0.000,0.816
33323,45,1.100,0.000,0.899
33324,45,2.170,1.070,2.014
33326,45,2.898,1.975,2.967
33330,45,5.000,4.394,5.000
33332,45,5.000,4.438,5.000
33333,45,5.000,4.433,5.000
33335,45,4.731,3.954,4.457
33337,45,2.810,2.170,2.576
33342,37,0.327,0.005,0.327
33344,37,0.503,0.288,0.670
33345,37,1.935,1.755,1.911
33347,37,3.778,3.700,3.793
33348,37,4.042,4.062,4.218
33350,37,5.000,5.000,5.000
33352,37,5.000,5.000,5.000
33353,37,4.980,5.000,4.878
33355,37,3.465,3.631,3.661
33356,37,1.026,1.320,1.251
33358,37,0.552,0.772,0.943
33361,37,0.000,0.093,0.034
33366,38,1.271,1.760,1.764
33370,38,4.658,5.000,5.000
33372,38,4.521,5.000,5.000
33373,38,4.413,5.000,5.000
33383,38,0.000,0.826,0.816
33390,40,4.037,5.000,5.000
33392,40,3.949,5.000,5.000
33394,40,3.382,4.506,4.668
33395,40,2.146,3.348,3.343
33397,40,0.000,0.992,0.958
33398,40,0.000,0.982,0.919
33400,40,0.000,0.943,0.870
33403,40,0.000,0.855,0.836
33404,40,0.000,0.943,0.880
33406,40,0.826,1.730,1.720
33411,45,4.619,5.000,5.000
33413,45,4.189,4.707,4.736
33414,45,3.446,4.042,3.920
33416,45,2.527,2.805,2.820
33428,45,4.321,3.905,4.228
33433,53,4.379,3.719,4.179
33435,53,3.260,2.708,3.162
33437,53,1.799,0.914,1.579
33438,53,1.975,1.217,1.789
33440,53,0.684,0.249,0.855
33441,53,1.843,0.958,1.774
33443,53,2.419,1.549,2.478
33446,53,3.421,2.586,3.426
33447,53,4.526,3.920,4.589
33449,53,4.575,3.773,4.487
33451,53,5.000,4.301,5.000
33456,61,3.089,2.478,2.991
33458,61,1.408,0.816,1.378
33459,61,1.838,1.305,1.828
33461,61,1.642,1.163,1.549
33462,61,2.307,1.769,2.243
33464,61,3.104,2.639,3.177
33468,61,3.798,3.460,3.935
33470,61,4.472,4.003,4.418
33472,61,3.656,3.407,3.636
33473,61,3.412,2.967,3.104
33479,65,1.613,1.540,1.549
33480,65,1.153,1.325,1.354
33482,65,1.799,1.823,1.984
33483,65,2.204,2.326,2.243
33485,65,2.683,2.796,2.693
33487,65,3.470,3.573,3.573
33489,65,3.260,3.206,3.211
33491,65,3.597,3.847,3.749
33492,65,3.123,3.123,2.991
33494,65,2.688,2.898,2.893
33496,65,2.141,2.234,2.283
33501,65,1.344,1.613,1.642
33503,65,1.662,2.004,1.935
33504,65,2.180,2.326,2.625
33506,65,2.419,2.737,2.693
33510,65,3.524,3.675,3.685
33512,65,3.055,3.226,3.260
33513,65,2.639,2.854,2.845
33515,65,2.170,2.317,2.375
33517,65,1.310,1.574,1.408
33518,65,1.437,1.774,1.867
33524,62,2.102,2.405,2.385
33525,62,2.414,2.742,2.717
33527,62,3.206,3.685,3.788
33528,62,3.162,3.627,3.617
33531,62,3.236,3.592,3.587
33533,62,2.952,3.382,3.314
33534,62,2.248,2.962,2.874
33536,62,1.725,2.195,2.341
33538,62,0.621,0.973,1.090
33539,62,0.929,1.378,1.623
33541,62,0.743,1.246,1.300
33546,65,2.263,2.903,2.747
33550,65,3.319,3.773,3.754
33552,65,2.502,2.923,2.444
33554,65,2.488,2.884,2.801
33555,65,1.994,2.424,2.351
33557,65,0.547,1.129,0.997
33559,65,1.222,1.696,1.413
33560,65,0.332,0.694,0.767
33562,65,0.968,1.354,1.432
33563,65,1.608,1.843,1.896
33569,58,3.998,4.096,4.150
33570,58,4.042,4.101,3.993
33572,58,3.671,3.739,3.578
33575,58,2.889,2.889,2.810
33576,58,2.131,2.239,2.390
33578,58,0.587,0.499,0.430
33579,58,0.831,0.855,0.973
33581,58,0.846,0.714,0.777
33583,58,1.574,1.129,1.369
33591,51,4.956,4.404,4.668
33592,51,3.978,2.713,4.174
33594,51,3.778,3.353,3.656
33595,51,2.952,2.405,2.957
33597,51,1.403,0.782,1.026
33599,51,1.628,1.056,1.320
33600,51,0.386,0.034,0.523
33602,51,1.457,0.684,1.207
33603,51,1.877,1.437,2.014
33605,51,3.201,2.488,2.996
33607,51,4.550,3.939,4.604
33608,51,4.702,4.179,4.746
33622,48,0.655,0.088,0.875
33626,48,3.265,2.160,3.025
33628,48,5.000,4.110,4.985
33630,48,5.000,4.252,5.000
33631,48,5.000,4.257,5.000
33637,42,3.412,2.111,2.991
33638,42,2.165,1.080,2.180
33643,42,0.831,0.000,0.684
33644,42,2.287,1.246,2.180
33646,42,3.060,2.170,2.879
33647,42,5.000,4.311,5.000
33649,42,5.000,4.428,5.000
33651,42,5.000,4.443,5.000
33652,42,5.000,4.501,5.000
33654,42,5.000,4.550,5.000
33660,41,0.220,0.000,0.083
33662,41,0.108,0.000,0.000
33663,41,0.000,0.000,0.000
33665,41,1.188,0.943,1.144
33666,41,1.965,1.906,1.950
33668,41,4.717,4.814,4.721
33669,41,4.863,5.000,5.000
33671,41,5.000,5.000,5.000
33673,41,5.000,5.000,5.000
33674,41,4.457,4.550,4.589
33682,34,0.000,0.288,0.357
33684,34,0.093,0.523,0.733
33685,34,1.119,1.735,1.657
33687,34,3.358,4.257,4.233
33689,34,3.480,4.394,4.497
33690,34,4.365,5.000,5.000
33692,34,3.974,5.000,5.000
33694,34,3.759,4.687,4.682
33695,34,2.278,3.348,3.382
33697,34,0.000,0.938,0.938
33698,34,0.000,1.012,1.061
33705,33,0.000,1.163,1.349
33706,33,0.401,1.662,1.672
33708,33,3.040,4.418,4.545
33709,33,3.109,4.604,4.516
33711,33,3.881,5.000,5.000
33713,33,3.886,5.000,5.000
33714,33,3.299,4.633,4.545
33718,33,0.000,1.031,1.017
33720,33,0.000,0.924,0.865
33722,33,0.000,0.816,1.036
33727,45,2.708,3.436,3.509
33728,45,3.465,4.076,4.003
33730,45,4.765,5.000,5.000
33732,45,4.819,5.000,5.000
33733,45,4.707,4.907,4.892
33735,45,3.456,3.768,3.680
33737,45,1.349,1.554,1.408
33738,45,0.943,0.904,0.875
33740,45,0.000,0.000,0.000
33741,45,0.039,0.000,0.000
33743,45,0.122,0.000,0.000
33745,45,1.525,1.046,1.725
33750,52,5.000,4.663,5.000
33752,52,5.000,4.604,5.000
33754,52,5.000,4.487,5.000
33758,52,1.325,0.479,1.422
33760,52,0.714,0.000,0.606
33761,52,0.924,0.088,1.026
33763,52,1.755,0.684,1.500
33764,52,3.343,2.312,3.250
33766,52,3.553,2.722,3.490
33768,52,5.000,4.418,5.000
33773,62,4.873,4.130,4.844
33774,62,3.534,2.840,3.524
33776,62,2.825,2.243,2.805
33778,62,1.544,0.841,1.716
33779,62,0.635,0.152,0.611
33781,62,1.246,0.782,1.153
33782,62,1.554,1.109,1.461
33784,62,2.820,2.454,2.664
33787,62,3.211,2.996,3.138
33788,62,4.633,4.277,4.536
33790,62,4.976,4.902,5.000
33795,69,2.644,2.747,2.542
33800,69,0.357,0.381,0.401
33801,69,0.973,1.026,0.894
33803,69,1.525,1.466,1.437
33804,69,2.600,2.752,2.488
33806,69,2.864,2.708,2.698
33808,69,4.453,4.345,4.282
33809,69,4.340,4.277,4.286
33811,69,4.042,3.959,3.871
33812,69,3.465,3.368,3.402
33818,69,1.364,1.193,1.251
33819,69,0.547,0.591,0.577
33821,69,1.349,1.232,1.149
33823,69,1.466,1.496,1.471
33824,69,2.468,2.595,2.502
33826,69,2.776,2.859,2.845
33827,69,3.759,3.910,3.871
33830,69,4.301,4.370,4.399
33832,69,3.705,3.690,3.768
33840,63,0.611,0.577,0.635
33841,63,1.134,1.359,1.281
33851,63,3.529,3.773,3.861
33855,63,2.146,2.537,2.434
33856,63,1.217,1.432,1.530
33862,67,0.894,1.554,1.515
33863,67,1.295,2.092,2.072
33865,67,2.273,2.766,2.708
33867,67,3.402,3.944,4.032
33868,67,3.255,3.793,3.739
33870,67,4.130,4.589,4.629
33873,67,3.260,3.866,3.724
33874,67,2.722,3.353,3.284
33876,67,1.745,2.385,2.356
33877,67,0.191,0.860,0.821
33879,67,0.191,1.075,0.948
33881,67,0.000,0.523,0.503
33886,65,1.911,2.727,2.717
33890,65,4.629,5.000,5.000
33892,65,4.047,4.721,4.673
33893,65,3.465,3.915,3.993
33895,65,2.317,3.045,2.805
33897,65,0.943,1.354,1.212
33898,65,0.327,0.660,0.758
33900,65,0.000,0.059,0.064
33901,65,0.000,0.034,0.029
33903,65,0.093,0.269,0.220
33908,56,4.316,4.291,4.497
33910,56,5.000,5.000,5.000
33911,56,5.000,4.873,5.000
33913,56,5.000,4.614,5.000
33916,56,3.998,3.260,3.930
33917,56,2.405,1.290,2.175
33919,56,1.906,0.973,1.867
33920,56,0.841,0.000,0.704
33922,56,1.036,0.000,0.934
33924,56,1.139,0.000,1.051
33931,50,5.000,3.563,5.000
33933,50,5.000,3.490,5.000
33935,50,5.000,3.431,5.000
33936,50,4.922,3.001,4.785
33938,50,2.502,0.890,2.590
33940,50,1.906,0.000,1.608
33941,50,1.779,0.000,1.588
33943,50,1.764,0.000,1.530
33944,50,3.079,1.070,2.845
33946,50,3.905,2.111,3.724
33947,50,5.000,3.480,5.000
33953,38,5.000,3.719,5.000
33954,38,5.000,3.798,5.000
33956,38,4.057,2.732,3.861
33959,38,2.131,0.855,2.077
33960,38,0.973,0.000,0.777
33962,38,0.963,0.000,0.748
33963,38,0.694,0.000,0.640
33968,38,5.000,4.521,5.000
33969,38,5.000,4.565,5.000
33971,38,5.000,4.868,5.000
33976,27,3.192,3.123,2.986
33978,27,0.191,0.371,0.371
33979,27,0.000,0.000,0.000
33981,27,0.000,0.005,0.000
33982,27,0.000,0.049,0.049
33984,27,0.293,0.890,0.943
33985,27,1.251,1.828,1.706
33987,27,3.421,4.047,4.125
33989,27,3.597,4.291,4.384
33990,27,4.497,5.000,5.000
33992,27,4.203,5.000,5.000
33993,27,4.184,4.917,4.956
33999,26,0.000,1.075,1.036
34001,26,0.000,1.153,1.139
34003,26,0.000,1.246,1.202
34007,26,1.569,3.387,3.314
34009,26,2.429,4.252,4.228
34010,26,3.480,5.000,5.000
34012,26,3.495,5.000,5.000
34014,26,3.304,5.000,5.000
34015,26,2.077,4.003,3.695
34021,33,0.000,1.725,1.676
34022,33,0.000,1.681,1.662
34024,33,0.000,1.647,1.994
34025,33,0.034,1.676,1.691
34027,33,1.774,3.436,3.456
34028,33,2.400,4.047,4.110
34030,33,3.783,5.000,5.000
34032,33,3.876,5.000,5.000
34033,33,3.876,5.000,5.000
34035,33,2.752,3.710,3.719
34036,33,0.816,1.505,1.637
34038,33,0.088,0.782,0.787
34047,48,3.011,2.913,3.060
34049,48,4.453,4.184,4.394
34050,48,5.000,4.717,5.000
34052,48,5.000,4.624,5.000
34054,48,5.000,4.379,5.000
34055,48,4.580,3.680,4.589
34057,48,2.786,1.901,2.703
34058,48,1.970,0.762,1.799
34060,48,0.958,0.000,0.811
34062,48,1.149,0.132,1.183
34067,57,5.000,3.983,5.000
34114,66,2.322,2.600,2.659
34118,66,1.525,1.481,1.510
34120,66,0.968,1.056,1.036
34121,66,1.681,1.510,1.667
34123,66,1.818,2.033,2.019
34125,66,2.620,2.581,2.713
34126,66,3.377,3.343,3.416
34129,66,3.377,3.343,3.284
34145,69,2.478,2.615,2.713
34147,69,2.952,3.084,3.074
34148,69,3.426,3.490,3.382
34150,69,3.978,4.062,4.062
34151,69,3.201,3.397,3.353
34157,66,0.987,1.334,1.285
34158,66,1.393,1.681,1.442
34160,66,0.557,1.070,1.095
34162,66,1.100,1.564,1.623
34163,66,1.579,1.970,2.048
34165,66,2.258,2.771,2.644
34166,66,2.742,3.475,3.524
34168,66,2.595,3.402,3.309
34171,66,3.201,3.969,3.939
34172,66,2.693,3.465,3.348
34174,66,2.219,2.962,3.021
34179,63,0.440,1.369,1.432
34181,63,0.215,1.178,1.173
34185,63,1.725,2.669,2.659
34187,63,2.424,3.314,3.294
34188,63,2.639,3.446,3.446
34190,63,3.475,4.150,4.071
34192,63,2.796,3.485,3.485
34193,63,2.400,3.021,3.030
34195,63,1.779,2.331,2.356
34196,63,1.026,1.486,1.447
34202,62,1.022,1.393,1.745
34203,62,1.579,1.784,1.764
34205,62,2.703,2.605,2.654
34207,62,4.037,4.003,4.091
34208,62,3.988,3.788,3.724
34210,62,4.985,4.682,4.819
34212,62,4.360,3.920,4.198
34214,62,3.944,3.592,3.988
34216,62,3.172,2.517,3.001
34217,62,1.491,0.753,1.251
34225,51,3.631,2.561,3.421
34227,51,4.985,4.037,5.000
34229,51,5.000,4.076,4.976
34230,51,5.000,4.262,5.000
34232,51,5.000,4.194,5.000
34233,51,5.000,3.954,4.966
34235,51,3.988,2.981,4.062
34237,51,2.370,1.344,2.155
34238,51,2.063,0.914,2.053
34240,51,1.041,0.000,0.811
34241,51,1.080,0.000,0.963
34247,46,5.000,4.066,5.000
34248,46,5.000,3.944,4.697
34250,46,5.000,4.272,5.000
34252,46,5.000,4.286,5.000
34253,46,5.000,4.282,5.000
34255,46,4.873,3.842,4.633
34257,46,2.419,1.388,2.126
34259,46,1.926,0.885,2.009
34263,46,0.694,0.000,0.547
34265,46,1.935,1.212,1.760
34270,36,5.000,4.848,5.000
34272,36,5.000,4.790,5.000
34273,36,5.000,4.883,5.000
34275,36,4.140,3.856,4.081
34277,36,2.253,1.955,2.009
34278,36,0.973,0.689,1.036
34280,36,0.000,0.000,0.000
34281,36,0.000,0.000,0.000
34283,36,0.000,0.000,0.000
34284,36,0.728,0.963,1.134
34286,36,1.979,2.019,2.097
34287,36,4.648,4.609,4.565
34293,39,5.000,5.000,5.000
34294,39,3.783,4.101,4.042
34296,39,2.449,2.766,2.576
34299,39,0.318,0.802,0.748
34303,39,0.000,0.112,0.161
34304,39,0.313,0.860,0.797
34306,39,1.202,1.672,1.628
34308,39,3.920,4.472,4.560
34309,39,4.101,4.653,4.677
34311,39,4.751,5.000,5.000
34316,39,2.581,3.084,3.104
34318,39,0.000,0.621,0.479
34319,39,0.000,0.455,0.455
34321,39,0.000,0.479,0.484
34322,39,0.000,0.547,0.513
34324,39,0.425,1.315,1.300
34325,39,1.197,1.999,2.107
34327,39,3.847,4.707,4.829
34329,39,3.729,4.800,4.756
34330,39,4.355,5.000,5.000
34332,39,3.920,4.976,5.000
34337,37,0.000,0.767,0.885
34343,37,0.000,0.987,0.870
34352,37,3.646,4.521,4.604
34356,37,1.393,2.053,2.004
34361,45,0.005,0.591,0.587
34363,45,0.362,0.934,0.860
34365,45,1.745,2.292,2.380
34366,45,2.439,2.884,2.889
34368,45,3.768,4.003,4.101
34369,45,4.609,4.717,4.814
34371,45,4.106,4.179,4.228
34373,45,3.592,3.847,3.773
34374,45,2.820,2.727,2.708
34376,45,2.248,2.053,2.219
34378,45,1.251,0.973,1.119
34383,54,2.239,1.818,2.155
34385,54,3.338,2.737,3.177
34387,54,4.091,3.436,3.964
34389,54,4.277,3.636,4.252
34393,54,4.115,3.446,4.184
34395,54,3.368,2.556,3.196
34396,54,3.006,2.190,2.766
34398,54,1.843,1.315,1.760
34400,54,1.598,0.870,1.452
34401,54,2.019,1.417,1.950
34406,58,3.705,3.211,3.636
34408,58,4.057,3.504,3.978
34410,58,4.707,4.110,4.575
34411,58,3.964,3.456,3.900
34413,58,3.612,3.216,3.592
34415,58,2.884,2.493,2.830
34416,58,2.346,1.999,2.263
34418,58,1.647,1.491,1.789
34419,58,1.232,1.061,1.070
34421,58,1.603,1.486,1.642
34423,58,1.784,1.686,1.823
34429,66,3.294,3.372,3.353
34431,66,3.842,3.886,3.886
34435,66,2.522,2.571,2.483
34437,66,2.107,2.239,2.204
34438,66,1.500,1.452,1.598
34440,66,1.168,1.232,1.193
34441,66,1.745,1.623,1.642
34443,66,1.784,1.960,1.833
34444,66,2.502,2.693,2.630
34446,66,2.791,2.864,2.796
34451,64,3.240,3.231,3.289
34453,64,3.128,2.928,2.923
34455,64,2.439,2.488,2.478
34456,64,1.911,1.945,1.921
34458,64,1.672,1.676,1.735
34460,64,1.193,1.285,1.232
34461,64,1.672,1.686,1.720
34463,64,1.760,1.940,1.891
34464,64,2.586,2.561,2.576
34466,64,2.962,2.864,2.874
34475,63,2.444,2.566,2.615
34477,63,2.072,2.126,2.116
34478,63,1.559,1.510,1.618
34480,63,1.193,1.227,1.183
34481,63,1.623,1.676,1.579
34483,63,1.701,1.867,1.838
34485,63,2.385,2.556,2.434
34486,63,2.683,2.757,2.796
34488,63,3.412,3.504,3.441
34489,63,3.656,3.729,3.768
34491,63,3.245,3.397,3.324
34496,64,1.662,1.955,1.799
34498,64,1.535,1.716,1.735
34500,64,0.924,1.202,1.149
34501,64,1.457,1.672,1.667
34503,64,1.476,1.877,1.896
34504,64,2.346,2.620,2.537
34506,64,2.605,2.908,2.874
34510,64,3.162,3.421,3.407
34513,64,2.801,3.069,3.060
34515,64,2.336,2.625,2.698
34520,65,0.850,1.109,1.109
34522,65,1.114,1.632,1.574
34523,65,1.344,1.799,1.730
34525,65,2.058,2.473,2.449
34526,65,2.439,2.766,2.732
34528,65,3.099,3.441,3.368
34530,65,3.314,3.842,3.793
34531,65,2.967,3.480,3.368
34533,65,2.732,3.299,3.182
34535,65,2.165,2.600,2.542
34536,65,1.657,2.224,2.185
34541,61,1.124,1.579,1.544
34543,61,1.584,1.960,1.857
34545,61,2.234,2.615,2.713
34546,61,2.761,3.167,3.196
34548,61,3.055,3.289,3.284
34552,61,3.025,3.177,3.348
34555,61,2.346,2.493,2.649
34557,61,2.180,2.175,2.165
34558,61,1.188,1.232,1.281
34560,61,1.100,1.007,0.973
34565,56,3.030,2.654,2.903
34567,56,3.372,3.055,3.328
34568,56,3.935,3.524,3.915
34570,56,4.585,4.135,4.501
34579,56,1.857,0.982,1.667
34587,50,5.000,4.096,4.990
34589,50,4.677,3.695,4.633
34590,50,4.609,3.539,4.472
34592,50,4.223,3.109,4.057
34594,50,3.827,2.771,3.675
34595,50,3.436,2.366,3.387
34598,50,2.023,0.919,1.911
34599,50,2.449,1.339,2.204
34604,50,3.182,2.111,2.962
34609,42,4.746,3.861,4.717
34611,42,4.829,3.827,4.643
34612,42,4.228,3.319,4.101
34614,42,3.739,2.859,3.548
34616,42,3.025,2.385,3.089
34617,42,1.642,0.934,1.530
34619,42,2.067,1.310,1.857
34621,42,1.618,1.207,1.745
34622,42,2.317,1.784,2.263
34624,42,2.805,2.532,2.903
34625,42,3.255,2.845,3.133
34627,42,4.223,4.003,4.335
34632,38,3.431,3.338,3.470
34634,38,2.732,2.483,2.620
34636,38,2.136,2.121,2.180
34637,38,0.797,0.777,0.841
34639,38,0.958,0.924,0.894
34644,38,1.994,2.048,1.984
34646,38,2.678,2.717,2.766
34647,38,3.646,3.861,3.803
34649,38,3.363,3.504,3.485
34654,38,2.439,2.742,2.546
34656,38,2.136,2.336,2.336
34658,38,0.479,0.806,0.723
34659,38,0.811,1.183,1.109
34661,38,0.753,1.046,1.022
34662,38,1.369,1.637,1.632
34664,38,1.906,2.195,2.493
34665,38,2.410,2.845,2.810
34667,38,3.631,4.066,4.140
34669,38,3.260,3.783,3.754
34670,38,3.519,4.071,3.969
34672,38,2.849,3.407,3.397
34677,37,0.010,0.714,0.806
34679,37,0.000,0.684,0.660
34684,37,1.085,1.931,2.199
34686,37,1.838,2.830,2.752
34687,37,3.006,3.974,4.008
34689,37,2.742,3.548,3.583
34691,37,3.583,4.413,4.355
34692,37,2.752,3.495,3.460
34694,37,2.136,3.187,3.074
34696,37,1.325,2.351,2.341
34701,41,0.000,0.958,0.978
34702,41,0.318,1.422,1.422
34704,41,1.427,2.224,2.195
34706,41,1.799,2.776,2.781
34707,41,3.480,4.228,4.326
34709,41,3.138,3.998,3.915
34710,41,3.475,4.208,4.233
34712,41,2.913,3.612,3.539
34714,41,2.273,3.035,2.942
34715,41,1.564,2.278,2.243
34717,41,0.181,0.616,0.616
34726,49,2.630,2.810,2.732
34728,49,3.710,3.935,3.978
34729,49,3.534,3.690,3.695
34731,49,4.022,4.027,4.042
34732,49,3.216,3.221,3.240
34734,49,3.123,2.933,2.962
34736,49,2.346,2.258,2.297
34737,49,1.310,1.007,1.149
34739,49,1.779,1.417,1.525
34741,49,1.129,0.860,1.183
34746,51,3.123,2.889,3.177
34747,51,4.462,4.110,4.340
34749,51,4.374,3.817,4.282
34751,51,4.189,3.739,3.988
34752,51,3.622,3.226,3.563
34754,51,3.099,2.615,3.065
34756,51,2.771,2.234,2.625
34757,51,1.422,0.938,1.285
34762,51,2.033,1.559,1.979
34767,59,4.467,4.003,4.501
34769,59,4.330,3.954,4.184
34771,59,4.291,3.812,4.120
34773,59,3.763,3.548,3.768
34774,59,3.143,2.825,3.094
34776,59,2.546,2.219,2.532
34778,59,1.325,1.080,1.227
34779,59,1.720,1.246,1.662
34781,59,1.540,1.129,1.525
34782,59,2.688,1.945,2.146
34784,59,2.913,2.532,2.483
34786,59,3.284,2.556,3.084
34791,60,3.558,3.446,3.529
34793,60,3.162,3.006,3.099
34794,60,2.498,2.463,2.546
34796,60,2.214,2.199,2.141
34797,60,1.222,1.227,1.315
34822,64,1.872,1.931,1.989
34826,64,2.898,2.776,2.791
34828,64,3.592,3.465,3.436
34830,64,3.817,3.822,3.866
34835,61,2.434,2.395,2.410
34836,61,1.813,1.760,1.755
34838,61,1.755,1.779,1.760
34840,61,1.197,1.202,1.217
34841,61,1.725,1.691,1.755
34843,61,1.950,1.984,2.009
34844,61,2.654,2.615,2.644
34846,61,2.908,2.991,3.089
34848,61,3.289,3.187,3.211
34849,61,3.763,3.871,3.837
34851,61,3.255,3.333,3.289
34854,61,2.957,3.011,2.972
34859,65,1.779,1.799,1.823
34861,65,1.295,1.276,1.281
34862,65,1.745,1.906,1.672
34866,65,2.869,2.879,2.820
34868,65,3.201,3.304,3.343
34870,65,3.602,3.719,3.715
34871,65,3.172,3.250,3.245
34873,65,2.977,3.187,3.157
34875,65,2.278,2.483,2.498
34876,65,1.891,2.155,2.107
34882,64,1.442,1.789,1.706
34883,64,1.799,2.111,2.072
34885,64,2.341,2.713,2.757
34886,64,2.771,3.240,3.280
34888,64,2.825,3.245,3.289
34890,64,3.363,3.739,3.803
34891,64,2.796,3.319,3.255
34893,64,2.463,2.977,2.937
34895,64,1.877,2.341,2.366
34897,64,1.232,1.701,1.662
34899,64,1.129,1.657,1.657
34907,64,2.522,3.060,3.050
34908,64,2.879,3.456,3.358
34910,64,3.358,3.876,3.920
34912,64,3.016,3.382,3.402
34913,64,2.805,3.094,3.050
34915,64,2.087,2.283,2.322
34917,64,1.647,1.872,1.720
34918,64,1.241,1.378,1.422
34920,64,0.665,0.909,0.743
34921,64,1.593,1.535,1.647
34927,56,3.939,3.592,3.895
34928,56,3.944,3.431,4.003
34930,56,4.990,4.208,4.829
34932,56,4.443,3.519,4.301
34933,56,4.106,3.157,3.827
34935,56,3.397,2.317,3.397
34936,56,2.463,1.149,2.234
34939,56,2.810,1.300,2.644
34943,56,3.368,1.535,3.294
34949,49,5.000,3.187,5.000
34950,49,5.000,3.133,5.000
34952,49,5.000,3.050,5.000
34953,49,5.000,3.021,5.000
34955,49,4.858,2.620,4.604
34957,49,3.646,1.584,3.539
34958,49,3.456,1.354,3.240
34960,49,2.424,0.259,2.258
34962,49,3.109,1.061,2.933
34963,49,3.421,1.642,3.568
34965,49,4.580,2.805,4.550
34966,49,5.000,3.416,5.000
34972,33,5.000,3.856,5.000
34973,33,4.927,3.475,4.629
34975,33,3.729,2.654,3.612
34977,33,1.799,0.714,1.672
34978,33,1.843,1.070,1.764
34984,33,0.831,0.445,1.007
34985,33,2.405,2.072,2.302
34987,33,3.245,2.923,3.001
34988,33,4.487,4.609,4.345
34994,25,4.873,5.000,5.000
34995,25,3.182,3.812,3.778
34997,25,1.090,1.559,1.266
34999,25,0.103,0.758,0.714
35000,25,0.000,0.474,0.425
35002,25,0.000,0.547,0.513
35003,25,0.000,0.621,0.591
35005,25,0.332,1.237,1.315
35006,25,1.222,2.366,2.326
35008,25,3.485,4.467,4.345
35010,25,4.115,5.000,5.000
35011,25,4.057,5.000,5.000
35016,28,0.083,1.486,1.329
35018,28,0.000,1.310,1.315
35020,28,0.000,1.339,1.325
35025,28,0.015,1.496,1.476
35026,28,0.440,2.063,1.931
35028,28,3.143,4.804,4.800
35030,28,3.583,5.000,5.000
35031,28,3.485,5.000,5.000
35033,28,3.524,5.000,5.000
35035,28,2.688,4.345,4.462
35040,34,0.000,1.452,1.427
35049,34,4.135,5.000,5.000
35053,34,4.404,5.000,5.000
35055,34,3.069,3.680,3.788
35057,34,0.816,1.168,1.246
35062,50,0.000,0.000,0.000
35063,50,0.000,0.000,0.142
35065,50,1.848,1.593,1.735
35067,50,4.213,3.837,4.169
35069,50,4.951,4.462,5.000
35071,50,5.000,4.687,5.000
35075,50,5.000,3.998,5.000
35077,50,4.003,3.040,3.900
35078,50,1.461,0.543,1.432
35080,50,1.031,0.000,0.865
35085,57,3.514,2.239,3.548
35087,57,4.614,3.509,4.770
35088,57,5.000,3.891,5.000
35090,57,5.000,4.154,5.000
35091,57,5.000,4.198,5.000
35093,57,5.000,3.680,4.687
35095,57,3.685,2.678,3.456
35096,57,2.693,1.598,2.361
35098,57,2.116,1.173,1.931
35100,57,0.875,0.088,0.831
35101,57,1.549,0.792,1.422
35106,64,4.321,4.008,4.374
35108,64,4.247,3.783,4.135
35111,64,5.000,4.863,5.000
35153,71,3.035,3.128,3.123
35155,71,2.351,2.419,2.590
35156,71,2.170,2.292,2.224
35158,71,0.958,1.227,1.114
35159,71,1.012,1.290,1.373
35161,71,1.124,1.491,1.403
35163,71,1.584,1.764,1.808
35164,71,2.283,2.517,2.410
35166,71,2.351,2.664,2.664
35168,71,3.451,3.783,3.817
35169,71,3.182,3.553,3.636
35174,67,2.107,2.639,2.493
35176,67,1.750,2.195,2.082
35178,67,0.704,1.388,1.427
35179,67,0.557,1.095,1.075
35181,67,0.973,1.520,1.608
35182,67,1.168,1.799,1.750
35184,67,2.028,2.605,2.605
35186,67,2.092,2.717,2.805
35190,67,3.045,3.739,3.715
35192,67,2.429,3.089,2.986
35198,66,0.244,1.007,1.012
35200,66,0.562,1.090,1.178
35201,66,0.718,1.505,1.505
35203,66,1.075,1.838,1.906
35204,66,1.794,2.654,2.634
35206,66,2.097,2.849,2.727
35208,66,3.460,4.110,4.032
35209,66,3.206,3.910,3.773
35211,66,3.236,3.935,3.871
35212,66,2.796,3.363,3.358
35214,66,2.322,2.820,2.752
35216,66,1.755,2.292,2.297
35221,57,0.503,0.630,0.748
35223,57,1.022,1.183,1.065
35224,57,2.507,2.639,2.375
35226,57,2.796,2.923,2.947
35230,57,5.000,4.834,5.000
35232,57,4.179,3.920,4.189
35233,57,3.715,3.353,3.680
35235,57,2.835,2.346,2.815
35238,57,1.046,0.533,1.017
35243,50,0.459,0.000,0.376
35244,50,1.554,0.963,1.667
35246,50,2.385,1.632,2.556
35248,50,5.000,4.453,5.000
35249,50,5.000,4.418,5.000
35251,50,5.000,4.443,5.000
35253,50,5.000,4.379,5.000
35254,50,5.000,4.409,5.000
35256,50,4.453,3.412,4.350
35257,50,1.256,0.220,1.129
35259,50,1.178,0.137,0.968
35261,50,0.728,0.000,0.601
35266,46,2.737,1.999,2.854
35270,46,5.000,4.604,5.000
35272,46,5.000,4.545,5.000
35273,46,5.000,4.462,5.000
35275,46,4.277,3.768,4.184
35277,46,1.486,0.973,1.417
35278,46,1.530,0.816,1.383
35281,46,0.239,0.000,0.274
35282,46,0.308,0.000,0.215
35284,46,0.425,0.000,0.171
35289,36,4.883,4.433,4.946
35291,36,5.000,5.000,5.000
35292,36,5.000,4.932,5.000
35294,36,4.932,4.971,4.863
35296,36,3.695,3.441,3.539
35297,36,0.904,0.474,0.733
35299,36,0.929,0.787,0.616
35300,36,0.000,0.000,0.000
35313,38,5.000,4.902,4.912
35320,38,0.000,0.000,0.000
35323,38,0.000,0.000,0.000
35324,38,0.000,0.000,0.191
35326,38,1.383,1.457,1.500
35327,38,3.113,3.280,3.397
35329,38,4.115,4.267,4.355
35334,37,4.697,5.000,4.941
35336,37,3.245,3.558,3.514
35337,37,0.298,0.401,0.244
35339,37,0.142,0.479,0.308
35341,37,0.000,0.073,0.039
35342,37,0.000,0.186,0.166
35344,37,0.000,0.269,0.318
35345,37,0.987,1.515,1.496
35347,37,2.928,3.519,3.548
35348,37,3.807,4.291,4.345
35350,37,4.765,5.000,5.000
35355,38,2.678,3.431,3.495
35357,38,0.000,0.596,0.533
35361,38,0.000,0.689,0.635
35363,38,0.000,0.660,0.767
35364,38,0.200,1.222,1.065
35367,38,1.354,2.414,2.434
35368,38,3.451,4.389,4.389
35370,38,4.365,5.000,5.000
35372,38,4.198,5.000,5.000
35373,38,4.267,5.000,5.000
35379,41,0.000,0.758,0.811
35380,41,0.000,0.591,0.552
35382,41,0.000,0.499,0.601
35383,41,0.000,0.450,0.430
35385,41,0.543,1.281,1.227
35386,41,1.764,2.356,2.502
35388,41,4.101,4.194,4.345
35390,41,5.000,5.000,5.000
35391,41,4.907,5.000,5.000
35393,41,5.000,5.000,5.000
35401,50,0.098,0.000,0.147
35402,50,0.205,0.000,0.142
35404,50,1.843,1.022,1.672
35406,50,2.644,1.984,2.659
35407,50,5.000,4.457,5.000
35410,50,5.000,4.423,5.000
35411,50,5.000,4.340,5.000
35413,50,5.000,4.291,5.000
35415,50,5.000,4.306,5.000
35416,50,4.565,3.319,4.330
35418,50,1.266,0.108,1.129
35419,50,1.129,0.000,0.816
35425,59,2.424,1.105,2.160
35426,59,3.436,2.517,3.328
35428,59,5.000,4.228,4.912
35430,59,5.000,4.291,5.000
35431,59,5.000,4.345,5.000
35433,59,5.000,4.413,5.000
35437,59,0.855,0.000,0.640
35439,59,1.168,0.406,1.207
35440,59,0.518,0.000,0.264
35442,59,1.339,0.870,1.427
35447,66,4.985,4.775,4.917
35449,66,4.687,4.570,4.638
35451,66,4.531,4.668,4.506
35453,66,3.768,3.861,3.710
35455,66,2.776,2.801,2.801
35456,66,2.258,2.224,2.312
35458,66,0.362,0.342,0.543
35459,66,0.489,0.670,0.626
35461,66,0.371,0.718,0.704
35463,66,1.007,1.168,1.329
35464,66,1.945,2.493,2.590
35470,68,4.306,4.761,4.673
35471,68,3.480,3.891,3.895
35473,68,3.089,3.627,3.568
35474,68,2.209,2.688,2.683
35479,68,0.645,1.002,1.232
35480,68,0.313,0.968,0.934
35482,68,1.457,1.764,1.711
35483,68,1.628,2.410,2.336
35485,68,2.351,2.473,3.055
35487,68,3.280,3.910,3.944
35492,66,2.576,3.299,3.265
35495,66,1.911,2.644,2.556
35496,66,1.647,2.278,2.102
35498,66,0.205,0.943,0.992
35500,66,0.435,1.129,1.022
35501,66,0.552,1.266,1.207
35503,66,0.997,1.686,1.779
35504,66,1.755,2.551,2.454
35506,66,2.014,2.664,2.776
35508,66,3.314,4.081,4.106
35509,66,3.084,3.798,3.754
35514,63,2.263,2.830,2.771
35527,63,3.500,4.037,4.052
35528,63,3.402,3.719,3.832
35530,63,4.389,4.765,4.658
35532,63,3.690,3.925,3.807
35538,54,0.078,0.293,0.283
35540,54,0.279,0.308,0.313
35541,54,0.034,0.181,0.147
35551,54,5.000,4.976,5.000
35555,54,4.932,4.330,4.902
35560,51,0.347,0.000,0.230
35561,51,0.347,0.000,0.303
35563,51,0.406,0.000,0.474
35565,51,1.979,1.168,1.804
35566,51,3.152,2.395,3.074
35568,51,5.000,4.487,5.000
35569,51,5.000,4.575,5.000
35571,51,5.000,4.565,5.000
35573,51,5.000,4.516,5.000
35577,51,0.973,0.152,0.924
35583,49,0.567,0.000,0.435
35585,49,2.082,1.261,1.994
35586,49,2.757,2.097,2.840
35588,49,5.000,4.506,5.000
35590,49,5.000,4.604,5.000
35591,49,5.000,4.565,5.000
35593,49,5.000,4.575,5.000
35595,49,4.980,4.223,5.000
35596,49,3.886,3.123,3.763
35598,49,0.973,0.371,0.909
35599,49,0.386,0.000,0.318
35605,45,1.862,1.202,1.779
35606,45,2.796,2.336,2.810
35608,45,4.892,4.418,4.888
35609,45,5.000,4.824,5.000
35611,45,5.000,4.863,5.000
35613,45,5.000,4.790,5.000
35617,45,0.533,0.078,0.288
35619,45,0.274,0.044,0.010
35620,45,0.000,0.000,0.000
35623,45,0.000,0.000,0.000
35628,39,4.868,4.868,4.897
35629,39,4.946,5.000,5.000
35631,39,5.000,5.000,5.000
35633,39,5.000,5.000,5.000
35634,39,4.795,4.883,4.902
35636,39,3.480,3.416,3.460
35637,39,0.083,0.000,0.029
35639,39,0.034,0.054,0.000
35641,39,0.000,0.000,0.000
35642,39,0.000,0.000,0.000
35643,39,0.000,0.000,0.000
35645,39,1.457,1.266,1.241
35650,38,5.000,5.000,5.000
35652,38,5.000,5.000,5.000
35653,38,4.897,5.000,5.000
35658,38,0.068,0.655,0.552
35659,38,0.000,0.210,0.196
35661,38,0.000,0.298,0.249
35662,38,0.000,0.391,0.323
35665,38,0.122,0.782,1.139
35667,38,1.222,1.843,2.004
35668,38,4.047,4.858,4.785
35673,38,4.164,5.000,5.000
35675,38,3.109,4.150,3.988
35677,38,1.417,2.366,2.175
35678,38,0.000,0.987,0.934
35680,38,0.000,0.948,0.890
35681,38,0.000,0.958,0.919
35683,38,0.000,1.002,0.924
35684,38,0.073,1.178,1.153
35686,38,0.894,2.014,1.950
35688,38,3.749,4.775,4.961
35689,38,4.140,5.000,5.000
35697,43,0.000,0.503,0.508
35699,43,0.000,0.371,0.352
35700,43,0.000,0.225,0.186
35702,43,0.000,0.059,0.049
35703,43,0.411,0.782,0.650
35705,43,1.647,1.642,1.618
35708,43,4.531,4.418,4.633
35709,43,4.751,4.741,4.971
35711,43,5.000,4.844,5.000
35713,43,5.000,4.594,5.000
35718,54,1.364,0.068,1.266
35719,54,1.080,0.000,0.973
35721,54,1.129,0.000,1.134
35722,54,1.310,0.000,1.173
35724,54,2.380,0.958,2.155
35726,54,3.309,1.901,3.319
35727,54,5.000,3.592,5.000
35729,54,5.000,3.583,5.000
35733,54,5.000,3.558,5.000
35735,54,4.497,2.678,4.159
35740,63,1.823,0.288,1.711
35742,63,2.639,1.329,2.561
35743,63,3.084,1.921,3.231
35745,63,3.969,2.864,4.008
35747,63,5.000,4.198,5.000
35748,63,4.888,3.856,4.868
35751,63,5.000,4.267,5.000
35753,63,4.335,3.451,4.047
35754,63,3.587,3.152,3.485
35756,63,2.727,2.214,2.678
35757,63,1.320,0.929,1.285
35759,63,1.720,1.481,1.505
35764,72,2.571,2.537,2.532
35766,72,2.478,2.683,2.713
35775,72,1.652,2.302,2.243
35779,72,0.083,0.904,0.894
35781,72,0.557,1.403,1.408
35789,70,3.001,4.086,3.930
35791,70,2.419,3.504,3.519
35793,70,2.185,3.309,3.260
35795,70,1.461,2.473,2.664
35797,70,1.007,2.126,2.151
35798,70,0.073,1.349,1.315
35800,70,0.000,0.997,0.973
35801,70,0.303,1.549,1.447
35803,70,0.606,1.760,1.735
35808,65,2.375,3.583,3.548
35810,65,3.030,4.110,4.101
35811,65,2.634,3.578,3.568
35813,65,2.346,3.470,3.338
35815,65,1.520,2.595,2.483
35816,65,1.129,1.906,1.926
35818,65,0.332,1.359,1.134
35819,65,0.000,0.709,0.679
35821,65,0.420,1.212,1.188
35825,65,1.955,2.639,2.644
35831,62,3.925,4.370,4.394
35832,62,3.793,4.159,4.076
35835,62,2.908,3.333,3.260
35837,62,2.023,2.092,2.224
35838,62,0.112,0.235,0.210
35840,62,0.000,0.000,0.000
35841,62,0.000,0.000,0.000
35843,62,0.000,0.000,0.005
35844,62,0.640,0.689,0.958
35846,62,2.283,1.838,2.111
35847,62,4.687,4.194,4.629
35849,62,4.917,4.448,5.000
35854,53,5.000,4.457,4.971
35856,53,4.384,3.392,4.291
35857,53,0.826,0.000,0.806
35859,53,0.855,0.000,0.758
35861,53,0.787,0.000,0.718
35865,53,2.654,1.457,2.478
35866,53,4.497,3.377,4.717
35868,53,5.000,4.032,5.000
35870,53,5.000,4.052,5.000
35871,53,5.000,4.032,5.000
35878,47,2.009,0.973,1.804
35879,47,2.077,0.694,1.740
35881,47,1.070,0.000,1.031
35882,47,0.958,0.000,1.022
35884,47,0.938,0.000,1.095
35885,47,2.717,1.608,2.678
35887,47,4.599,3.485,4.702
35889,47,5.000,4.101,5.000
35890,47,5.000,4.252,5.000
35892,47,5.000,4.311,5.000
35894,47,5.000,4.316,5.000
35899,38,1.295,0.538,1.105
35900,38,0.562,0.000,0.401
35905,38,1.848,1.300,1.818
35906,38,2.898,2.527,2.977
35908,38,4.927,4.428,4.668
35910,38,5.000,5.000,5.000
35911,38,5.000,5.000,5.000
35913,38,5.000,5.000,5.000
35914,38,4.101,4.018,4.042
35916,38,3.040,2.908,2.791
35922,35,0.000,0.000,0.000
35924,35,0.000,0.000,0.005
35925,35,1.061,1.232,1.256
35927,35,2.239,2.375,2.551
35928,35,4.575,4.541,4.423
35930,35,5.000,5.000,5.000
35932,35,5.000,5.000,5.000
35933,35,5.000,5.000,5.000
35935,35,3.930,3.993,4.189
35936,35,2.493,2.747,2.747
35938,35,0.000,0.396,0.479
35946,35,1.378,2.190,1.999
35948,35,4.057,4.467,4.663
35949,35,4.570,5.000,5.000
35951,35,4.536,5.000,5.000
35953,35,4.428,5.000,5.000
35954,35,3.578,4.340,4.467
35956,35,2.322,2.908,2.967
35957,35,0.000,0.973,0.934
35959,35,0.000,0.875,0.831
35961,35,0.000,0.914,0.890
35967,35,0.978,2.346,2.429
35968,35,3.319,4.604,4.589
35970,35,3.871,5.000,5.000
35972,35,3.891,5.000,5.000
35973,35,3.871,5.000,5.000
35975,35,2.854,4.272,4.247
35977,35,1.354,2.810,2.654
35978,35,0.000,1.217,1.398
35982,35,0.000,1.080,1.056
35984,35,0.000,1.002,1.051
35989,46,4.472,5.000,5.000
35991,46,4.550,5.000,5.000
35992,46,4.629,5.000,5.000
35994,46,4.062,4.433,4.453
36003,46,0.846,0.327,1.217
36012,51,5.000,4.252,5.000
36014,51,5.000,4.184,5.000
36015,51,4.980,3.812,4.976
36017,51,2.771,1.569,2.576
36019,51,2.077,0.934,1.931
36020,51,0.987,0.000,0.826
36022,51,1.031,0.000,0.865
36023,51,1.486,0.362,1.647
36025,51,3.490,2.263,3.412
36027,51,4.521,3.407,4.677
36028,51,5.000,4.101,5.000
36036,64,2.825,1.848,2.678
36038,64,1.672,1.002,1.789
36039,64,0.826,0.196,0.816
36041,64,1.569,0.997,1.579
36043,64,2.126,1.452,1.960
36044,64,3.167,2.962,3.089
36046,64,3.451,3.118,3.284
36047,64,4.218,3.793,4.125
36050,64,4.702,4.438,4.599
36052,64,4.047,3.680,3.895
36053,64,3.578,3.397,3.368
36059,66,1.432,1.579,1.530
36060,66,0.787,0.797,0.963
36062,66,1.378,1.457,1.505
36063,66,1.911,1.896,1.945
36065,66,2.483,2.561,2.634
36067,66,3.089,3.328,3.338
36068,66,3.206,3.485,3.319
36070,66,3.832,4.042,4.022
36074,66,2.400,2.581,2.796
36080,70,0.640,0.963,0.953
36081,70,1.173,1.603,1.535
36083,70,1.422,1.945,1.862
36084,70,2.087,2.522,2.542
36086,70,2.429,2.913,2.972
36088,70,3.016,3.421,3.348
36089,70,3.412,3.983,4.008
36092,70,2.771,3.353,3.470
36094,70,2.532,3.138,3.084
36095,70,1.838,2.429,2.444
36097,70,1.388,2.019,1.921
36098,70,0.699,1.520,1.623
36104,64,1.100,2.048,1.926
36105,64,1.901,2.796,2.669
36107,64,2.693,3.578,3.534
36109,64,2.683,3.607,3.553
36110,64,3.617,4.492,4.511
36114,64,1.838,2.659,2.849
36116,64,1.129,2.102,2.111
36118,64,0.000,0.855,0.743
36119,64,0.000,0.626,0.630
36124,64,1.466,2.190,2.019
36126,64,2.380,3.109,3.109
36128,64,3.910,4.594,4.541
36129,64,4.824,5.000,5.000
36131,64,4.883,5.000,5.000
36134,64,5.000,5.000,5.000
36135,64,4.218,4.443,4.198
36137,64,2.664,2.830,2.615
36138,64,0.386,0.415,0.337
36140,64,0.000,0.000,0.000
36141,64,0.000,0.000,0.000
36143,64,0.132,0.000,0.054
36148,54,5.000,4.384,4.892
36150,54,5.000,4.321,5.000
36154,54,5.000,3.949,5.000
36156,54,5.000,3.685,5.000
36157,54,1.525,0.000,1.427
36159,54,1.584,0.000,1.378
36160,54,1.500,0.000,1.393
36162,54,1.608,0.000,1.457
36164,54,1.735,0.000,2.028
36165,54,3.485,1.711,3.548
36170,45,5.000,3.245,5.000
36172,45,5.000,3.236,5.000
36174,45,5.000,3.201,5.000
36175,45,5.000,3.211,4.995
36178,45,2.067,0.010,1.769
36179,45,2.004,0.000,1.706
36181,45,1.779,0.000,1.676
36183,45,1.740,0.000,1.657
36184,45,1.935,0.200,2.366
36186,45,3.587,1.637,3.441
36236,23,1.188,3.617,3.514
36237,23,0.000,2.463,2.434
36239,23,0.000,2.576,2.542
36241,23,0.000,2.664,2.620
36242,23,0.000,2.717,2.654
36244,23,0.000,2.688,2.786
36245,23,0.049,2.805,2.776
36247,23,1.593,4.321,4.389
36249,23,1.755,4.404,4.399
36250,23,2.586,5.000,5.000
36252,23,2.732,5.000,5.000
36253,23,2.849,5.000,5.000
36255,23,1.662,3.583,3.558
36260,41,0.000,0.772,0.718
36263,41,0.000,0.396,0.313
36272,41,5.000,3.631,5.000
36276,41,5.000,2.928,5.000
36278,41,2.532,0.068,2.478
36283,55,2.600,0.020,2.556
36288,55,5.000,2.439,5.000
36289,55,5.000,2.512,5.000
36291,55,5.000,2.576,5.000
36292,55,5.000,2.674,5.000
36294,55,5.000,2.649,5.000
36296,55,4.497,2.067,4.233
36297,55,2.067,0.015,2.014
36299,55,1.891,0.000,1.750
36300,55,2.004,0.073,1.730
36307,73,4.614,3.328,4.756
36308,73,5.000,4.091,5.000
36310,73,5.000,4.335,5.000
36312,73,5.000,4.448,5.000
36313,73,4.761,3.944,4.668
36315,73,3.446,2.845,2.967
36316,73,2.092,1.857,1.979
36318,73,0.386,0.352,0.367
36320,73,0.000,0.000,0.000
36324,73,1.750,1.940,2.336
36329,76,3.456,4.472,4.501
36331,76,3.021,3.891,3.969
36332,76,2.209,3.236,3.524
36334,76,1.369,2.678,2.493
36336,76,0.963,2.160,2.067
36337,76,0.000,1.422,1.486
36339,76,0.000,1.496,1.564
36340,76,0.000,1.657,1.613
36342,76,0.000,1.711,1.774
36343,76,0.264,2.434,2.644
36345,76,0.982,2.928,2.815
36351,73,1.901,4.135,4.047
36353,73,1.554,3.519,3.495
36355,73,0.484,2.713,2.805
36356,73,0.049,2.224,2.195
36358,73,0.000,2.126,2.063
36359,73,0.000,2.111,2.023
36364,73,0.000,1.911,1.931
36365,73,0.953,2.703,2.654
36367,73,2.268,4.213,4.101
36368,73,2.561,4.291,4.374
36374,68,2.429,3.573,3.480
36375,68,1.442,2.517,2.537
36377,68,0.000,0.503,0.513
36379,68,0.000,0.293,0.303
36380,68,0.000,0.020,0.000
36382,68,0.000,0.000,0.000
36383,68,0.000,0.000,0.000
36384,68,1.163,1.031,1.339
36386,68,2.815,2.488,2.849
36388,68,5.000,4.516,5.000
36390,68,5.000,4.541,5.000
36392,68,5.000,4.340,5.000
36397,53,2.674,1.290,2.239
36399,53,1.779,0.352,1.774
36400,53,1.305,0.000,1.178
36405,53,2.849,1.119,2.468
36406,53,3.788,2.087,3.886
36408,53,5.000,3.475,5.000
36410,53,5.000,3.441,5.000
36411,53,5.000,3.407,5.000
36413,53,5.000,3.426,5.000
36414,53,5.000,3.446,5.000
36420,41,1.642,0.000,1.476
36421,41,1.579,0.000,1.452
36423,41,1.535,0.000,1.393
36424,41,2.581,1.056,2.761
36426,41,3.905,2.400,4.066
36428,41,5.000,3.675,5.000
36429,41,5.000,3.773,5.000
36431,41,5.000,3.822,5.000
36433,41,5.000,3.920,5.000
36435,41,5.000,4.037,5.000
36437,41,4.467,3.094,4.257
36445,32,1.564,0.758,1.662
36446,32,2.713,1.994,2.713
36448,32,5.000,4.795,5.000
36449,32,5.000,4.946,5.000
36451,32,5.000,5.000,5.000
36453,32,5.000,5.000,5.000
36454,32,4.604,4.409,4.413
36456,32,3.226,3.270,3.226
36458,32,0.000,0.000,0.000
36459,32,0.000,0.000,0.000
36464,22,0.562,0.816,0.850
36466,22,1.276,1.931,1.975
36467,22,4.550,5.000,5.000
36469,22,4.629,5.000,5.000
36471,22,4.472,5.000,5.000
36472,22,4.360,5.000,5.000
36475,22,3.695,4.697,4.413
36476,22,2.292,3.431,3.328
36481,22,0.000,1.212,1.188
36482,22,0.000,1.315,1.281
36488,29,3.402,5.000,5.000
36489,29,3.109,5.000,5.000
36491,29,3.245,5.000,5.000
36500,29,0.000,2.038,1.970
36504,29,0.000,1.979,2.033
36509,34,3.514,5.000,5.000
36511,34,3.627,5.000,5.000
36513,34,3.749,5.000,5.000
36514,34,2.928,4.238,4.037
36516,34,1.623,2.678,2.498
36519,34,0.000,0.753,0.748
36520,34,0.000,0.386,0.318
36522,34,0.000,0.083,0.093
36523,34,0.000,0.000,0.000
36525,34,1.046,1.065,0.973
36526,34,2.151,1.740,2.048
36534,52,5.000,3.798,5.000
36536,52,5.000,3.475,5.000
36537,52,2.336,0.293,1.720
36539,52,1.720,0.000,1.686
36541,52,1.931,0.000,1.735
36542,52,1.857,0.000,1.779
36544,52,2.312,0.425,2.849
36545,52,3.920,1.891,3.905
36547,52,5.000,3.016,5.000
36549,52,5.000,3.040,5.000
36550,52,5.000,3.045,5.000
36555,62,5.000,3.143,4.917
36557,62,1.755,0.000,1.730
36559,62,1.857,0.000,1.564
36561,62,1.618,0.000,1.417
36563,62,1.466,0.000,1.417
36564,62,1.764,0.469,2.048
36566,62,3.192,1.774,3.128
36568,62,5.000,3.930,5.000
36572,62,5.000,4.409,5.000
36573,62,5.000,4.521,5.000
36579,71,0.376,0.132,0.337
36580,71,0.000,0.000,0.000
36582,71,0.000,0.000,0.000
36583,71,0.484,0.591,0.792
36585,71,2.302,2.561,2.546
36586,71,3.421,3.803,4.057
36588,71,4.272,4.658,4.717
36590,71,4.682,5.000,5.000
36591,71,4.218,4.927,4.922
36593,71,3.402,4.374,4.189
36595,71,1.628,2.654,2.527
36600,75,0.000,1.241,1.183
36601,75,0.000,1.334,1.334
36604,75,0.000,1.598,1.500
36606,75,1.163,2.849,2.815
36607,75,2.483,4.086,4.252
36611,75,3.172,5.000,5.000
36613,75,3.065,4.946,5.000
36615,75,1.261,3.245,3.309
36616,75,0.191,2.155,2.092
36618,75,0.000,2.014,1.999
36623,66,0.000,1.896,1.823
36625,66,0.000,1.848,1.789
36626,66,0.445,2.361,2.322
36628,66,3.226,4.888,5.000
36630,66,3.768,5.000,5.000
36631,66,3.935,5.000,5.000
36633,66,4.047,5.000,5.000
36634,66,3.900,4.472,4.506
36636,66,2.165,2.625,2.776
36638,66,0.000,0.308,0.469
36639,66,0.000,0.000,0.000
36641,66,0.000,0.000,0.000
36647,58,3.221,2.278,2.908
36651,58,5.000,3.822,5.000
36653,58,5.000,3.617,5.000
36654,58,5.000,3.382,5.000
36656,58,5.000,3.192,4.951
36657,58,2.209,0.000,1.916
36659,58,2.732,0.000,2.263
36661,58,2.180,0.000,2.028
36662,58,2.488,0.191,2.366
36664,58,2.532,0.000,2.625
36669,45,5.000,2.502,5.000
36671,45,5.000,2.537,5.000
36672,45,5.000,2.532,5.000
36674,45,5.000,2.542,5.000
36676,45,5.000,2.571,5.000
36677,45,2.517,0.000,2.346
36679,45,2.566,0.000,2.243
36680,45,2.180,0.000,2.077
36682,45,2.429,0.000,1.999
36683,45,2.586,0.352,2.209
36692,32,5.000,3.876,5.000
36694,32,5.000,4.071,5.000
36696,32,4.976,3.974,4.980
36697,32,1.794,0.890,1.540
36699,32,1.036,0.479,1.075
36700,32,0.034,0.000,0.059
36702,32,0.000,0.000,0.000
36703,32,0.000,0.000,0.000
36705,32,1.320,1.349,1.505
36706,32,2.268,2.654,2.732
36708,32,4.062,4.726,4.717
36713,21,3.895,5.000,5.000
36715,21,2.165,3.480,3.514
36725,21,0.000,2.458,2.424
36729,21,2.361,5.000,5.000
36731,21,2.190,5.000,5.000
36736,27,0.000,3.231,3.338
36738,27,0.000,3.231,3.172
36742,27,0.000,3.055,2.996
36744,27,0.000,2.918,2.923
36745,27,0.000,2.747,2.732
36747,27,1.544,4.140,4.179
36749,27,2.410,4.663,4.712
36750,27,3.328,5.000,5.000
36752,27,3.715,5.000,5.000
36753,27,4.223,5.000,5.000
36759,43,0.391,0.000,0.239
36760,43,0.762,0.000,0.591
36762,43,1.251,0.000,1.095
36763,43,1.574,0.122,1.564
36765,43,3.705,1.701,3.715
36767,43,5.000,2.859,5.000
36768,43,5.000,2.615,5.000
36770,43,5.000,2.449,5.000
36771,43,5.000,2.326,5.000
36774,43,5.000,2.268,5.000
36782,61,2.517,0.000,2.380
36784,61,2.507,0.059,2.385
36785,61,4.316,2.033,4.326
36787,61,5.000,3.050,5.000
36789,61,5.000,3.260,5.000
36790,61,5.000,3.490,5.000
36792,61,5.000,3.715,5.000
36793,61,5.000,3.974,5.000
36795,61,4.257,3.109,4.008
36797,61,2.361,1.281,2.023
36798,61,0.934,0.489,0.958
36804,73,0.587,0.660,0.860
36805,73,2.107,2.512,2.468
36807,73,4.257,4.756,4.883
36808,73,4.052,4.526,4.594
36810,73,4.682,5.000,5.000
36812,73,4.438,5.000,4.936
36813,73,3.382,4.438,4.277
36819,73,0.000,1.129,1.149
36820,73,0.000,1.256,1.197
36822,73,0.000,1.334,1.354
36827,74,2.253,4.218,4.135
36829,74,2.874,4.697,4.545
36830,74,3.270,5.000,5.000
36832,74,2.766,4.892,4.741
36833,74,2.019,3.949,3.978
36835,74,0.445,2.551,2.566
36837,74,0.000,1.975,1.940
36838,74,0.127,1.935,1.945
36840,74,0.000,1.887,1.882
36841,74,0.000,1.843,1.794
36843,74,0.000,1.774,1.828
36844,74,0.733,2.537,2.444
36850,67,3.759,5.000,5.000
36851,67,3.416,4.853,4.829
36853,67,2.644,3.949,3.978
36855,67,1.760,2.678,2.693
36860,67,0.000,0.367,0.308
36862,67,0.000,0.205,0.161
36863,67,0.000,0.000,0.020
36865,67,0.973,1.290,1.383
36866,67,1.848,1.686,1.701
36868,67,5.000,5.000,5.000
36873,56,5.000,4.687,5.000
36875,56,5.000,4.286,5.000
36876,56,4.003,2.908,3.905
36878,56,0.987,0.024,1.061
36879,56,0.850,0.000,0.743
36881,56,0.919,0.000,0.865
36883,56,0.992,0.000,0.924
36884,56,2.224,1.022,2.165
36886,56,3.236,1.896,3.055
36887,56,5.000,3.851,5.000
36889,56,5.000,3.842,5.000
36894,47,5.000,3.651,5.000
36908,47,5.000,3.812,5.000
36909,47,5.000,3.803,5.000
36911,47,5.000,3.871,5.000
36912,47,5.000,3.925,5.000
36918,37,1.251,0.000,1.134
36919,37,0.890,0.000,0.865
36921,37,0.806,0.000,0.660
36922,37,0.826,0.000,0.621
36924,37,1.774,0.733,1.764
36925,37,2.937,2.195,2.801
36927,37,5.000,4.692,5.000
36929,37,5.000,4.736,5.000
36930,37,5.000,4.976,5.000
36932,37,5.000,4.892,5.000
36934,37,4.687,4.477,4.638
36939,25,0.000,0.000,0.000
36940,25,0.000,0.000,0.000
36942,25,0.000,0.083,0.044
36947,25,2.473,3.245,3.314
36949,25,3.788,4.462,4.472
36950,25,4.443,5.000,5.000
36952,25,4.316,5.000,5.000
36965,34,0.000,2.151,2.067
36969,34,3.196,5.000,5.000
36971,34,3.196,5.000,5.000
36972,34,3.123,4.990,4.971
36974,34,2.067,4.335,4.076
36976,34,1.022,3.016,2.933
36977,34,0.000,1.887,1.838
36979,34,0.000,1.843,1.774
36980,34,0.000,1.701,1.657
36985,39,1.241,2.595,2.595
36988,39,4.140,5.000,5.000
36990,39,4.487,5.000,5.000
36991,39,4.643,5.000,5.000
36993,39,4.355,4.717,4.638
36995,39,3.368,3.280,3.236
36999,39,1.281,0.371,1.173
37000,39,0.753,0.000,0.704
37002,39,1.168,0.000,1.022
37007,52,5.000,3.548,5.000
37009,52,5.000,3.416,5.000
37010,52,5.000,3.392,5.000
37012,52,5.000,3.353,5.000
37014,52,5.000,3.280,5.000
37015,52,4.536,2.595,4.238
37017,52,2.116,0.068,1.789
37019,52,2.463,0.533,2.297
37020,52,1.779,0.039,1.735
37022,52,2.204,0.587,2.346
37023,52,2.845,1.241,3.182
37025,52,4.404,2.923,4.370
37031,65,5.000,3.915,5.000
37033,65,5.000,4.003,5.000
37035,65,4.526,3.377,4.428
37039,65,1.178,0.396,1.100
37040,65,0.323,0.000,0.269
37042,65,0.450,0.000,0.489
37044,65,1.075,0.811,1.168
37045,65,2.703,2.483,2.600
37047,65,3.983,4.071,4.301
37048,65,4.321,4.663,4.682
37054,68,3.416,3.866,3.470
37055,68,1.965,2.507,2.375
37057,68,0.000,0.313,0.215
37058,68,0.000,0.455,0.528
37060,68,0.000,0.430,0.425
37062,68,0.000,0.621,0.616
37063,68,0.445,1.510,1.075
37065,68,1.637,2.571,2.947
37066,68,2.928,4.022,4.145
37068,68,3.294,4.536,4.384
37070,68,4.062,5.000,5.000
37079,70,0.000,1.422,1.457
37080,70,0.000,1.452,1.461
37082,70,0.000,1.525,1.471
37083,70,0.000,1.525,1.505
37085,70,0.733,2.375,2.571
37086,70,1.315,2.977,2.928
37088,70,3.480,4.980,4.971
37090,70,3.602,5.000,5.000
37091,70,2.864,4.966,4.990
37093,70,2.937,4.467,4.531
37098,63,0.000,1.119,1.109
37100,63,0.000,0.929,0.846
37101,63,0.000,0.753,0.772
37103,63,0.000,0.611,0.621
37104,63,1.691,2.131,2.102
37106,63,2.292,2.703,2.805
37108,63,4.897,5.000,5.000
37109,63,5.000,5.000,5.000
37115,63,4.321,3.954,4.350
37116,63,3.602,2.717,3.543
37121,56,1.500,0.000,1.315
37123,56,1.955,0.093,1.676
37125,56,3.915,2.048,3.851
37126,56,4.599,2.551,4.614
37128,56,5.000,2.952,5.000
37129,56,5.000,2.805,5.000
37131,56,5.000,2.703,5.000
37133,56,5.000,2.620,5.000
37134,56,5.000,2.571,5.000
37136,56,5.000,2.439,4.956
37138,56,2.615,0.000,2.473
37143,44,2.561,0.000,2.439
37144,44,4.438,1.896,4.247
37146,44,5.000,2.581,5.000
37148,44,5.000,2.732,5.000
37149,44,5.000,2.874,5.000
37151,44,5.000,3.035,5.000
37155,44,4.902,3.167,4.883
37158,44,1.755,0.000,1.452
37159,44,1.984,0.401,1.647
37161,44,0.953,0.000,0.982
37166,27,2.698,2.268,2.805
37168,27,5.000,5.000,5.000
37169,27,5.000,5.000,5.000
37171,27,5.000,5.000,5.000
37173,27,4.892,5.000,5.000
37174,27,3.666,4.198,4.154
37176,27,2.405,3.162,2.947
37177,27,0.000,0.748,0.728
37191,19,2.654,5.000,5.000
37195,19,0.587,3.333,3.402
37196,19,0.000,2.933,2.864
37198,19,0.000,2.986,2.933
37199,19,0.000,3.040,2.977
37202,19,0.000,3.025,3.001
37244,51,3.338,0.973,3.324
37246,51,4.853,2.698,4.629
37247,51,5.000,3.211,5.000
37249,51,5.000,3.280,5.000
37251,51,5.000,3.441,5.000
37252,51,5.000,3.534,5.000
37258,68,1.002,0.000,0.948
37259,68,1.329,0.122,1.237
37261,68,0.850,0.000,0.596
37262,68,2.014,0.997,1.657
37264,68,2.209,1.364,2.278
37265,68,2.688,3.069,2.962
37267,68,5.000,4.971,5.000
37269,68,4.076,4.467,4.125
37270,68,5.000,5.000,5.000
37272,68,4.208,4.189,3.646
37274,68,3.426,3.436,3.509
37279,66,0.000,0.200,0.313
37283,66,0.547,1.119,1.256
37286,66,1.701,2.761,2.776
37287,66,3.343,4.316,4.355
37289,66,3.201,4.228,4.282
37291,66,4.252,5.000,5.000
37292,66,3.372,4.423,4.360
37294,66,2.385,3.553,3.558
37295,66,1.241,2.424,2.375
37297,66,0.000,1.046,1.051
37302,70,0.469,1.848,1.940
37304,70,0.411,2.053,1.989
37305,70,1.554,2.874,2.849
37307,70,3.221,4.585,4.580
37309,70,2.669,3.866,3.656
37310,70,3.773,5.000,4.907
37312,70,2.644,4.003,3.754
37314,70,2.190,3.338,3.221
37315,70,1.065,2.273,2.385
37317,70,0.000,1.041,1.036
37325,63,1.476,2.341,2.405
37326,63,3.152,4.057,4.008
37329,63,3.431,4.301,4.267
37331,63,4.726,5.000,5.000
37332,63,4.624,5.000,5.000
37334,63,3.812,4.467,4.379
37335,63,2.590,2.947,2.786
37337,63,0.987,1.070,0.831
37339,63,0.435,0.665,0.562
37340,63,0.000,0.000,0.000
37342,63,0.000,0.000,0.000
37347,56,4.301,3.773,4.472
37348,56,5.000,4.526,5.000
37350,56,5.000,4.482,5.000
37352,56,5.000,4.296,5.000
37353,56,5.000,4.242,5.000
37355,56,4.687,3.573,4.633
37357,56,2.991,1.520,2.766
37361,56,1.285,0.000,1.158
37362,56,1.325,0.000,1.227
37364,56,3.299,1.588,3.148
37369,46,5.000,3.519,5.000
37372,46,5.000,3.504,5.000
37373,46,5.000,3.500,5.000
37375,46,4.892,3.353,4.868
37377,46,4.106,2.439,3.783
37378,46,1.950,0.347,1.950
37380,46,1.530,0.000,1.310
37382,46,1.569,0.029,1.413
37383,46,1.994,0.298,1.769
37385,46,3.592,2.322,3.685
37386,46,4.345,3.094,4.272
37388,46,5.000,3.900,5.000
37393,36,5.000,4.262,5.000
37395,36,3.920,2.864,3.695
37397,36,2.517,1.564,2.322
37401,36,0.332,0.010,0.200
37402,36,0.626,0.430,0.538
37404,36,2.038,2.160,2.048
37406,36,2.414,2.532,2.590
37407,36,4.946,5.000,5.000
37409,36,4.936,5.000,5.000
37415,28,2.962,3.744,3.622
37417,28,1.774,2.542,2.326
37418,28,0.000,0.987,0.855
37420,28,0.000,0.963,0.919
37421,28,0.000,1.095,1.070
37423,28,0.000,1.227,1.183
37425,28,0.347,1.613,1.760
37426,28,0.621,2.400,2.478
37428,28,3.436,5.000,5.000
37429,28,3.407,5.000,5.000
37431,28,3.260,5.000,5.000
37433,28,3.167,5.000,5.000
37441,35,0.000,2.028,1.975
37442,35,0.000,2.014,1.940
37444,35,0.005,1.989,1.916
37453,35,2.957,4.159,3.998
37462,45,0.288,0.039,0.283
37464,45,0.929,0.582,1.256
37465,45,3.045,2.278,3.001
37467,45,4.179,3.123,4.213
37468,45,5.000,3.812,5.000
37470,45,5.000,3.944,5.000
37472,45,5.000,3.773,5.000
37473,45,5.000,3.680,5.000
37475,45,4.653,2.835,4.370
37476,45,3.768,1.950,3.412
37478,45,2.243,0.655,2.302
37483,57,2.937,1.329,2.761
37485,57,4.345,2.791,4.174
37487,57,5.000,3.807,5.000
37488,57,5.000,3.886,5.000
37493,57,5.000,4.125,5.000
37494,57,3.900,2.923,3.866
37496,57,2.937,2.048,2.576
37497,57,1.056,0.371,1.188
37500,57,0.191,0.000,0.171
37502,57,0.929,0.464,0.616
37507,68,3.392,3.402,3.592
37508,68,4.223,4.374,4.438
37510,68,5.000,5.000,5.000
37512,68,4.018,4.389,4.379
37513,68,3.475,3.788,3.832
37515,68,2.033,2.419,2.361
37517,68,1.114,1.608,1.466
37518,68,0.318,0.767,0.743
37520,68,0.000,0.371,0.283
37521,68,0.367,0.968,0.841
37523,68,0.738,1.359,1.202
37528,71,3.265,3.754,3.773
37533,71,2.473,3.656,3.573
37534,71,1.769,2.962,3.035
37536,71,0.948,2.048,2.107
37537,71,0.000,1.149,0.963
37539,71,0.000,0.855,0.836
37542,71,0.000,1.149,1.109
37543,71,0.415,1.466,1.398
37545,71,1.613,2.576,2.424
37546,71,1.681,2.737,2.732
37552,68,3.138,4.164,4.247
37553,68,2.962,3.793,3.685
37555,68,1.935,2.737,2.620
37557,68,1.095,1.994,1.950
37558,68,0.000,0.733,0.777
37560,68,0.000,0.513,0.499
37561,68,0.000,0.411,0.606
37563,68,0.196,0.718,0.699
37564,68,1.750,2.351,2.190
37569,68,3.925,4.330,4.413
37574,60,3.299,3.206,3.182
37576,60,2.801,2.468,2.634
37577,60,0.132,0.000,0.156
37579,60,0.435,0.000,0.147
37580,60,0.327,0.000,0.196
37582,60,0.753,0.000,0.411
37583,60,1.500,0.787,1.437
37586,60,3.157,2.234,3.084
37588,60,5.000,4.228,5.000
37589,60,5.000,4.159,5.000
37591,60,5.000,4.110,5.000
37596,52,4.453,2.952,4.418
37598,52,1.369,0.000,1.325
37599,52,1.408,0.000,1.320
37601,52,1.442,0.000,1.256
37602,52,1.540,0.000,1.388
37604,52,2.439,0.718,2.527
37606,52,3.935,2.478,3.954
37633,42,5.000,4.912,5.000
37634,42,4.203,3.949,4.008
37636,42,2.630,2.776,2.771
37641,35,0.000,0.098,0.161
37643,35,0.000,0.249,0.264
37644,35,0.992,1.823,1.862
37646,35,1.794,2.532,2.561
37648,35,4.360,5.000,5.000
37649,35,4.340,5.000,5.000
37651,35,4.252,5.000,5.000
37653,35,3.578,4.702,4.858
37654,35,2.234,3.597,3.617
37656,35,1.359,2.664,2.615
37657,35,0.000,1.354,1.383
37659,35,0.000,1.417,1.393
37664,36,0.220,1.877,1.926
37666,36,0.904,2.771,2.727
37667,36,3.094,5.000,4.927
37673,36,3.069,4.741,4.848
37674,36,2.243,4.018,3.954
37676,36,1.012,2.766,2.727
37678,36,0.000,1.393,1.383
37679,36,0.000,1.290,1.285
37681,36,0.000,1.119,1.056
37682,36,0.000,0.914,0.890
37687,44,4.487,5.000,5.000
37689,44,4.673,4.888,4.790
37691,44,5.000,5.000,5.000
37692,44,4.619,4.448,4.565
37702,44,2.004,0.934,2.107
37710,56,5.000,3.847,5.000
37711,56,5.000,3.798,5.000
37714,56,5.000,3.768,4.946
37715,56,3.930,2.590,3.837
37717,56,2.678,1.281,2.361
37719,56,2.092,0.777,2.126
37723,56,2.116,1.051,1.994
37725,56,3.490,2.649,3.597
37726,56,3.978,3.294,3.866
37732,68,4.418,4.057,4.443
37733,68,4.052,3.597,3.671
37735,68,2.586,2.458,2.542
37737,68,1.515,1.613,1.500
37738,68,0.890,1.007,0.919
37740,68,0.015,0.059,0.132
37741,68,1.017,1.109,1.105
37743,68,1.109,1.369,1.417
37744,68,2.258,2.639,2.757
37746,68,2.727,3.104,3.089
37748,68,3.548,4.037,4.022
37749,68,4.179,4.624,4.570
37756,67,1.676,2.395,2.346
37757,67,0.601,1.227,1.090
37759,67,0.679,1.432,1.413
37763,67,0.723,1.569,1.574
37765,67,1.872,2.801,2.766
37766,67,2.028,2.815,2.884
37768,67,3.167,4.062,3.974
37770,67,3.402,4.340,4.277
37771,67,2.796,3.578,3.656
37777,65,0.582,1.720,1.422
37778,65,0.562,1.403,1.408
37780,65,0.000,0.660,0.787
37781,65,0.357,1.207,1.417
37783,65,0.767,1.657,1.623
37785,65,1.872,2.590,2.595
37786,65,2.170,2.933,2.898
37788,65,3.343,4.057,3.822
37789,65,3.822,4.560,4.594
37791,65,3.211,3.847,3.837
37793,65,3.035,3.578,3.724
37794,65,2.116,2.537,2.307
37801,59,0.000,0.000,0.000
37805,59,2.258,2.204,2.126
37806,59,2.810,2.664,2.942
37808,59,4.917,4.751,4.971
37810,59,5.000,5.000,5.000
37811,59,4.971,4.565,4.824
37813,59,4.501,4.032,4.286
37814,59,3.382,3.006,3.289
37816,59,2.688,2.067,2.644
37818,59,0.665,0.064,0.591
37823,54,1.711,0.758,1.598
37825,54,3.143,2.458,3.152
37826,54,3.949,3.118,3.822
37828,54,5.000,4.228,5.000
37829,54,5.000,4.448,5.000
37831,54,5.000,4.443,5.000
37833,54,5.000,4.174,4.966
37834,54,4.076,2.957,3.597
37836,54,2.957,2.136,2.786
37845,46,3.260,2.268,3.172
37847,46,3.905,2.967,3.719
37848,46,5.000,4.433,5.000
37850,46,5.000,4.531,5.000
37852,46,5.000,4.487,5.000
37853,46,5.000,4.526,5.000
37855,46,4.071,3.275,4.208
37856,46,2.933,2.121,2.796
37858,46,1.075,0.342,0.973
37860,46,0.445,0.000,0.411
37861,46,0.674,0.122,0.616
37863,46,1.329,0.670,1.153
37868,39,4.951,4.404,4.902
37870,39,5.000,4.834,5.000
37871,39,5.000,4.692,5.000
37873,39,4.941,4.389,4.692
37874,39,3.392,3.055,3.431
37876,39,2.429,2.072,2.312
37880,39,0.152,0.000,0.108
37883,39,0.523,0.494,0.704
37885,39,1.735,1.906,1.887
37886,39,2.586,2.527,2.571
37892,35,4.697,4.892,4.932
37893,35,4.194,4.614,4.707
37895,35,2.859,3.245,3.309
37896,35,1.896,2.263,2.195
37898,35,0.000,0.499,0.464
37900,35,0.000,0.420,0.386
37901,35,0.000,0.479,0.587
37903,35,0.000,0.718,0.841
37904,35,0.865,1.779,1.872
37906,35,1.667,2.414,2.419
37907,35,4.062,5.000,5.000
37913,39,3.622,4.995,4.971
37914,39,2.322,3.631,3.558
37916,39,0.904,2.429,2.239
37918,39,0.000,1.246,1.251
37922,39,0.156,1.266,1.251
37936,45,1.598,2.258,2.185
37940,45,0.000,0.000,0.000
37941,45,0.503,0.401,0.523
37943,45,1.325,0.909,1.046
37945,45,2.937,2.214,2.830
37946,45,3.685,2.908,3.695
37948,45,5.000,4.218,5.000
37949,45,5.000,4.174,5.000
37951,45,5.000,3.993,5.000
37953,45,5.000,3.866,5.000
37958,55,2.752,1.061,2.639
37960,55,1.901,0.191,1.740
37961,55,2.669,1.153,2.771
37963,55,3.118,1.525,3.089
37964,55,4.301,2.766,4.189
37966,55,4.829,3.299,4.712
37969,55,5.000,3.700,5.000
37973,55,4.756,3.460,4.511
37975,55,3.812,2.620,3.705
37976,55,3.402,2.243,3.148
37982,65,2.111,1.540,2.072
37983,65,2.248,1.828,2.239
37985,65,3.050,2.674,2.977
37987,65,3.280,3.069,3.284
37988,65,3.754,3.719,3.671
37990,65,4.032,4.140,4.125
37991,65,3.368,3.651,3.490
37993,65,3.128,3.338,3.280
37995,65,2.297,2.385,2.454
37996,65,1.725,2.019,1.965
37998,65,1.075,1.569,1.442
38003,65,1.369,2.053,2.063
38005,65,2.028,2.693,2.742
38006,65,2.517,3.500,3.426
38008,65,2.620,3.382,3.289
38013,65,2.307,3.211,3.265
38015,65,1.525,2.532,2.542
38017,65,1.193,2.243,2.175
38018,65,0.279,1.349,1.466
38020,65,0.000,1.149,0.973
38021,65,0.376,1.613,1.544
38027,69,1.872,3.055,3.172
38028,69,2.278,3.504,3.412
38030,69,2.903,3.978,3.998
38032,69,2.258,3.416,3.431
38033,69,2.131,3.084,3.074
38035,69,1.344,2.414,2.405
38036,69,0.948,1.818,1.813
38038,69,0.367,1.466,1.417
38040,69,0.000,0.831,0.914
38041,69,0.479,1.344,1.344
38043,69,0.772,1.598,1.569
38048,59,3.157,3.690,3.666
38052,59,3.451,3.592,3.568
38055,59,2.634,2.693,2.630
38057,59,2.116,1.994,2.023
38058,59,0.758,0.503,0.811
38060,59,0.479,0.117,0.430
38061,59,1.134,0.782,1.065
38063,59,1.554,1.056,1.496
38065,59,2.913,2.312,2.884
38066,59,3.514,2.849,3.480
38072,52,5.000,4.125,5.000
38073,52,4.956,3.905,4.902
38075,52,3.710,2.698,3.705
38076,52,3.089,1.838,2.835
38078,52,2.067,0.738,1.984
38080,52,1.261,0.000,1.085
38081,52,1.887,0.543,1.755
38083,52,2.380,0.846,2.248
38084,52,3.812,2.493,3.812
38086,52,4.541,2.981,4.316
38094,44,4.594,3.148,4.242
38097,44,3.715,2.155,3.372
38098,44,1.960,0.591,1.872
38100,44,1.339,0.000,1.276
38102,44,2.014,0.484,1.862
38103,44,2.434,1.061,2.224
38105,44,3.768,2.341,3.504
38106,44,4.145,2.879,3.998
38108,44,5.000,4.150,5.000
38110,44,5.000,4.262,5.000
38111,44,5.000,4.267,5.000
38117,32,2.742,2.053,2.463
38118,32,1.369,0.787,1.388
38120,32,0.386,0.000,0.196
38121,32,0.811,0.455,0.797
38123,32,1.012,0.806,1.075
38124,32,2.458,2.468,2.498
38126,32,2.825,2.933,2.977
38130,32,4.770,4.995,4.892
38132,32,4.106,4.252,4.086
38134,32,3.133,3.416,3.324
38140,32,0.000,0.440,0.327
38142,32,0.000,0.499,0.513
38143,32,0.083,0.894,0.816
38145,32,1.124,2.087,2.214
38146,32,1.686,2.620,2.786
38148,32,3.851,4.946,4.883
38150,32,3.915,5.000,5.000
38163,38,0.000,1.525,1.515
38167,38,2.058,3.925,3.983
38168,38,2.346,4.360,4.330
38170,38,3.558,5.000,5.000
38172,38,3.006,4.663,4.614
38173,38,2.219,3.930,3.905
38175,38,0.836,2.556,2.473
38176,38,0.000,1.246,1.266
38185,42,1.642,2.322,2.478
38187,42,2.752,3.284,3.324
38189,42,3.861,4.052,4.091
38190,42,5.000,5.000,5.000
38192,42,4.462,4.330,4.350
38193,42,4.110,3.729,4.027
38195,42,3.157,2.683,3.025
38197,42,2.454,1.764,2.180
38198,42,1.735,0.919,1.725
38200,42,0.997,0.000,0.772
38201,42,1.691,0.611,1.774
38207,55,5.000,3.847,5.000
38208,55,5.000,3.656,5.000
38210,55,5.000,3.822,5.000
38212,55,5.000,3.759,5.000
38213,55,5.000,3.475,4.873
38215,55,4.091,2.620,3.822
38216,55,2.674,1.320,2.542
38218,55,2.742,1.012,2.512
38222,55,2.713,1.300,2.537
38225,55,3.935,2.634,3.695
38230,63,5.000,4.448,5.000
38232,63,4.629,3.842,4.501
38234,63,4.101,3.421,3.939
38235,63,3.079,2.434,2.845
38237,63,2.063,1.706,1.970
38238,63,1.642,1.486,1.681
38240,63,0.826,0.733,0.850
38242,63,1.486,1.452,1.471
38243,63,1.642,1.794,1.691
38245,63,2.468,2.659,2.693
38246,63,2.879,3.040,3.050
38252,70,3.109,3.456,3.402
38253,70,2.581,3.025,3.001
38255,70,1.872,2.361,2.346
38257,70,0.958,1.373,1.413
38258,70,1.158,1.613,1.603
38300,60,0.587,1.188,1.266
38302,60,1.261,1.891,1.823
38304,60,1.784,2.542,2.405
38305,60,2.160,2.776,2.781
38307,60,3.358,3.886,3.983
38308,60,3.055,3.612,3.636
38311,60,3.719,4.047,4.150
38313,60,2.884,3.280,3.353
38314,60,2.561,2.893,2.937
38316,60,1.940,2.175,2.170
38321,58,0.557,0.640,0.748
38323,58,1.193,1.197,1.222
38324,58,2.346,2.326,2.576
38326,58,2.845,2.693,2.810
38328,58,5.000,4.956,4.990
38329,58,5.000,4.692,5.000
38331,58,5.000,4.780,5.000
38333,58,4.717,4.291,4.614
38349,53,5.000,4.247,5.000
38350,53,5.000,4.374,5.000
38353,53,5.000,4.203,5.000
38354,53,4.834,3.817,4.477
38356,53,3.641,2.625,3.539
38358,53,1.711,0.420,1.500
38359,53,2.014,0.909,1.833
38361,53,0.914,0.024,0.860
38366,46,3.641,2.507,3.622
38368,46,5.000,4.169,5.000
38369,46,5.000,4.233,5.000
38371,46,5.000,4.189,5.000
38373,46,5.000,4.208,5.000
38374,46,4.697,3.465,4.501
38376,46,3.778,2.703,3.768
38377,46,1.109,0.059,0.973
38379,46,1.227,0.210,1.080
38381,46,0.846,0.000,0.806
38389,36,5.000,4.536,5.000
38390,36,5.000,4.599,5.000
38392,36,5.000,4.497,5.000
38393,36,4.247,3.759,4.057
38396,36,3.074,2.522,2.952
38398,36,0.806,0.430,0.718
38399,36,1.119,0.718,0.894
38401,36,0.083,0.000,0.000
38402,36,0.210,0.122,0.332
38404,36,0.953,0.826,0.880
38406,36,2.307,2.297,2.317
38411,30,4.922,5.000,5.000
38412,30,4.682,5.000,5.000
38414,30,3.788,4.179,4.076
38416,30,2.121,2.815,2.805
38417,30,0.000,0.435,0.430
38419,30,0.000,0.562,0.582
38420,30,0.000,0.704,0.621
38422,30,0.000,0.787,0.821
38439,39,0.000,1.681,1.672
38443,39,0.000,1.647,1.593
38444,39,0.000,1.676,1.979
38446,39,1.403,2.258,2.229
38447,39,2.791,4.497,4.453
38449,39,2.708,4.282,4.228
38451,39,3.983,5.000,5.000
38456,43,2.170,3.001,2.952
38458,43,0.000,0.298,0.259
38459,43,0.000,0.020,0.137
38461,43,0.000,0.000,0.000
38462,43,0.665,0.679,0.875
38464,43,1.310,0.880,1.642
38465,43,3.128,2.659,3.138
38467,43,5.000,4.501,5.000
38469,43,5.000,4.106,4.897
38470,43,5.000,4.154,5.000
38472,43,5.000,4.008,5.000
38481,57,1.325,0.000,1.413
38482,57,2.493,1.002,2.302
38484,57,3.104,1.608,2.996
38486,57,4.208,2.908,4.154
38487,57,5.000,3.837,5.000
38489,57,5.000,3.827,5.000
38490,57,5.000,4.091,5.000
38492,57,5.000,4.057,5.000
38494,57,4.394,3.294,4.296
38495,57,3.363,2.419,3.309
38497,57,2.219,1.359,2.014
38502,66,2.307,2.136,2.141
38504,66,2.527,2.468,2.556
38505,66,3.539,2.977,2.747
38507,66,4.130,4.218,4.257
38509,66,2.981,3.201,3.543
38510,66,3.983,4.169,4.008
38512,66,2.957,2.678,3.328
38516,66,1.256,1.632,1.569
38518,66,1.007,1.398,1.408
38524,67,1.305,1.882,1.970
38526,67,2.146,2.713,2.556
38527,67,3.109,3.842,3.891
38529,67,2.849,3.641,3.548
38531,67,3.573,4.433,4.453
38532,67,2.962,3.783,3.666
38534,67,2.317,3.143,3.221
38536,67,1.642,2.478,2.424
38537,67,0.425,1.285,1.285
38539,67,0.684,1.388,1.388
38540,67,0.000,0.743,0.772
38542,67,0.386,1.334,1.251
38547,68,3.172,3.964,3.969
38549,68,2.766,3.631,3.861
38550,68,3.314,4.086,4.145
38552,68,2.336,3.402,3.592
38554,68,2.268,3.016,2.918
38558,68,0.699,1.422,1.393
38560,68,0.059,0.762,0.635
38561,68,0.831,1.413,1.466
38563,68,1.158,1.779,1.735
38569,59,2.937,3.387,3.358
38571,59,3.451,3.905,3.944
38572,59,3.045,3.319,3.216
38574,59,2.483,2.874,2.947
38576,59,1.994,2.146,2.292
38577,59,1.022,1.197,1.153
38579,59,1.398,1.452,1.447
38580,59,0.616,0.816,0.723
38582,59,1.271,1.334,1.300
38584,59,1.647,1.730,1.789
38585,59,2.771,2.717,2.776
38587,59,3.690,3.539,3.812
38592,55,4.154,3.817,4.238
38594,55,4.037,3.597,3.837
38598,55,1.095,0.420,0.953
38600,55,0.371,0.000,0.293
38601,55,0.464,0.000,0.538
38603,55,0.513,0.000,0.411
38604,55,2.131,1.085,1.764
38606,55,2.801,2.195,2.918
38607,55,5.000,4.370,5.000
38610,55,5.000,4.394,5.000
38615,49,5.000,4.057,4.868
38617,49,3.206,2.033,2.908
38619,49,1.496,0.523,1.461
38620,49,0.743,0.000,0.591
38622,49,0.738,0.000,0.552
38623,49,0.699,0.000,0.543
38625,49,1.823,1.026,1.921
38626,49,3.060,2.146,2.854
38628,49,5.000,4.511,5.000
38630,49,5.000,4.614,5.000
38638,41,0.313,0.073,0.415
38639,41,0.000,0.000,0.000
38641,41,0.000,0.000,0.000
38642,41,0.000,0.000,0.000
38644,41,0.464,0.499,0.371
38645,41,1.603,1.623,1.667
38647,41,4.184,4.365,4.472
38648,41,4.262,4.599,4.721
38651,41,5.000,5.000,5.000
38664,38,0.000,0.459,0.743
38668,38,4.130,5.000,4.990
38670,38,4.653,5.000,5.000
38671,38,4.614,5.000,5.000
38673,38,4.580,5.000,5.000
38675,38,4.027,4.814,4.604
38676,38,2.414,3.162,3.065
38682,41,0.000,0.464,0.445
38683,41,0.000,0.474,0.469
38687,41,4.492,5.000,5.000
38689,41,4.707,5.000,5.000
38691,41,4.624,5.000,5.000
38692,41,4.673,5.000,5.000
38695,41,4.247,4.741,4.633
38696,41,2.986,3.651,3.446
38698,41,0.000,0.293,0.342
38700,41,0.000,0.166,0.249
38705,50,0.283,0.870,0.968
38706,50,1.598,1.862,2.014
38708,50,4.717,5.000,4.956
38710,50,5.000,5.000,5.000
38711,50,5.000,5.000,5.000
38713,50,5.000,5.000,5.000
38714,50,4.482,4.423,4.536
38716,50,3.211,3.284,3.187
38718,50,0.000,0.000,0.000
38719,50,0.000,0.000,0.000
38721,50,0.000,0.000,0.000
38728,52,4.462,4.589,4.575
38730,52,5.000,5.000,5.000
38732,52,5.000,5.000,5.000
38733,52,5.000,5.000,5.000
38735,52,3.832,3.724,3.734
38738,52,0.924,0.899,0.846
38739,52,0.332,0.279,0.352
38741,52,0.000,0.000,0.000
38742,52,0.000,0.000,0.000
38744,52,0.000,0.000,0.000
38745,52,1.833,1.828,1.657
38750,52,5.000,5.000,5.000
38752,52,5.000,5.000,5.000
38754,52,4.472,4.413,4.413
38755,52,2.849,2.781,2.595
38757,52,1.129,0.904,0.997
38758,52,0.450,0.474,0.816
38760,52,0.000,0.000,0.000
38764,52,1.838,1.970,2.043
38766,52,2.644,2.742,2.776
38767,52,5.000,5.000,5.000
38773,58,4.384,4.467,4.350
38774,58,2.859,2.884,2.967
38776,58,2.121,1.965,1.857
38779,58,0.244,0.386,0.220
38780,58,0.000,0.000,0.000
38782,58,0.098,0.127,0.083
38783,58,0.621,0.630,0.587
38785,58,2.102,2.361,2.190
38786,58,2.722,2.889,2.717
38788,58,5.000,5.000,5.000
38790,58,5.000,5.000,5.000
38791,58,5.000,5.000,5.000
38797,57,2.092,2.028,2.038
38798,57,0.000,0.152,0.020
38800,57,0.000,0.000,0.000
38804,57,0.723,0.626,0.474
38805,57,2.268,2.214,2.268
38807,57,5.000,5.000,5.000
38809,57,4.795,5.000,5.000
38810,57,5.000,5.000,5.000
38812,57,5.000,5.000,5.000
38817,56,0.000,0.000,0.000
38819,56,0.000,0.000,0.000
38820,56,0.000,0.000,0.000
38823,56,0.000,0.000,0.000
38824,56,0.645,0.743,0.621
38826,56,2.546,2.204,2.737
38827,56,4.032,4.042,4.159
38829,56,4.521,4.687,4.482
38830,56,5.000,5.000,5.000
38832,56,5.000,5.000,5.000
38834,56,4.545,4.643,4.448
38835,56,2.879,2.825,2.810
38841,57,0.000,0.000,0.000
38845,57,2.322,2.341,2.322
38846,57,3.211,3.128,3.201
38848,57,5.000,4.863,4.883
38850,57,5.000,5.000,5.000
38851,57,5.000,5.000,5.000
38853,57,4.868,4.731,4.761
38854,57,3.133,3.148,3.314
38856,57,2.165,1.906,2.185
38858,57,0.000,0.000,0.274
38863,52,0.806,0.709,0.914
38865,52,2.634,2.429,2.649
38867,52,3.529,3.451,3.729
38869,52,4.687,4.511,4.609
38870,52,5.000,5.000,5.000
38872,52,5.000,5.000,4.922
38874,52,4.448,4.321,4.482
38875,52,2.942,2.722,2.849
38888,50,4.609,4.335,4.335
38895,50,2.517,2.674,2.722
38897,50,0.489,0.420,0.396
38898,50,0.523,0.543,0.406
38900,50,0.000,0.000,0.000
38901,50,0.000,0.000,0.000
38903,50,0.386,0.293,0.367
38909,51,4.521,4.511,4.497
38911,51,5.000,5.000,5.000
38912,51,4.795,5.000,5.000
38914,51,4.022,4.091,4.003
38916,51,2.693,2.566,2.664
38917,51,0.782,0.797,0.596
38919,51,0.689,0.587,0.523
38920,51,0.000,0.000,0.000
38922,51,0.000,0.132,0.108
38923,51,0.523,0.406,0.650
38925,51,2.351,2.458,2.522
38927,51,3.133,3.172,3.162
38935,52,3.001,3.255,2.805
38936,52,2.185,2.141,2.170
38938,52,0.000,0.064,0.112
38939,52,0.000,0.000,0.000
38941,52,0.103,0.000,0.000
38942,52,0.249,0.411,0.308
38944,52,1.838,1.760,2.107
38945,52,2.258,2.424,2.356
38947,52,5.000,5.000,4.995
38950,52,5.000,5.000,5.000
38955,53,4.614,4.707,4.619
38957,53,2.820,2.952,2.962
38958,53,0.000,0.000,0.000
38960,53,0.000,0.000,0.000
38961,53,0.000,0.000,0.000
38963,53,0.000,0.000,0.000
38964,53,0.171,0.313,0.489
38966,53,1.672,1.623,1.623
38970,53,5.000,5.000,5.000
38972,53,5.000,5.000,5.000
38977,51,0.762,0.528,0.743
38978,51,0.200,0.176,0.205
38980,51,0.000,0.000,0.000
38981,51,0.000,0.000,0.000
38983,51,0.000,0.000,0.000
38984,51,0.890,1.007,1.129
38986,51,2.033,2.058,2.160
38988,51,5.000,5.000,5.000
38989,51,5.000,5.000,5.000
38991,51,5.000,5.000,5.000
38993,51,5.000,5.000,5.000
38995,51,4.228,4.335,4.467
39000,50,0.000,0.000,0.000
39002,50,0.000,0.000,0.000
39003,50,0.000,0.000,0.000
39005,50,0.943,1.090,0.934
39006,50,1.843,1.769,1.970
39022,49,0.000,0.000,0.000
39024,49,0.376,0.528,0.621
39025,49,1.730,1.804,1.725
39027,49,4.541,4.580,4.751
39028,49,4.687,4.580,4.717
39030,49,5.000,5.000,5.000
39032,49,5.000,5.000,5.000
39033,49,5.000,5.000,5.000
39036,49,3.475,3.485,3.456
39038,49,0.445,0.342,0.342
39039,49,0.054,0.068,0.171
39044,50,0.274,0.469,0.630
39046,50,1.979,1.608,1.686
39048,50,5.000,5.000,5.000
39049,50,5.000,5.000,5.000
39051,50,5.000,5.000,5.000
39052,50,5.000,5.000,5.000
39054,50,5.000,4.966,5.000
39058,50,0.293,0.191,0.552
39060,50,0.000,0.000,0.000
39061,50,0.000,0.000,0.000
39067,50,3.612,3.763,3.773
39068,50,4.521,4.531,4.365
39070,50,5.000,5.000,5.000
39071,50,5.000,5.000,5.000
39073,50,5.000,5.000,5.000
39075,50,3.871,3.812,3.798
39076,50,1.608,1.466,1.295
39079,50,0.430,0.386,0.357
39080,50,0.000,0.000,0.000
39082,50,0.000,0.000,0.000
39083,50,0.000,0.000,0.000
39085,50,1.095,1.183,0.850
39090,52,5.000,5.000,5.000
39092,52,5.000,5.000,5.000
39093,52,5.000,5.000,5.000
39098,52,0.000,0.000,0.000
39099,52,0.044,0.000,0.054
39101,52,0.000,0.000,0.000
39102,52,0.000,0.000,0.000
39103,52,0.000,0.000,0.000
39105,52,1.193,1.119,1.315
39106,52,3.011,3.050,3.079
39112,52,5.000,4.834,5.000
39122,52,0.000,0.000,0.000
39126,52,1.808,1.916,1.779
39128,52,5.000,5.000,5.000
39129,52,5.000,5.000,5.000
39135,52,4.423,4.321,4.370
39136,52,2.752,2.659,2.693
39138,52,0.000,0.000,0.000
39139,52,0.000,0.000,0.000
39141,52,0.000,0.000,0.000
39142,52,0.000,0.000,0.000
39144,52,0.000,0.000,0.000
39148,52,4.633,4.966,4.868
39149,52,5.000,5.000,5.000
39151,52,5.000,5.000,5.000
39153,52,5.000,5.000,5.000
39158,50,0.298,0.557,0.621
39160,50,0.000,0.000,0.000
39161,50,0.000,0.000,0.000
39163,50,0.000,0.000,0.000
39165,50,0.792,0.885,1.188
39166,50,1.984,1.984,2.067
39168,50,5.000,5.000,5.000
39170,50,5.000,5.000,5.000
39171,50,5.000,5.000,5.000
39173,50,5.000,5.000,5.000
39174,50,4.555,4.457,4.438
39180,52,0.000,0.000,0.000
39181,52,0.000,0.000,0.000
39183,52,0.000,0.000,0.000
39187,52,4.013,4.081,4.208
39188,52,4.521,4.413,4.384
39190,52,5.000,5.000,5.000
39192,52,5.000,5.000,5.000
39193,52,5.000,5.000,5.000
39195,52,3.627,3.509,3.656
39197,52,1.437,1.183,0.938
39202,53,0.000,0.000,0.000
39203,53,0.000,0.000,0.000
39206,53,1.755,1.750,1.701
39207,53,3.695,3.749,3.851
39209,53,4.570,4.614,4.712
39211,53,5.000,5.000,5.000
39212,53,5.000,5.000,5.000
39214,53,3.998,4.096,4.052
39215,53,2.747,2.644,2.639
39217,53,1.080,1.158,1.022
39219,53,1.105,1.139,1.173
39227,51,3.568,3.675,3.715
39228,51,3.842,3.998,3.891
39230,51,4.570,4.765,4.663
39232,51,3.236,3.358,3.319
39233,51,2.825,2.859,2.820
39235,51,2.361,2.283,2.297
39236,51,1.720,1.779,1.593
39238,51,1.784,1.804,1.921
39240,51,1.476,1.491,1.388
39241,51,2.199,2.283,2.375
39243,51,2.370,2.434,2.444
39249,49,2.928,3.050,2.972
39251,49,3.299,3.314,3.319
39252,49,2.898,2.884,2.742
39254,49,2.615,2.683,2.615
39256,49,2.351,2.229,2.283
39257,49,1.735,1.725,1.745
39259,49,2.107,2.151,2.155
39263,49,2.287,2.312,2.385
39265,49,2.708,2.761,2.605
39270,50,3.152,3.196,3.113
39272,50,2.830,2.854,2.810
39274,50,2.693,2.615,2.674
39275,50,2.454,2.395,2.336
39277,50,1.843,1.808,1.808
39278,50,2.087,2.136,2.058
39280,50,1.789,1.745,1.764
39282,50,2.346,2.263,2.234
39283,50,2.302,2.434,2.439
39285,50,2.766,2.693,2.659
39286,50,3.162,3.138,3.196
39288,50,2.918,2.986,2.937
39294,51,2.620,2.493,2.610
39296,51,2.405,2.341,2.287
39298,51,1.642,1.662,1.711
39299,51,2.004,2.067,1.994
39301,51,1.911,1.945,1.945
39342,52,1.950,1.872,1.813
39344,52,2.092,2.121,2.160
39345,52,2.630,2.644,2.674
39347,52,3.099,3.167,3.157
39349,52,3.133,3.099,3.060
39350,52,3.563,3.563,3.563
39352,52,3.152,3.118,3.094
39353,52,2.845,2.854,2.908
39355,52,2.351,2.361,2.410
39360,55,1.618,1.667,1.740
39362,55,2.151,2.155,2.160
39364,55,2.556,2.454,2.444
39365,55,2.717,2.693,2.732
39367,55,3.372,3.421,3.358
39369,55,3.079,3.104,3.138
39370,55,3.216,3.250,3.148
39384,49,2.654,2.586,2.600
39388,49,3.226,3.045,3.123
39393,49,2.742,2.791,2.849
39394,49,2.390,2.405,2.454
39396,49,2.278,2.195,2.326
39398,49,1.520,1.544,1.540
39399,49,1.720,1.593,1.706
39401,49,1.970,1.950,1.906
39406,52,2.771,2.840,2.815
39408,52,3.260,3.270,3.133
39409,52,3.509,3.348,3.451
39411,52,3.011,3.055,3.148
39413,52,2.937,2.874,2.923
39414,52,2.674,2.483,2.385
39416,52,2.170,2.185,2.199
39419,52,1.804,1.833,1.823
39420,52,1.579,1.569,1.520
39422,52,1.970,1.975,2.019
39423,52,1.950,1.940,1.906
39425,52,2.380,2.517,2.385
39433,56,3.113,3.074,3.148
39435,56,2.546,2.644,2.610
39436,56,2.185,2.180,2.219
39438,56,1.403,1.466,1.383
39439,56,1.408,1.339,1.276
39441,56,1.642,1.686,1.657
39443,56,1.911,1.896,1.945
39444,56,2.566,2.683,2.669
39446,56,2.693,2.801,2.845
39451,53,3.343,3.167,3.245
39453,53,3.065,3.099,3.060
39454,53,2.527,2.458,2.488
39456,53,2.155,2.028,2.160
39458,53,1.735,1.696,1.779
39459,53,1.320,1.452,1.334
39462,53,1.672,1.716,1.769
39463,53,1.872,1.911,1.813
39465,53,2.669,2.595,2.498
39467,53,2.801,2.874,2.820
39475,55,2.688,2.664,2.605
39476,55,2.287,2.283,2.229
39478,55,1.579,1.461,1.652
39480,55,1.339,1.373,1.344
39481,55,1.691,1.667,1.681
39483,55,1.906,1.901,1.935
39484,55,2.473,2.463,2.615
39486,55,2.776,2.805,2.771
39488,55,3.524,3.441,3.436
39489,55,3.534,3.636,3.583
39491,55,3.289,3.280,3.280
39496,53,2.116,2.063,2.019
39498,53,1.725,1.813,1.808
39499,53,1.373,1.325,1.310
39501,53,1.623,1.799,1.755
39503,53,1.877,1.764,1.931
39505,53,2.595,2.615,2.576
39507,53,2.742,2.805,2.835
39511,53,3.289,3.280,3.348
39513,53,3.069,3.050,3.021
39514,53,2.625,2.586,2.532
39520,53,1.354,1.413,1.373
39521,53,1.711,1.808,1.740
39523,53,1.935,2.014,1.994
39525,53,2.791,2.796,2.566
39526,53,2.791,2.786,2.727
39528,53,3.397,3.392,3.343
39530,53,3.578,3.592,3.563
39531,53,3.162,3.260,3.236
39533,53,3.055,3.040,3.065
39534,53,2.556,2.634,2.542
39536,53,2.229,2.209,2.190
39541,57,1.896,1.833,1.852
39543,57,2.195,2.209,2.102
39545,57,2.649,2.713,2.713
39547,57,2.977,3.074,3.123
39552,57,3.133,2.977,3.133
39553,57,2.967,3.016,2.991
39555,57,2.537,2.502,2.414
39556,57,2.160,2.151,2.224
39558,57,1.535,1.525,1.549
39560,57,1.540,1.471,1.520
39565,52,2.659,2.634,2.634
39567,52,2.893,2.840,2.933
39568,52,3.162,3.094,3.050
39570,52,3.524,3.558,3.495
39571,52,3.084,3.050,3.079
39573,52,2.889,2.937,2.942
39575,52,2.361,2.449,2.400
39576,52,2.058,2.116,2.048
39578,52,1.804,1.848,1.877
39580,52,1.525,1.500,1.466
39581,52,1.935,1.848,1.916
39586,52,3.182,3.221,3.211
39592,52,3.094,3.094,3.138
39593,52,3.055,3.025,2.977
39595,52,2.361,2.483,2.439
39597,52,2.224,2.331,2.239
39598,52,1.711,1.711,1.779
39600,52,1.466,1.510,1.471
39602,52,1.808,1.857,1.872
39615,53,2.419,2.410,2.419
39619,53,1.833,1.828,1.774
39620,53,1.740,1.544,1.623
39622,53,2.087,2.092,1.989
39624,53,2.537,2.483,2.361
39625,53,2.722,2.757,2.703
39627,53,3.377,3.363,3.416
39633,53,2.981,2.942,2.952
39635,53,2.434,2.498,2.522
39636,53,2.248,2.199,2.209
39638,53,1.427,1.525,1.466
39640,53,1.569,1.598,1.540
39644,53,2.136,2.229,2.370
39646,53,2.683,2.688,2.708
39647,53,3.333,3.328,3.353
39649,53,3.074,3.025,3.035
39650,53,3.495,3.460,3.412
39656,54,2.375,2.361,2.292
39657,54,1.422,1.447,1.413
39659,54,1.686,1.579,1.667
39661,54,1.676,1.750,1.740
39662,54,1.994,2.023,1.965
39664,54,2.615,2.659,2.678
39665,54,2.737,2.649,2.717
39667,54,3.509,3.529,3.578
39669,54,3.319,3.265,3.294
39670,54,3.289,3.328,3.319
39672,54,2.947,3.001,2.967
39678,53,1.642,1.750,1.681
39680,53,1.408,1.354,1.398
39684,53,2.581,2.537,2.454
39686,53,2.815,2.727,2.732
39688,53,3.514,3.500,3.514
39689,53,3.275,3.387,3.368
39691,53,3.392,3.421,3.358
39692,53,3.011,3.133,3.099
39694,53,2.639,2.639,2.766
39696,53,2.312,2.204,2.278
39701,53,1.769,1.828,1.750
39703,53,2.067,2.043,1.945
39704,53,2.693,2.674,2.537
39706,53,2.752,2.791,2.840
39707,53,3.441,3.416,3.368
39709,53,3.597,3.587,3.671
39711,53,3.187,3.196,3.089
39712,53,2.893,2.928,2.947
39714,53,2.527,2.546,2.444
39716,53,2.141,2.180,2.165
39733,53,3.069,3.001,2.840
39734,53,2.605,2.507,2.546
39736,53,2.248,2.199,2.248
39738,53,1.022,0.973,1.002
39739,53,1.285,1.266,1.378
39741,53,1.344,1.452,1.461
39746,53,3.172,3.006,2.942
39748,53,3.724,3.724,3.754
39749,53,4.150,4.169,4.272
39751,53,3.495,3.456,3.592
39753,53,3.275,3.319,3.456
39754,53,2.815,2.893,2.727
39756,53,1.931,1.877,1.857
39757,53,0.689,0.787,0.811
39759,53,0.000,0.020,0.000
39761,53,0.894,1.002,1.046
39763,53,2.341,2.155,2.038
39768,55,4.511,4.482,4.316
39770,55,5.000,5.000,5.000
39774,55,3.392,3.392,3.128
39776,55,3.157,3.255,3.011
39778,55,0.000,0.000,0.000
39779,55,0.000,0.000,0.147
39781,55,0.000,0.000,0.000
39782,55,0.000,0.000,0.000
39783,55,0.000,0.000,0.000
39785,55,1.134,1.261,1.178
39786,55,2.737,2.864,3.040
39792,51,5.000,5.000,5.000
39793,51,5.000,5.000,5.000
39795,51,3.612,3.866,3.558
39797,51,0.733,0.606,0.420
39798,51,0.264,0.357,0.269
39800,51,0.000,0.000,0.000
39801,51,0.000,0.000,0.000
39804,51,0.000,0.000,0.000
39805,51,1.251,1.261,0.953
39809,51,5.000,5.000,5.000
39815,51,4.550,4.707,4.560
39816,51,2.849,3.045,2.947
39818,51,0.000,0.000,0.000
39819,51,0.000,0.000,0.000
39821,51,0.000,0.000,0.000
39822,51,0.000,0.000,0.000
39824,51,0.000,0.440,0.357
39825,51,1.579,1.544,1.569
39827,51,4.110,4.272,4.208
39829,51,4.643,4.687,4.751
39830,51,5.000,5.000,5.000
39835,53,3.416,3.358,3.421
39837,53,0.000,0.000,0.000
39839,53,0.088,0.073,0.005
39849,53,4.668,4.658,4.629
39853,53,5.000,5.000,5.000
39855,53,4.506,4.492,4.277
39863,52,0.000,0.000,0.000
39864,52,0.391,0.440,0.435
39866,52,1.720,1.696,1.628
39867,52,5.000,5.000,5.000
39869,52,5.000,5.000,5.000
39871,52,5.000,5.000,5.000
39872,52,5.000,5.000,5.000
39874,52,5.000,5.000,4.966
39875,52,3.343,3.245,3.299
39881,53,0.000,0.000,0.000
39882,53,0.000,0.000,0.000
39884,53,0.670,0.230,0.484
39885,53,1.862,1.838,1.911
39887,53,4.814,4.687,4.863
39889,53,4.883,4.844,5.000
39891,53,5.000,5.000,5.000
39893,53,5.000,5.000,5.000
39894,53,5.000,5.000,4.971
39898,53,0.303,0.430,0.342
39904,54,0.000,0.000,0.000
39905,54,1.500,1.642,1.691
39907,54,3.377,3.685,3.739
39908,54,4.731,4.712,4.541
39910,54,5.000,5.000,5.000
39912,54,5.000,5.000,5.000
39913,54,5.000,5.000,5.000
39915,54,3.788,3.715,3.768
39917,54,1.730,1.686,1.461
39918,54,0.445,0.376,0.239
39920,54,0.000,0.000,0.000
39921,54,0.000,0.000,0.000
39926,53,3.275,3.441,3.612
39928,53,4.599,4.550,4.643
39931,53,5.000,5.000,5.000
39932,53,5.000,5.000,5.000
39934,53,5.000,5.000,5.000
39935,53,3.861,3.788,3.925
39940,53,0.000,0.000,0.000
39941,53,0.000,0.000,0.000
39943,53,0.000,0.000,0.000
39944,53,0.308,0.371,0.489
39949,51,5.000,5.000,5.000
39951,51,5.000,5.000,5.000
39953,51,5.000,5.000,5.000
39954,51,4.399,4.272,4.443
39956,51,3.109,3.162,3.040
39957,51,0.000,0.000,0.000
39959,51,0.000,0.000,0.000
39960,51,0.000,0.000,0.000
39962,51,0.000,0.000,0.000
39963,51,0.000,0.000,0.000
39965,51,1.129,1.373,1.662
39966,51,3.021,3.211,3.236
39972,53,5.000,5.000,5.000
39974,53,5.000,5.000,5.000
39979,53,0.528,0.415,0.459
39980,53,0.000,0.000,0.000
39982,53,0.000,0.000,0.000
39983,53,0.000,0.000,0.000
39985,53,0.704,0.684,0.992
39986,53,1.799,1.906,1.989
39988,53,5.000,5.000,5.000
39989,53,5.000,5.000,5.000
39995,54,4.433,4.365,4.213
39996,54,2.996,2.977,2.962
39998,54,0.205,0.249,0.127
39999,54,0.000,0.000,0.000
40001,54,0.000,0.000,0.000
40002,54,0.000,0.000,0.000
40004,54,0.386,0.264,0.489
40005,54,1.857,1.750,1.940
40007,54,4.946,4.902,5.000
40009,54,5.000,5.000,5.000
40018,54,0.288,0.186,0.015
40019,54,0.293,0.235,0.156
40021,54,0.000,0.000,0.000
40022,54,0.000,0.000,0.000
40024,54,0.000,0.000,0.000
40025,54,1.197,1.173,1.246
40027,54,2.571,2.625,2.698
40028,54,4.927,4.717,4.589
40030,54,5.000,5.000,5.000
40032,54,5.000,5.000,5.000
40033,54,5.000,5.000,5.000
40035,54,4.145,4.223,4.203
40040,55,0.000,0.000,0.000
40042,55,0.000,0.000,0.000
40043,55,0.000,0.000,0.000
40044,55,1.129,1.129,1.168
40046,55,1.975,2.195,2.219
40048,55,4.951,5.000,4.936
40049,55,5.000,5.000,5.000
40054,55,5.000,5.000,4.961
40055,55,3.392,3.490,3.446
40057,55,0.000,0.000,0.000
40063,51,0.000,0.000,0.000
40064,51,0.503,0.596,0.694
40074,51,5.000,5.000,5.000
40078,51,0.000,0.000,0.005
40079,51,0.000,0.000,0.000
40085,53,0.841,1.002,0.997
40086,53,2.248,2.195,2.209
40088,53,5.000,4.922,4.868
40089,53,5.000,5.000,5.000
40091,53,5.000,5.000,5.000
40093,53,5.000,5.000,5.000
40094,53,4.751,4.795,4.677
40096,53,3.162,3.035,2.972
40097,53,0.000,0.000,0.000
40099,53,0.000,0.000,0.000
40108,53,5.000,5.000,5.000
40109,53,5.000,5.000,5.000
40111,53,5.000,5.000,5.000
40113,53,5.000,5.000,5.000
40114,53,5.000,5.000,5.000
40116,53,3.456,3.392,3.446
40117,53,0.230,0.196,0.024
40119,53,0.171,0.059,0.054
40120,53,0.000,0.000,0.000
40122,53,0.000,0.000,0.000
40123,53,0.000,0.000,0.000
40125,53,1.065,1.241,1.300
40130,56,5.000,5.000,5.000
40132,56,5.000,5.000,5.000
40133,56,5.000,5.000,5.000
40135,56,3.837,3.842,3.861
40137,56,0.865,0.846,0.826
40138,56,0.279,0.156,0.318
40142,56,0.000,0.000,0.000
40145,56,0.699,0.943,1.114
40146,56,1.926,1.916,2.077
40148,56,5.000,5.000,5.000
40153,58,5.000,5.000,5.000
40155,58,4.321,4.306,4.213
40157,58,2.801,2.590,2.620
40158,58,0.176,0.049,0.039
40160,58,0.000,0.000,0.000
40161,58,0.000,0.000,0.000
40163,58,0.000,0.000,0.000
40164,58,0.767,0.557,0.298
40166,58,1.720,1.750,1.681
40167,58,5.000,5.000,5.000
40169,58,5.000,5.000,5.000
40171,58,5.000,5.000,5.000
40176,54,3.221,3.157,3.089
40177,54,0.000,0.000,0.000
40182,54,0.000,0.000,0.000
40183,54,0.000,0.000,0.000
40185,54,1.339,1.295,1.329
40187,54,3.035,2.933,3.201
40189,54,4.697,4.443,4.883
40190,54,5.000,5.000,5.000
40192,54,5.000,5.000,5.000
40194,54,4.980,5.000,5.000
40199,51,0.230,0.503,0.357
40200,51,0.000,0.000,0.000
40202,51,0.000,0.000,0.000
40203,51,0.000,0.000,0.000
40205,51,0.953,1.046,1.046
40206,51,2.097,2.067,2.248
40208,51,5.000,4.936,4.922
40210,51,5.000,5.000,5.000
40211,51,5.000,5.000,5.000
40213,51,5.000,5.000,5.000
40214,51,4.531,4.487,4.448
40223,54,0.000,0.000,0.000
40224,54,0.767,0.826,0.919
40226,54,1.911,1.931,1.906
40227,54,5.000,5.000,5.000
40230,54,5.000,5.000,5.000
40231,54,5.000,5.000,5.000
40233,54,5.000,5.000,5.000
40235,54,5.000,4.721,4.951
40236,54,3.509,3.607,3.646
40238,54,0.000,0.000,0.000
40239,54,0.000,0.000,0.000
40244,54,0.718,0.743,0.846
40246,54,1.628,1.554,1.696
40248,54,5.000,5.000,5.000
40249,54,5.000,5.000,5.000
40251,54,5.000,5.000,5.000
40252,54,5.000,5.000,5.000
40254,54,5.000,5.000,5.000
40258,54,0.396,0.220,0.152
40260,54,0.000,0.000,0.000
40261,54,0.000,0.000,0.000
40266,53,3.944,4.101,4.135
40268,53,4.497,4.892,4.839
40270,53,5.000,5.000,5.000
40271,53,5.000,5.000,5.000
40274,53,5.000,5.000,5.000
40276,53,3.954,3.983,3.895
40277,53,1.320,1.285,1.251
40279,53,0.274,0.445,0.371
40280,53,0.000,0.000,0.000
40282,53,0.000,0.000,0.000
40283,53,0.000,0.000,0.000
40296,55,2.771,2.776,2.737
40300,55,0.000,0.000,0.000
40302,55,0.000,0.000,0.000
40303,55,0.000,0.000,0.000
40311,54,5.000,5.000,5.000
40313,54,5.000,5.000,5.000
40315,54,4.394,4.477,4.374
40317,54,2.664,2.566,2.498
40319,54,0.083,0.083,0.235
40320,54,0.000,0.000,0.000
40322,54,0.000,0.000,0.000
40323,54,0.000,0.000,0.000
40324,54,0.318,0.450,0.357
40326,54,1.745,1.794,1.730
40328,54,5.000,5.000,5.000
40329,54,5.000,5.000,5.000
40335,51,4.658,4.658,4.927
40336,51,3.250,3.055,2.913
40338,51,0.000,0.000,0.000
40339,51,0.000,0.000,0.000
40341,51,0.000,0.000,0.000
40342,51,0.000,0.000,0.000
40344,51,0.000,0.132,0.112
40386,51,1.603,1.637,1.505
40387,51,5.000,5.000,5.000
40389,51,5.000,5.000,5.000
40390,51,5.000,5.000,5.000
40392,51,5.000,5.000,5.000
40394,51,5.000,5.000,5.000
40395,51,3.680,3.749,3.680
40397,51,0.000,0.000,0.000
40403,53,0.000,0.000,0.000
40405,53,0.435,0.371,0.391
40406,53,1.725,1.833,1.559
40408,53,5.000,5.000,5.000
40409,53,5.000,5.000,5.000
40411,53,5.000,5.000,5.000
40412,53,5.000,5.000,5.000
40414,53,5.000,5.000,5.000
40416,53,3.788,3.558,3.597
40417,53,0.000,0.000,0.000
40433,54,5.000,5.000,5.000
40435,54,4.066,4.101,4.159
40436,54,1.574,1.452,1.569
40438,54,0.225,0.093,0.215
40440,54,0.000,0.000,0.000
40441,54,0.000,0.000,0.000
40447,54,3.456,3.485,3.749
40449,54,4.902,4.892,4.741
40450,54,5.000,5.000,5.000
40452,54,5.000,5.000,5.000
40454,54,5.000,5.000,5.000
40455,54,4.120,4.120,4.184
40457,54,1.862,1.691,1.725
40458,54,0.191,0.362,0.181
40460,54,0.000,0.000,0.000
40461,54,0.000,0.000,0.000
40463,54,0.000,0.000,0.000
40464,54,0.513,0.762,0.728
40472,53,5.000,5.000,5.000
40474,53,4.761,4.922,4.780
40476,53,3.734,3.646,3.524
40477,53,0.000,0.000,0.000
40479,53,0.000,0.000,0.000
40480,53,0.000,0.000,0.000
40482,53,0.000,0.000,0.000
40483,53,0.000,0.000,0.000
40484,53,1.061,1.139,1.193
40487,53,2.669,2.742,2.840
40492,53,5.000,5.000,5.000
40494,53,5.000,5.000,5.000
40496,53,4.140,4.355,4.062
40497,53,0.806,0.733,0.601
40499,53,0.054,0.171,0.098
40500,53,0.000,0.000,0.000
40502,53,0.000,0.000,0.000
40503,53,0.000,0.000,0.000
40507,53,5.000,5.000,5.000
40509,53,5.000,5.000,5.000
40511,53,5.000,5.000,5.000
40516,54,3.240,3.343,3.236
40518,54,0.000,0.000,0.000
40519,54,0.000,0.000,0.000
40520,54,0.000,0.000,0.000
40522,54,0.000,0.000,0.000
40523,54,0.073,0.181,0.132
40525,54,1.261,1.295,1.442
40526,54,4.286,4.321,4.350
40529,54,5.000,5.000,4.961
40531,54,5.000,5.000,5.000
40532,54,5.000,5.000,5.000
40538,54,0.000,0.000,0.000
40539,54,0.000,0.000,0.000
40541,54,0.000,0.000,0.000
40542,54,0.000,0.000,0.000
40543,54,0.000,0.000,0.000
40548,54,5.000,5.000,5.000
40549,54,5.000,5.000,5.000
40551,54,5.000,5.000,5.000
40552,54,5.000,5.000,5.000
40566,55,1.593,1.672,1.618
40571,55,5.000,5.000,5.000
40572,55,5.000,5.000,5.000
40574,55,5.000,5.000,5.000
40575,55,4.575,4.370,4.267
40577,55,1.999,1.774,1.662
40579,55,0.147,0.000,0.274
40584,54,0.000,0.000,0.000
40585,54,1.251,1.295,1.207
40587,54,3.343,3.456,3.719
40588,54,5.000,4.858,4.897
40590,54,5.000,5.000,5.000
40592,54,5.000,5.000,5.000
40593,54,5.000,5.000,5.000
40598,54,0.000,0.000,0.000
40599,54,0.000,0.000,0.000
40601,54,0.000,0.000,0.000
40606,52,1.657,1.989,1.931
40607,52,5.000,5.000,5.000
40609,52,5.000,5.000,5.000
40611,52,5.000,5.000,5.000
40612,52,5.000,5.000,5.000
40615,52,4.966,5.000,4.844
40616,52,3.680,3.607,3.519
40618,52,0.000,0.000,0.000
40619,52,0.000,0.000,0.000
40621,52,0.000,0.000,0.000
40622,52,0.000,0.000,0.000
40624,52,0.000,0.000,0.000
40629,52,5.000,5.000,5.000
40631,52,5.000,5.000,5.000
40632,52,5.000,5.000,5.000
40636,52,2.639,2.517,2.234
40638,52,0.068,0.147,0.230
40640,52,0.000,0.000,0.000
40641,52,0.000,0.000,0.000
40643,52,0.000,0.000,0.000
40644,52,0.474,0.513,0.274
40646,52,1.403,1.417,1.403
40651,52,5.000,5.000,5.000
40652,52,5.000,5.000,5.000
40654,52,5.000,5.000,4.956
40657,52,3.148,3.123,3.265
40658,52,0.000,0.000,0.000
40660,52,0.000,0.000,0.000
40661,52,0.000,0.000,0.000
40663,52,0.000,0.000,0.000
40664,52,0.000,0.000,0.191
40666,52,1.153,1.168,1.281
40667,52,4.062,4.101,4.140
40669,52,4.751,5.000,5.000
40677,57,1.442,1.339,1.295
40678,57,0.308,0.132,0.000
40680,57,0.000,0.000,0.000
40681,57,0.000,0.000,0.000
40683,57,0.000,0.000,0.000
40684,57,0.323,0.244,0.591
40686,57,1.720,1.760,1.877
40687,57,5.000,5.000,5.000
40689,57,5.000,5.000,5.000
40691,57,5.000,5.000,5.000
40696,54,2.923,2.933,2.791
40699,54,0.000,0.142,0.000
40700,54,0.000,0.000,0.000
40701,54,0.000,0.000,0.000
40703,54,0.000,0.000,0.000
40704,54,0.108,0.191,0.230
40706,54,1.413,1.564,1.437
40708,54,5.000,5.000,5.000
40712,54,5.000,5.000,5.000
40713,54,5.000,5.000,5.000
40719,53,0.176,0.108,0.000
40720,53,0.000,0.000,0.000
40722,53,0.000,0.000,0.000
40723,53,0.000,0.000,0.000
40725,53,0.655,0.611,0.699
40726,53,2.170,2.219,2.312
40728,53,5.000,4.814,4.980
40729,53,5.000,5.000,5.000
40731,53,5.000,5.000,5.000
40733,53,5.000,5.000,5.000
40734,53,5.000,4.961,4.848
40736,53,2.928,2.835,3.069
40742,52,0.000,0.000,0.000
40744,52,0.000,0.000,0.000
40745,52,0.484,0.630,0.640
40747,52,2.297,2.102,2.234
40751,52,5.000,5.000,5.000
40753,52,5.000,5.000,5.000
40754,52,5.000,5.000,5.000
40756,52,3.778,3.715,3.837
40757,52,0.000,0.000,0.000
40759,52,0.000,0.000,0.000
40764,54,1.999,2.063,1.769
40766,54,4.106,4.106,4.047
40767,54,5.000,5.000,5.000
40769,54,4.154,4.159,3.964
40771,54,1.720,1.838,2.405
40772,54,2.546,2.532,2.610
40774,54,2.600,2.820,2.889
40788,52,4.179,4.306,4.086
40792,52,2.845,2.854,2.849
40794,52,2.537,2.434,2.586
40795,52,2.292,2.331,2.312
40797,52,1.867,1.838,1.833
40801,52,2.067,1.882,2.004
40803,52,2.009,2.038,2.028
40804,52,2.952,2.928,2.913
40810,51,3.206,3.275,3.162
40811,51,2.727,2.722,2.713
40813,51,2.634,2.674,2.581
40815,51,2.312,2.307,2.366
40816,51,2.107,2.028,2.014
40818,51,1.896,1.935,1.857
40820,51,1.569,1.559,1.457
40821,51,2.048,1.975,2.102
40823,51,2.092,2.287,2.155
40824,51,2.791,2.791,2.776
40827,51,2.977,2.854,2.977
40832,56,2.659,2.649,2.595
40834,56,2.502,2.478,2.502
40836,56,2.424,2.380,2.424
40837,56,1.843,1.833,1.701
40839,56,2.028,1.999,2.038
40843,56,2.136,2.170,2.175
40845,56,2.869,2.796,2.771
40846,56,2.835,2.810,2.864
40848,56,3.084,3.060,3.011
40850,56,3.001,3.025,2.996
40855,54,2.326,2.410,2.361
40857,54,1.891,1.950,1.789
40858,54,2.067,1.989,2.028
40860,54,1.740,1.755,1.740
40861,54,2.072,2.121,2.048
40863,54,2.229,2.287,2.331
40865,54,2.805,2.771,2.732
40866,54,3.196,3.182,3.270
40868,54,3.011,3.084,2.996
40871,54,3.162,3.118,3.094
40872,54,2.703,2.732,2.742
40877,53,1.505,1.452,1.437
40879,53,2.038,1.911,1.848
40883,53,2.229,2.214,2.263
40885,53,2.757,2.825,2.810
40887,53,3.236,3.226,3.275
40888,53,3.152,3.182,3.143
40890,53,3.182,3.123,3.157
40892,53,2.752,2.781,2.820
40893,53,2.674,2.546,2.605
40895,53,2.361,2.322,2.336
40900,50,1.554,1.637,1.637
40902,50,2.014,2.111,2.087
40903,50,2.307,2.219,2.312
40905,50,2.742,2.864,2.889
40907,50,3.646,3.607,3.759
40908,50,3.192,3.387,3.040
40910,50,3.055,2.991,3.016
40911,50,2.649,2.678,2.678
40914,50,2.493,2.522,2.517
40916,50,2.434,2.366,2.287
40924,53,2.287,2.268,2.307
40925,53,2.820,2.742,2.820
40927,53,3.529,3.548,3.573
40929,53,3.148,3.133,3.128
40930,53,3.045,3.065,3.084
40932,53,2.815,2.786,2.757
40934,53,2.581,2.546,2.566
40935,53,2.483,2.263,2.414
40937,53,1.740,1.701,1.618
40938,53,1.931,2.077,2.033
40940,53,1.540,1.491,1.593
40945,55,2.986,3.021,3.055
40947,55,3.710,3.822,3.739
40949,55,3.236,3.441,3.324
40950,55,2.952,2.923,2.967
40952,55,2.678,2.796,2.810
40953,55,2.488,2.449,2.498
40956,55,2.253,2.336,2.390
40958,55,1.417,1.369,1.334
40962,55,1.935,1.994,1.891
40967,54,3.705,3.690,3.759
40969,54,2.761,3.006,3.265
40971,54,3.045,3.060,2.996
40972,54,2.742,2.390,2.473
40974,54,2.512,2.556,2.483
40975,54,2.204,2.190,2.317
40977,54,1.525,1.481,1.427
40979,54,1.984,1.652,2.038
40980,54,1.574,1.476,1.755
40982,54,1.989,2.038,2.131
40983,54,2.253,2.356,2.336
40985,54,2.874,2.742,2.923
40990,54,2.962,2.903,2.952
40992,54,2.590,2.781,2.722
40994,54,2.473,2.356,2.410
40995,54,2.439,2.287,2.253
40998,54,1.271,1.134,1.295
41002,54,1.921,1.911,1.945
41004,54,2.336,2.292,2.229
41005,54,2.771,2.771,2.796
