Time_ms,Distance_mm,VA0_V,VA1_V,VA2_V
8,0,2.869,2.717,2.634
9,0,2.502,2.493,2.488
11,0,2.498,2.493,2.488
12,0,2.502,2.493,2.488
18,0,2.502,2.493,2.493
20,0,2.498,2.498,2.488
21,0,2.502,2.498,2.488
23,0,2.502,2.498,2.488
24,0,2.502,2.498,2.488
26,0,2.502,2.498,2.488
27,0,2.502,2.493,2.488
29,0,2.498,2.498,2.488
30,0,2.502,2.498,2.488
32,0,2.502,2.493,2.488
33,0,2.502,2.498,2.483
35,0,2.502,2.498,2.488
36,0,2.498,2.493,2.488
41,49,2.502,2.493,2.493
43,49,2.502,2.498,2.488
44,49,2.502,2.493,2.488
48,49,2.502,2.493,2.488
50,49,2.498,2.498,2.488
52,49,2.502,2.498,2.488
53,49,2.502,2.493,2.488
55,49,2.502,2.498,2.488
56,49,2.498,2.498,2.488
59,49,2.502,2.498,2.488
64,50,2.502,2.493,2.493
65,50,2.498,2.498,2.488
67,50,2.502,2.498,2.488
68,50,2.502,2.493,2.488
70,50,2.502,2.493,2.488
71,50,2.498,2.498,2.488
73,50,2.502,2.498,2.488
74,50,2.502,2.493,2.488
76,50,2.502,2.493,2.488
77,50,2.502,2.498,2.488
79,50,2.502,2.493,2.488
80,50,2.502,2.498,2.488
86,56,2.502,2.498,2.488
87,56,2.502,2.493,2.488
91,56,2.498,2.493,2.488
93,56,2.502,2.493,2.488
94,56,2.502,2.493,2.488
96,56,2.498,2.498,2.488
98,56,2.498,2.498,2.488
99,56,2.502,2.498,2.488
102,56,2.502,2.493,2.488
103,56,2.502,2.498,2.488
108,54,2.502,2.498,2.493
110,54,2.502,2.493,2.488
111,54,2.498,2.498,2.488
113,54,2.502,2.493,2.488
115,54,2.498,2.498,2.488
116,54,2.502,2.493,2.488
118,54,2.502,2.498,2.488
119,54,2.498,2.498,2.488
121,54,2.502,2.498,2.488
122,54,2.502,2.498,2.488
124,54,2.502,2.498,2.488
125,54,2.502,2.493,2.488
133,55,2.498,2.498,2.488
135,55,2.502,2.498,2.488
137,55,2.502,2.498,2.488
138,55,2.502,2.493,2.488
140,55,2.502,2.498,2.488
141,55,2.502,2.498,2.488
144,55,2.502,2.493,2.488
145,55,2.498,2.498,2.488
147,55,2.502,2.498,2.488
148,55,2.502,2.493,2.488
154,55,2.502,2.498,2.483
155,55,2.502,2.493,2.488
157,55,2.498,2.498,2.488
158,55,2.502,2.498,2.488
160,55,2.502,2.493,2.488
161,55,2.502,2.498,2.488
163,55,2.502,2.498,2.488
165,55,2.498,2.498,2.488
166,55,2.498,2.498,2.488
170,55,2.498,2.493,2.488
176,53,2.502,2.498,2.488
177,53,2.502,2.498,2.488
179,53,2.502,2.498,2.488
180,53,2.502,2.493,2.493
182,53,2.502,2.493,2.488
183,53,2.498,2.498,2.488
186,53,2.502,2.498,2.493
188,53,2.502,2.498,2.488
189,53,2.502,2.493,2.488
191,53,2.502,2.498,2.488
192,53,2.498,2.498,2.488
194,53,2.502,2.493,2.488
199,53,2.502,2.493,2.493
201,53,2.498,2.498,2.488
202,53,2.498,2.498,2.488
204,53,2.502,2.498,2.488
205,53,2.502,2.498,2.488
207,53,2.498,2.498,2.488
208,53,2.498,2.498,2.488
224,53,2.502,2.498,2.488
229,53,2.502,2.493,2.488
231,53,2.502,2.493,2.483
232,53,2.502,2.493,2.483
234,53,2.502,2.493,2.488
235,53,2.502,2.493,2.488
237,53,2.502,2.493,2.488
239,53,2.502,2.493,2.488
244,55,2.507,2.498,2.493
245,55,2.498,2.498,2.488
247,55,2.498,2.498,2.488
248,55,2.502,2.493,2.488
250,55,2.502,2.488,2.488
252,55,2.502,2.493,2.488
253,55,2.502,2.493,2.488
255,55,2.502,2.493,2.483
256,55,2.502,2.498,2.483
258,55,2.502,2.498,2.483
259,55,2.498,2.498,2.488
261,55,2.502,2.498,2.488
269,53,2.502,2.498,2.488
270,53,2.502,2.493,2.488
273,53,2.502,2.493,2.488
274,53,2.498,2.498,2.488
276,53,2.502,2.493,2.488
278,53,2.502,2.493,2.488
279,53,2.502,2.493,2.488
281,53,2.502,2.498,2.488
282,53,2.502,2.498,2.488
284,53,2.498,2.498,2.488
289,53,2.502,2.498,2.488
291,53,2.498,2.493,2.488
292,53,2.502,2.493,2.488
294,53,2.502,2.493,2.488
295,53,2.498,2.493,2.488
297,53,2.502,2.498,2.488
298,53,2.502,2.498,2.488
300,53,2.502,2.493,2.488
302,53,2.502,2.498,2.488
306,53,2.502,2.493,2.488
311,54,2.502,2.498,2.488
314,54,2.498,2.493,2.488
315,54,2.502,2.493,2.488
317,54,2.502,2.498,2.488
318,54,2.498,2.498,2.488
320,54,2.502,2.493,2.488
321,54,2.502,2.498,2.493
323,54,2.502,2.493,2.488
324,54,2.502,2.498,2.488
326,54,2.502,2.498,2.488
328,54,2.502,2.493,2.488
329,54,2.502,2.498,2.488
334,52,2.502,2.493,2.488
336,52,2.502,2.498,2.488
337,52,2.502,2.498,2.488
339,52,2.498,2.498,2.488
341,52,2.502,2.498,2.488
342,52,2.502,2.498,2.488
344,52,2.498,2.498,2.488
348,52,2.502,2.493,2.488
349,52,2.502,2.498,2.488
351,52,2.498,2.493,2.488
357,53,2.502,2.498,2.488
359,53,2.502,2.493,2.488
360,53,2.502,2.493,2.488
362,53,2.502,2.498,2.488
364,53,2.502,2.493,2.488
365,53,2.498,2.498,2.488
367,53,2.502,2.498,2.488
368,53,2.498,2.498,2.488
370,53,2.502,2.493,2.488
371,53,2.498,2.498,2.488
373,53,2.502,2.498,2.483
374,53,2.498,2.493,2.488
380,51,2.498,2.498,2.488
381,51,2.502,2.498,2.488
383,51,2.502,2.498,2.488
384,51,2.498,2.498,2.488
386,51,,2.498,2.488
393,51,2.502,2.493,2.488
394,51,2.502,2.493,2.488
396,51,2.502,2.493,2.488
402,56,2.507,2.498,2.488
404,56,2.502,2.498,2.488
405,56,2.502,2.498,2.488
407,56,2.502,2.493,2.488
408,56,2.498,2.498,2.488
410,56,2.502,2.498,2.488
411,56,2.498,2.498,2.488
413,56,2.502,2.498,2.488
414,56,2.498,2.493,2.488
416,56,2.502,2.493,2.488
418,56,2.502,2.493,2.488
419,56,2.498,2.498,2.488
424,55,2.507,2.498,2.493
426,55,2.498,2.498,2.488
428,55,2.502,2.498,2.488
429,55,2.498,2.493,2.488
431,55,2.502,2.498,2.488
435,55,2.498,2.498,2.488
449,50,2.502,2.493,2.488
453,50,2.502,2.493,2.488
454,50,2.498,2.493,2.488
456,50,2.498,2.498,2.488
458,50,2.498,2.498,2.488
459,50,2.502,2.498,2.488
461,50,2.502,2.498,2.488
462,50,2.502,2.498,2.488
464,50,2.498,2.493,2.488
469,53,2.502,2.493,2.488
471,53,2.498,2.493,2.488
472,53,2.502,2.493,2.488
474,53,2.502,2.493,2.488
475,53,2.498,2.493,2.488
477,53,2.498,2.498,2.488
478,53,2.502,2.498,2.488
480,53,2.498,2.498,2.488
482,53,2.498,2.498,2.488
487,53,2.502,2.493,2.488
492,55,2.502,2.493,2.488
494,55,2.498,2.498,2.488
495,55,2.502,2.498,2.488
497,55,2.502,2.493,2.488
498,55,2.502,2.498,2.488
500,55,2.498,2.498,2.488
501,55,2.502,2.493,2.488
503,55,2.502,2.493,2.488
505,55,2.502,2.498,2.488
506,55,2.502,2.498,2.488
508,55,2.502,2.498,2.488
509,55,2.502,2.493,2.488
514,52,2.498,2.498,2.488
516,52,2.502,2.498,2.488
518,52,2.502,2.493,2.488
519,52,2.502,2.493,2.488
521,52,2.498,2.498,2.488
522,52,2.502,2.493,2.488
524,52,2.502,2.498,2.488
529,52,2.502,2.498,2.488
531,52,2.498,2.498,2.488
532,52,2.498,2.493,2.488
537,49,2.502,2.498,2.488
539,49,2.498,2.498,2.488
541,49,2.502,2.498,2.488
542,49,2.502,2.498,2.488
544,49,2.502,2.493,2.488
545,49,2.502,2.498,2.488
547,49,2.498,2.498,2.488
548,49,2.502,2.498,2.488
550,49,2.502,2.498,2.488
551,49,2.502,2.493,2.488
553,49,2.502,2.493,2.488
554,49,2.498,2.498,2.488
560,52,2.502,2.498,2.493
561,52,2.502,2.493,2.488
563,52,2.502,2.498,2.488
564,52,2.502,2.498,2.488
566,52,2.502,2.493,2.488
571,52,2.498,2.498,2.488
573,52,2.502,2.493,2.488
574,52,2.502,2.493,2.488
576,52,2.498,2.493,2.488
577,52,2.502,2.493,2.488
583,52,2.502,2.498,2.493
584,52,2.502,2.493,2.488
586,52,2.502,2.498,2.488
587,52,2.502,2.498,2.488
589,52,2.498,2.498,2.488
590,52,2.502,2.493,2.488
592,52,2.502,2.498,2.488
594,52,2.502,2.493,2.488
595,52,2.502,2.493,2.488
597,52,2.498,2.498,2.488
598,52,2.502,2.493,2.488
600,52,2.502,2.493,2.488
605,55,2.502,2.498,2.488
607,55,2.498,2.498,2.488
611,55,2.502,2.493,2.488
613,55,2.502,2.493,2.483
615,55,2.502,2.493,2.488
616,55,2.498,2.493,2.488
618,55,2.502,2.498,2.488
620,55,2.498,2.498,2.488
621,55,2.502,2.498,2.488
623,55,2.498,2.498,2.488
628,53,2.502,2.498,2.488
630,53,2.502,2.498,2.488
631,53,2.502,2.493,2.488
633,53,2.502,2.498,2.488
634,53,2.502,2.498,2.488
636,53,2.502,2.498,2.488
637,53,2.502,2.493,2.493
639,53,2.502,2.498,2.488
640,53,2.502,2.498,2.488
642,53,2.502,2.493,2.488
643,53,2.502,2.498,2.488
645,53,2.502,2.493,2.488
653,53,2.502,2.498,2.488
656,53,2.502,2.498,2.488
657,53,2.498,2.493,2.488
666,53,2.502,2.498,2.488
674,54,2.502,2.498,2.488
676,54,2.498,2.493,2.488
677,54,2.498,2.498,2.488
679,54,2.502,2.493,2.488
680,54,2.498,2.498,2.488
682,54,2.502,2.498,2.488
683,54,2.502,2.493,2.488
685,54,2.502,2.493,2.488
687,54,2.498,2.498,2.488
688,54,2.498,2.498,2.488
690,54,2.498,2.498,2.488
695,51,2.502,2.498,2.488
696,51,2.502,2.493,2.488
699,51,2.498,2.498,2.488
701,51,2.498,2.498,2.488
702,51,2.502,2.498,2.488
718,49,2.502,2.498,2.493
720,49,2.502,2.498,2.488
721,49,2.498,2.498,2.488
723,49,2.502,2.493,2.488
724,49,2.502,2.498,2.488
726,49,2.502,2.498,2.488
727,49,2.502,2.493,2.488
729,49,2.502,2.498,2.488
730,49,2.498,2.498,2.488
732,49,2.502,2.498,2.488
734,49,2.498,2.498,2.488
735,49,2.498,2.493,2.488
741,54,2.502,2.493,2.493
743,54,2.498,2.498,2.488
745,54,2.502,2.498,2.488
746,54,2.498,2.498,2.488
748,54,2.502,2.498,2.488
749,54,2.498,2.498,2.488
751,54,2.502,2.493,2.488
752,54,2.498,2.498,2.488
757,54,2.502,2.493,2.488
758,54,2.502,2.498,2.488
763,51,2.502,2.498,2.493
765,51,2.498,2.498,2.488
766,51,2.502,2.498,2.488
768,51,2.502,2.498,2.488
770,51,2.502,2.493,2.488
771,51,2.498,2.498,2.488
773,51,2.502,2.498,2.488
774,51,2.502,2.493,2.488
776,51,2.502,2.493,2.488
777,51,2.498,2.498,2.488
779,51,2.498,2.498,2.488
780,51,2.502,2.493,2.488
787,55,2.502,2.498,2.488
788,55,2.498,2.498,2.488
790,55,2.502,2.493,2.488
791,55,2.502,2.498,2.488
793,55,2.502,2.493,2.488
797,55,2.502,2.498,2.488
799,55,2.502,2.498,2.488
800,55,2.502,2.498,2.488
802,55,2.498,2.498,2.488
803,55,2.502,2.498,2.488
809,53,2.498,2.498,2.493
810,53,2.502,2.498,2.488
812,53,2.502,2.498,2.488
813,53,2.502,2.498,2.488
815,53,2.502,2.493,2.488
816,53,2.502,2.493,2.488
818,53,2.502,2.498,2.488
820,53,2.502,2.493,2.488
821,53,2.498,2.498,2.488
823,53,2.502,2.498,2.488
824,53,2.498,2.498,2.488
827,53,2.502,2.498,2.488
832,52,2.502,2.498,2.488
834,52,2.502,2.493,2.488
835,52,2.502,2.493,2.488
839,52,2.502,2.498,2.488
841,52,2.502,2.498,2.488
842,52,2.502,2.498,2.488
844,52,2.502,2.498,2.488
846,52,2.502,2.498,2.488
847,52,2.498,2.498,2.488
849,52,2.502,2.493,2.488
854,51,2.502,2.498,2.488
855,51,2.502,2.493,2.488
857,51,2.498,2.498,2.488
859,51,2.502,2.498,2.488
860,51,2.502,2.498,2.488
862,51,2.502,2.498,2.488
863,51,2.502,2.493,2.493
865,51,2.502,2.498,2.488
866,51,2.502,2.498,2.488
869,51,2.502,2.493,2.488
870,51,2.502,2.493,2.488
872,51,2.502,2.493,2.488
877,55,2.502,2.498,2.493
882,55,2.502,2.493,2.488
883,55,2.502,2.498,2.488
885,55,2.502,2.498,2.488
886,55,2.502,2.498,2.488
899,53,2.502,2.498,2.493
903,53,2.502,2.498,2.488
905,53,2.498,2.498,2.493
906,53,2.502,2.493,2.488
908,53,2.498,2.498,2.488
909,53,2.502,2.498,2.488
912,53,2.502,2.498,2.483
914,53,2.502,2.493,2.488
915,53,2.502,2.493,2.488
917,53,2.502,2.493,2.488
922,50,2.507,2.498,2.488
923,50,2.502,2.498,2.488
925,50,2.498,2.498,2.488
927,50,2.498,2.498,2.488
928,50,2.502,2.498,2.488
932,50,2.502,2.493,2.488
934,50,2.502,2.493,2.488
935,50,2.502,2.498,2.488
937,50,2.502,2.498,2.493
939,50,2.498,2.498,2.488
944,54,2.507,2.498,2.493
945,54,2.498,2.498,2.493
947,54,2.502,2.498,2.488
948,54,2.502,2.498,2.488
950,54,2.502,2.493,2.488
952,54,2.502,2.498,2.488
954,54,2.502,2.498,2.488
956,54,2.498,2.498,2.488
957,54,2.502,2.498,2.488
959,54,2.502,2.498,2.488
960,54,2.498,2.498,2.488
962,54,2.502,2.498,2.488
967,56,2.507,2.498,2.488
969,56,2.502,2.493,2.488
970,56,2.502,2.493,2.488
975,56,2.502,2.493,2.488
976,56,2.502,2.498,2.488
978,56,2.502,2.493,2.488
979,56,2.502,2.498,2.488
981,56,2.502,2.493,2.493
982,56,2.502,2.498,2.493
984,56,2.502,2.498,2.488
989,51,2.507,2.498,2.493
991,51,2.502,2.493,2.488
992,51,2.502,2.498,2.488
994,51,2.502,2.493,2.488
995,51,2.502,2.493,2.488
998,51,2.502,2.498,2.488
999,51,2.498,2.498,2.493
1001,51,2.502,2.498,2.488
1003,51,2.502,2.498,2.493
1004,51,2.502,2.498,2.488
1006,51,2.498,2.498,2.488
1007,51,2.502,2.493,2.488
1015,49,2.502,2.498,2.488
1017,49,2.502,2.498,2.488
1019,49,2.502,2.498,2.488
1020,49,2.502,2.498,2.488
1022,49,2.502,2.498,2.493
1023,49,2.502,2.498,2.493
1025,49,2.502,2.493,2.488
1027,49,2.498,2.498,2.488
1028,49,2.502,2.498,2.488
1030,49,2.502,2.498,2.488
1035,55,2.502,2.498,2.488
1037,55,2.502,2.498,2.488
1038,55,2.502,2.498,2.488
1041,55,2.502,2.498,2.493
1042,55,2.498,2.498,2.493
1044,55,2.502,2.493,2.488
1046,55,2.502,2.493,2.488
1047,55,2.502,2.498,2.488
1049,55,2.502,2.498,2.488
1053,55,2.498,2.493,2.488
1058,53,2.502,2.498,2.493
1060,53,2.502,2.498,2.493
1061,53,2.498,2.498,2.493
1063,53,2.498,2.498,2.493
1065,53,2.502,2.498,2.488
1066,53,2.502,2.498,2.488
1068,53,2.502,2.498,2.488
1069,53,2.498,2.498,2.488
1071,53,2.502,2.493,2.488
1073,53,2.502,2.498,2.488
1074,53,2.502,2.498,2.488
1080,52,2.507,2.498,2.493
1082,52,2.502,2.498,2.493
1084,52,2.502,2.498,2.488
1085,52,2.502,2.498,2.488
1087,52,2.498,2.498,2.488
1088,52,2.502,2.493,2.488
1090,52,2.502,2.498,2.488
1094,52,2.498,2.498,2.488
1096,52,2.502,2.493,2.488
1098,52,2.502,2.498,2.488
1103,51,2.502,2.498,2.493
1104,51,2.502,2.493,2.488
1106,51,2.502,2.493,2.488
1108,51,2.502,2.493,2.488
1109,51,2.502,2.498,2.488
1119,51,2.502,2.493,2.488
1127,54,2.507,2.498,2.493
1129,54,2.502,2.498,2.488
1130,54,2.498,2.498,2.488
1132,54,2.502,2.493,2.488
1134,54,2.502,2.493,2.488
1135,54,2.498,2.498,2.488
1137,54,2.502,2.498,2.488
1138,54,2.498,2.498,2.493
1140,54,2.502,2.498,2.493
1142,54,2.502,2.493,2.488
1150,52,2.502,2.498,2.488
1151,52,2.498,2.488,2.483
1153,52,2.507,2.502,2.498
1154,52,2.498,2.498,2.488
1156,52,2.502,2.493,2.488
1158,52,2.502,2.498,2.493
1159,52,2.502,2.493,2.493
1161,52,2.498,2.498,2.493
1162,52,2.498,2.498,2.493
1164,52,2.502,2.493,2.488
1170,54,2.502,2.498,2.493
1172,54,2.502,2.498,2.488
1173,54,2.502,2.493,2.488
1175,54,2.502,2.498,2.488
1177,54,2.498,2.498,2.488
1178,54,2.502,2.498,2.493
1180,54,2.498,2.498,2.488
1181,54,2.502,2.493,2.488
1183,54,2.502,2.498,2.488
1187,54,2.502,2.498,2.488
1193,53,2.502,2.493,2.488
1194,53,2.502,2.498,2.488
1196,53,2.502,2.498,2.488
1197,53,2.502,2.498,2.488
1199,53,2.502,2.498,2.493
1200,53,2.502,2.498,2.488
1202,53,2.502,2.493,2.488
1204,53,2.498,2.498,2.493
1205,53,2.498,2.498,2.488
1207,53,2.502,2.498,2.488
1208,53,2.502,2.498,2.488
1211,53,2.502,2.493,2.488
1216,53,2.502,2.498,2.493
1218,53,2.498,2.498,2.488
1220,53,2.498,2.498,2.493
1221,53,2.502,2.493,2.488
1223,53,2.502,2.498,2.488
1224,53,2.502,2.498,2.488
1229,53,2.498,2.498,2.488
1230,53,2.498,2.498,2.488
1232,53,2.502,2.493,2.488
1233,53,2.502,2.493,2.488
1239,50,2.502,2.498,2.488
1240,50,2.502,2.498,2.488
1242,50,2.502,2.498,2.493
1243,50,2.502,2.493,2.493
1245,50,2.502,2.493,2.488
1247,50,2.502,2.498,2.488
1248,50,2.502,2.498,2.488
1250,50,2.502,2.498,2.488
1251,50,2.498,2.498,2.488
1254,50,2.502,2.493,2.488
1256,50,2.498,2.498,2.488
1261,54,2.502,2.493,2.488
1262,54,2.502,2.498,2.488
1264,54,2.502,2.498,2.488
1266,54,2.502,2.498,2.488
1270,54,2.502,2.498,2.488
1272,54,2.502,2.498,2.488
1273,54,2.502,2.498,2.488
1275,54,2.502,2.498,2.488
1276,54,2.502,2.493,2.488
1278,54,2.498,2.498,2.488
1283,53,2.502,2.498,2.493
1285,53,2.502,2.493,2.493
1286,53,2.502,2.498,2.488
1288,53,2.502,2.498,2.488
1290,53,2.502,2.498,2.488
1291,53,2.502,2.498,2.488
1293,53,2.502,2.498,2.488
1294,53,2.502,2.498,2.488
1297,53,2.498,2.498,2.488
1299,53,2.502,2.493,2.488
1300,53,2.502,2.498,2.488
1302,53,2.502,2.493,2.483
1307,54,2.502,2.498,2.493
1311,54,2.502,2.493,2.488
1313,54,2.502,2.493,2.488
1314,54,2.502,2.498,2.488
1316,54,2.498,2.498,2.488
1318,54,2.502,2.498,2.488
1319,54,2.502,2.498,2.488
1321,54,2.502,2.498,2.488
1322,54,2.502,2.498,2.488
1328,53,2.498,2.498,2.488
1329,53,2.502,2.493,2.493
1331,53,2.502,2.498,2.488
1333,53,2.502,2.498,2.493
1334,53,2.502,2.498,2.483
1344,53,2.498,2.493,2.488
1352,53,2.502,2.498,2.488
1354,53,2.502,2.498,2.493
1355,53,2.498,2.498,2.488
1357,53,2.502,2.498,2.488
1359,53,2.498,2.493,2.488
1363,53,2.502,2.498,2.488
1364,53,2.498,2.493,2.488
1366,53,2.502,2.498,2.488
1368,53,2.498,2.493,2.488
1373,53,2.502,2.498,2.493
1375,53,2.502,2.498,2.493
1376,53,2.502,2.493,2.488
1378,53,2.498,2.498,2.493
1379,53,2.498,2.498,2.488
1382,53,2.498,2.498,2.488
1384,53,2.502,2.493,2.488
1385,53,2.498,2.498,2.488
1387,53,2.498,2.498,2.493
1388,53,2.502,2.493,2.493
1390,53,2.493,2.493,2.483
1391,53,2.507,2.498,2.493
1397,50,2.498,2.493,2.488
1398,50,2.507,2.502,2.493
1400,50,2.493,2.483,2.483
1412,50,2.498,2.488,2.488
1414,50,2.502,2.498,2.488
1419,54,2.502,2.498,2.493
1421,54,2.502,2.493,2.493
1422,54,2.498,2.498,2.493
1425,54,2.502,2.493,2.488
1426,54,2.502,2.498,2.493
1428,54,2.502,2.498,2.488
1430,54,2.502,2.498,2.488
1431,54,2.502,2.493,2.488
1433,54,2.502,2.493,2.488
1434,54,2.498,2.498,2.488
1436,54,2.502,2.498,2.488
1441,51,2.507,2.498,2.493
1443,51,2.502,2.498,2.488
1444,51,2.502,2.498,2.488
1446,51,2.502,2.498,2.488
1448,51,2.502,2.498,2.488
1449,51,2.502,2.493,2.488
1454,51,2.502,2.498,2.488
1455,51,2.498,2.498,2.488
1457,51,2.502,2.493,2.493
1458,51,2.502,2.498,2.493
1464,51,2.507,2.493,2.493
1466,51,2.502,2.493,2.493
1468,51,2.498,2.498,2.493
1469,51,2.502,2.493,2.488
1471,51,2.502,2.498,2.483
1473,51,2.502,2.498,2.493
1474,51,2.502,2.498,2.493
1476,51,2.498,2.488,2.488
1477,51,2.498,2.498,2.493
1479,51,2.502,2.493,2.493
1481,51,2.502,2.493,2.488
1482,51,2.502,2.498,2.493
1487,52,2.502,2.493,2.488
1489,52,2.502,2.493,2.493
1491,52,2.498,2.498,2.488
1495,52,2.502,2.498,2.483
1496,52,2.502,2.493,2.488
1498,52,2.502,2.493,2.493
1500,52,2.502,2.493,2.493
1501,52,2.502,2.498,2.488
1503,52,2.498,2.498,2.493
1504,52,2.498,2.488,2.488
1511,52,2.502,2.498,2.493
1512,52,2.502,2.498,2.488
1514,52,2.502,2.493,2.493
1516,52,2.502,2.498,2.488
1517,52,2.502,2.498,2.488
1519,52,2.498,2.498,2.493
1520,52,2.502,2.498,2.488
1522,52,2.502,2.498,2.488
1523,52,2.502,2.493,2.488
1525,52,2.502,2.498,2.493
1527,52,2.502,2.498,2.488
1532,53,2.498,2.498,2.493
1536,53,2.502,2.498,2.488
1538,53,2.498,2.498,2.493
1539,53,2.502,2.493,2.493
1541,53,2.502,2.498,2.488
1543,53,2.498,2.498,2.493
1544,53,2.502,2.493,2.488
1546,53,2.502,2.493,2.493
1547,53,2.502,2.498,2.488
1549,53,2.498,2.498,2.488
1555,53,2.507,2.498,2.493
1557,53,2.498,2.498,2.488
1559,53,2.502,2.498,2.488
1560,53,2.502,2.493,2.488
1562,53,2.502,2.498,2.493
1563,53,2.502,2.498,2.493
1565,53,2.502,2.498,2.488
1566,53,2.498,2.498,2.493
1568,53,2.502,2.498,2.488
1581,56,2.502,2.493,2.493
1588,56,2.502,2.493,2.488
1589,56,2.498,2.498,2.488
1591,56,2.498,2.498,2.488
1594,56,2.502,2.493,2.488
1595,56,2.502,2.493,2.488
1600,58,2.507,2.498,2.493
1602,58,2.502,2.498,2.493
1604,58,2.502,2.498,2.493
1605,58,2.502,2.493,2.488
1607,58,2.498,2.498,2.488
1608,58,2.502,2.498,2.488
1610,58,2.498,2.493,2.488
1612,58,2.502,2.498,2.488
1613,58,2.502,2.498,2.488
1615,58,2.502,2.493,2.488
1616,58,2.502,2.493,2.488
1622,52,2.502,2.493,2.493
1623,52,2.502,2.498,2.493
1625,52,2.502,2.493,2.488
1629,52,2.502,2.498,2.488
1631,52,2.498,2.498,2.488
1632,52,2.498,2.498,2.488
1634,52,2.498,2.493,2.483
1635,52,2.488,2.478,2.478
1638,52,2.488,2.483,2.473
1640,52,2.483,2.478,2.468
1645,55,2.473,2.463,2.458
1647,55,2.424,2.419,2.410
1648,55,2.444,2.439,2.429
1650,55,2.454,2.449,2.439
1651,55,2.454,2.444,2.439
1653,55,2.454,2.444,2.439
1654,55,2.454,2.444,2.439
1656,55,2.449,2.449,2.439
1658,55,2.454,2.449,2.439
1659,55,2.449,2.444,2.439
1661,55,2.449,2.449,2.439
1662,55,2.449,2.439,2.439
1670,53,2.483,2.473,2.468
1672,53,2.468,2.463,2.454
1674,53,2.488,2.483,2.473
1675,53,2.458,2.454,2.444
1677,53,2.454,2.444,2.439
1678,53,2.493,2.493,2.488
1681,53,2.502,2.493,2.488
1683,53,2.502,2.498,2.488
1684,53,2.502,2.498,2.488
1686,53,2.502,2.498,2.488
1691,53,2.502,2.493,2.483
1693,53,2.498,2.493,2.483
1694,53,2.493,2.478,2.473
1696,53,2.375,2.366,2.366
1697,53,2.488,2.483,2.478
1699,53,2.493,2.488,2.483
1701,53,2.493,2.493,2.483
1702,53,2.493,2.493,2.483
1704,53,2.498,2.493,2.488
1708,53,2.493,2.493,2.488
1713,51,2.502,2.498,2.488
1715,51,2.498,2.498,2.488
1717,51,2.502,2.498,2.483
1718,51,2.502,2.493,2.488
1720,51,2.502,2.493,2.488
1722,51,2.502,2.498,2.488
1724,51,2.502,2.498,2.488
1726,51,2.502,2.498,2.488
1727,51,2.498,2.498,2.488
1729,51,2.502,2.493,2.483
1730,51,2.498,2.493,2.488
1736,52,2.502,2.498,2.488
1737,52,2.502,2.493,2.488
1739,52,2.498,2.498,2.488
1740,52,2.502,2.493,2.488
1742,52,2.502,2.493,2.488
1744,52,2.502,2.493,2.488
1745,52,2.502,2.498,2.488
1749,52,2.502,2.493,2.488
1751,52,2.498,2.498,2.488
1753,52,2.498,2.493,2.488
1758,50,2.502,2.493,2.493
1759,50,2.502,2.498,2.488
1761,50,2.502,2.498,2.488
1763,50,2.498,2.498,2.488
1765,50,2.498,2.498,2.488
1767,50,2.502,2.493,2.488
1768,50,2.502,2.493,2.483
1770,50,2.498,2.493,2.488
1772,50,2.498,2.493,2.488
1773,50,2.502,2.493,2.488
1775,50,2.502,2.493,2.488
1776,50,2.498,2.493,2.483
1782,53,2.502,2.493,2.488
1783,53,2.498,2.493,2.488
1785,53,2.502,2.493,2.488
1786,53,2.498,2.498,2.488
1791,53,2.498,2.493,2.488
1792,53,2.498,2.493,2.488
1794,53,2.502,2.493,2.483
1796,53,2.498,2.493,2.488
1810,54,2.502,2.493,2.488
1814,54,2.498,2.493,2.483
1815,54,2.498,2.493,2.488
1817,54,2.498,2.488,2.488
1818,54,2.498,2.493,2.483
1820,54,2.498,2.493,2.488
1825,53,2.502,2.493,2.483
1827,53,2.498,2.493,2.488
1829,53,2.498,2.493,2.483
1830,53,2.502,2.493,2.488
1832,53,2.502,2.493,2.483
1833,53,2.502,2.493,2.488
1835,53,2.498,2.498,2.488
1837,53,2.498,2.498,2.488
1838,53,2.502,2.493,2.488
1842,53,2.502,2.493,2.488
1848,52,2.502,2.498,2.493
1850,52,2.502,2.493,2.488
1852,52,2.502,2.493,2.488
1853,52,2.498,2.498,2.493
1855,52,2.498,2.498,2.493
1857,52,2.502,2.498,2.488
1858,52,2.502,2.498,2.488
1860,52,2.498,2.498,2.488
1861,52,2.502,2.493,2.488
1863,52,2.502,2.498,2.488
1865,52,2.502,2.493,2.488
1866,52,2.502,2.493,2.493
1871,52,2.502,2.498,2.488
1873,52,2.498,2.493,2.483
1875,52,2.498,2.493,2.483
1876,52,2.498,2.493,2.488
1878,52,2.502,2.493,2.488
1879,52,2.502,2.493,2.488
1884,52,2.498,2.493,2.488
1885,52,2.502,2.493,2.488
1887,52,2.502,2.493,2.488
1889,52,2.502,2.493,2.488
1895,50,2.502,2.493,2.488
1896,50,2.502,2.498,2.488
1898,50,2.502,2.498,2.488
1900,50,2.502,2.493,2.488
1901,50,2.498,2.498,2.488
1903,50,2.502,2.493,2.488
1904,50,2.502,2.498,2.488
1906,50,2.502,2.493,2.488
1908,50,2.498,2.498,2.488
1909,50,2.502,2.493,2.488
1911,50,2.502,2.493,2.488
1916,49,2.502,2.493,2.493
1918,49,2.502,2.493,2.488
1919,49,2.502,2.498,2.488
1921,49,2.498,2.498,2.488
1925,49,2.498,2.498,2.488
1927,49,2.498,2.493,2.488
1928,49,2.502,2.493,2.488
1930,49,2.498,2.493,2.483
1931,49,2.502,2.493,2.483
1933,49,2.502,2.493,2.483
1939,50,2.502,2.493,2.488
1941,50,2.502,2.498,2.488
1942,50,2.502,2.498,2.488
1944,50,2.502,2.493,2.488
1946,50,2.498,2.498,2.488
1947,50,2.502,2.498,2.488
1949,50,2.502,2.498,2.488
1950,50,2.498,2.498,2.488
1952,50,2.502,2.493,2.488
1954,50,2.502,2.498,2.488
1955,50,2.502,2.493,2.488
1957,50,2.502,2.498,2.488
1962,52,2.507,2.498,2.488
1966,52,2.502,2.498,2.488
1968,52,2.498,2.498,2.488
1970,52,2.502,2.493,2.488
1971,52,2.502,2.498,2.488
1973,52,2.502,2.493,2.488
1974,52,2.502,2.498,2.488
1976,52,2.498,2.498,2.488
1979,52,2.498,2.498,2.488
1984,55,2.502,2.498,2.488
1985,55,2.502,2.498,2.488
1987,55,2.502,2.498,2.488
1989,55,2.502,2.493,2.488
1990,55,2.498,2.498,2.488
1992,55,2.502,2.493,2.488
1993,55,2.502,2.498,2.488
1995,55,2.502,2.493,2.488
1997,55,2.498,2.498,2.488
1998,55,2.502,2.498,2.488
2000,55,2.502,2.498,2.488
2008,52,2.502,2.493,2.488
2009,52,2.502,2.498,2.488
2011,52,2.502,2.493,2.488
2013,52,2.502,2.493,2.483
2014,52,2.502,2.493,2.488
2016,52,2.502,2.493,2.488
2017,52,2.502,2.498,2.483
2019,52,2.502,2.498,2.488
2021,52,2.502,2.493,2.488
2035,53,2.502,2.498,2.488
2039,53,2.498,2.493,2.488
2040,53,2.502,2.493,2.488
2042,53,2.502,2.493,2.488
2043,53,2.502,2.498,2.488
2045,53,2.502,2.493,2.488
2046,53,2.498,2.493,2.488
2052,51,2.498,2.498,2.488
2053,51,2.502,2.493,2.488
2055,51,2.498,2.493,2.488
2059,51,2.502,2.498,2.488
2061,51,2.502,2.498,2.493
2064,51,2.498,2.498,2.488
2065,51,2.502,2.498,2.488
2067,51,2.502,2.498,2.488
2068,51,2.502,2.493,2.488
2070,51,2.498,2.493,2.488
2075,51,2.502,2.498,2.488
2077,51,2.502,2.493,2.488
2078,51,2.502,2.493,2.488
2080,51,2.502,2.498,2.488
2082,51,2.502,2.498,2.488
2083,51,2.502,2.498,2.488
2085,51,2.502,2.498,2.488
2086,51,2.498,2.498,2.488
2088,51,2.498,2.498,2.488
2089,51,2.502,2.493,2.488
2091,51,2.502,2.493,2.488
2096,51,2.502,2.498,2.488
2110,51,2.502,2.493,2.488
2111,51,2.502,2.493,2.488
2113,51,2.502,2.493,2.488
2114,51,2.498,2.498,2.488
2120,53,2.502,2.498,2.488
2121,53,2.498,2.498,2.488
2123,53,2.498,2.498,2.488
2124,53,2.502,2.493,2.488
2126,53,2.502,2.498,2.488
2128,53,2.498,2.498,2.488
2129,53,2.502,2.493,2.488
2131,53,2.502,2.493,2.488
2132,53,2.498,2.493,2.488
2134,53,2.498,2.493,2.483
2136,53,2.502,2.493,2.488
2137,53,2.498,2.493,2.488
2142,55,2.502,2.498,2.488
2144,55,2.498,2.498,2.488
2146,55,2.502,2.498,2.488
2151,55,2.498,2.493,2.488
2153,55,2.502,2.493,2.488
2154,55,2.502,2.493,2.488
2156,55,2.502,2.493,2.488
2157,55,2.502,2.493,2.488
2159,55,2.502,2.493,2.488
2160,55,2.502,2.493,2.483
2166,53,2.502,2.498,2.488
2167,53,2.502,2.493,2.488
2169,53,2.502,2.493,2.488
2171,53,2.498,2.498,2.488
2172,53,2.498,2.498,2.488
2174,53,2.502,2.493,2.488
2175,53,2.502,2.493,2.488
2177,53,2.502,2.498,2.488
2179,53,2.502,2.498,2.488
2180,53,2.502,2.493,2.488
2182,53,2.498,2.498,2.488
2190,55,2.502,2.498,2.488
2192,55,2.502,2.498,2.488
2194,55,2.502,2.493,2.488
2195,55,2.498,2.498,2.488
2197,55,2.502,2.493,2.488
2199,55,2.502,2.498,2.488
2200,55,2.502,2.498,2.488
2202,55,2.502,2.498,2.488
2203,55,2.502,2.493,2.488
2205,55,2.498,2.493,2.488
2210,53,2.502,2.493,2.488
2212,53,2.502,2.493,2.488
2214,53,2.502,2.493,2.488
2215,53,2.502,2.493,2.488
2217,53,2.502,2.493,2.488
2218,53,2.502,2.498,2.488
2220,53,2.502,2.498,2.488
2221,53,2.502,2.498,2.488
2223,53,2.502,2.493,2.488
2227,53,2.498,2.498,2.488
2234,51,2.502,2.493,2.488
2235,51,2.502,2.493,2.488
2237,51,2.502,2.493,2.488
2238,51,2.502,2.493,2.488
2240,51,2.502,2.498,2.488
2242,51,2.502,2.498,2.488
2243,51,2.502,2.498,2.488
2245,51,2.502,2.498,2.488
2246,51,2.498,2.498,2.488
2248,51,2.493,2.488,2.483
2250,51,2.507,2.502,2.498
2255,55,2.502,2.493,2.488
2256,55,2.502,2.493,2.488
2258,55,2.502,2.498,2.488
2267,55,2.498,2.493,2.488
2271,55,2.498,2.493,2.488
2273,55,2.498,2.488,2.483
2279,53,2.502,2.498,2.488
2284,53,2.498,2.498,2.488
2285,53,2.502,2.498,2.488
2287,53,2.502,2.493,2.488
2288,53,2.502,2.493,2.488
2290,53,2.502,2.493,2.488
2291,53,2.502,2.493,2.488
2293,53,2.498,2.493,2.488
2295,53,2.498,2.493,2.488
2300,50,2.502,2.498,2.488
2302,50,2.498,2.498,2.488
2303,50,2.502,2.498,2.488
2305,50,2.498,2.498,2.488
2306,50,2.502,2.493,2.488
2308,50,2.502,2.493,2.488
2310,50,2.502,2.493,2.488
2311,50,2.502,2.493,2.488
2313,50,2.502,2.493,2.488
2314,50,2.502,2.493,2.488
2316,50,2.502,2.493,2.488
2325,57,2.502,2.498,2.493
2327,57,2.498,2.498,2.488
2328,57,2.502,2.493,2.488
2330,57,2.502,2.498,2.488
2331,57,2.502,2.493,2.488
2333,57,2.502,2.498,2.488
2334,57,2.498,2.498,2.488
2336,57,2.502,2.493,2.488
2338,57,2.498,2.498,2.488
2339,57,2.498,2.498,2.488
2341,57,2.502,2.498,2.488
2346,56,2.502,2.498,2.488
2348,56,2.498,2.498,2.488
2349,56,2.502,2.493,2.488
2351,56,2.502,2.498,2.488
2353,56,2.502,2.493,2.488
2354,56,2.502,2.493,2.488
2356,56,2.502,2.493,2.488
2357,56,2.502,2.498,2.488
2363,56,2.498,2.493,2.488
2364,56,2.502,2.493,2.483
2369,53,2.502,2.498,2.488
2371,53,2.502,2.493,2.488
2373,53,2.502,2.493,2.488
2374,53,2.502,2.493,2.488
2376,53,2.502,2.493,2.488
2377,53,2.502,2.493,2.488
2379,53,2.502,2.493,2.488
2381,53,2.502,2.493,2.488
2382,53,2.502,2.498,2.488
2384,53,2.502,2.493,2.488
2385,53,2.502,2.498,2.488
2391,55,2.507,2.498,2.493
2392,55,2.507,2.498,2.488
2394,55,2.502,2.498,2.488
2395,55,2.507,2.498,2.488
2397,55,2.502,2.493,2.488
2399,55,2.502,2.493,2.488
2403,55,2.502,2.493,2.483
2406,55,2.502,2.498,2.488
2407,55,2.507,2.502,2.493
2409,55,2.507,2.498,2.493
2414,52,2.512,2.502,2.493
2416,52,2.507,2.498,2.493
2417,52,2.502,2.498,2.488
2419,52,2.502,2.498,2.488
2420,52,2.502,2.493,2.483
2422,52,2.502,2.493,2.488
2424,52,2.502,2.493,2.488
2425,52,2.502,2.498,2.488
2427,52,2.507,2.498,2.493
2428,52,2.507,2.498,2.493
2430,52,2.512,2.502,2.498
2431,52,2.507,2.498,2.493
2437,51,2.507,2.498,2.488
2438,51,2.502,2.498,2.488
2440,51,2.502,2.493,2.483
2444,51,2.502,2.498,2.488
2446,51,2.507,2.498,2.493
2448,51,2.507,2.498,2.493
2450,51,2.512,2.502,2.498
2452,51,2.512,2.502,2.498
2453,51,2.512,2.502,2.493
2458,57,2.507,2.498,2.488
2460,57,2.502,2.493,2.483
2462,57,2.502,2.493,2.483
2463,57,2.502,2.493,2.488
2465,57,2.507,2.498,2.488
2466,57,2.507,2.498,2.488
2468,57,2.507,2.502,2.493
2470,57,2.512,2.502,2.498
2471,57,2.512,2.502,2.493
2473,57,2.512,2.502,2.493
2474,57,2.507,2.502,2.493
2476,57,2.507,2.498,2.488
2481,52,2.507,2.498,2.488
2485,52,2.507,2.498,2.488
2496,52,2.512,2.498,2.493
2504,52,2.517,2.498,2.493
2505,52,2.517,2.498,2.493
2507,52,2.522,2.502,2.498
2508,52,2.522,2.502,2.502
2510,52,2.527,2.507,2.502
2512,52,2.527,2.507,2.502
2513,52,2.527,2.507,2.502
2515,52,2.527,2.502,2.502
2516,52,2.527,2.502,2.502
2518,52,2.527,2.498,2.498
2519,52,2.522,2.498,2.498
2521,52,2.522,2.498,2.498
2526,52,2.537,2.507,2.507
2528,52,2.532,2.502,2.507
2529,52,2.537,2.507,2.507
2531,52,2.537,2.507,2.507
2534,52,2.532,2.507,2.507
2538,52,2.522,2.498,2.498
2540,52,2.517,2.498,2.493
2541,52,2.517,2.498,2.493
2543,52,2.512,2.498,2.493
2544,52,2.512,2.498,2.493
2550,51,2.517,2.507,2.498
2551,51,2.512,2.502,2.498
2553,51,2.512,2.502,2.493
2554,51,2.507,2.502,2.493
2556,51,2.507,2.498,2.493
2558,51,2.502,2.498,2.488
2559,51,2.502,2.493,2.483
2561,51,2.502,2.493,2.483
2562,51,2.502,2.493,2.483
2564,51,2.502,2.498,2.488
2565,51,2.507,2.498,2.488
2571,51,2.517,2.507,2.498
2572,51,2.512,2.502,2.493
2574,51,2.507,2.502,2.493
2579,51,2.502,2.493,2.488
2581,51,2.502,2.493,2.483
2582,51,2.502,2.493,2.483
2584,51,2.502,2.498,2.488
2586,51,2.502,2.498,2.488
2587,51,2.507,2.502,2.493
2589,51,2.512,2.502,2.493
2594,54,2.517,2.502,2.498
2596,54,2.507,2.502,2.493
2597,54,2.502,2.498,2.488
2599,54,2.502,2.493,2.488
2600,54,2.502,2.493,2.488
2602,54,2.502,2.493,2.483
2604,54,2.502,2.498,2.488
2605,54,2.507,2.498,2.488
2607,54,2.512,2.502,2.493
2608,54,2.512,2.502,2.493
2610,54,2.512,2.502,2.498
2612,54,2.527,2.512,2.502
2621,55,2.502,2.498,2.488
2622,55,2.502,2.493,2.488
2624,55,2.502,2.493,2.488
2625,55,2.502,2.498,2.488
2627,55,2.512,2.502,2.493
2629,55,2.507,2.502,2.493
2630,55,2.512,2.502,2.498
2632,55,2.512,2.502,2.498
2633,55,2.512,2.502,2.493
2635,55,2.507,2.502,2.493
2640,49,2.507,2.498,2.488
2642,49,2.502,2.493,2.488
2643,49,2.502,2.498,2.488
2645,49,2.507,2.498,2.488
2647,49,2.507,2.502,2.493
2648,49,2.507,2.498,2.493
2650,49,2.512,2.502,2.498
2651,49,2.512,2.502,2.498
2653,49,2.512,2.502,2.498
2657,49,2.502,2.493,2.483
2663,54,2.507,2.498,2.488
2665,54,2.507,2.498,2.493
2667,54,2.507,2.498,2.493
2668,54,2.512,2.502,2.493
2670,54,2.517,2.502,2.498
2671,54,2.512,2.502,2.498
2673,54,2.512,2.502,2.498
2675,54,2.512,2.502,2.493
2676,54,2.507,2.498,2.493
2678,54,2.507,2.498,2.488
2679,54,2.502,2.493,2.488
2685,52,2.512,2.498,2.493
2686,52,2.507,2.498,2.493
2688,52,2.512,2.502,2.493
2689,52,2.512,2.502,2.498
2691,52,2.512,2.502,2.498
2693,52,2.512,2.502,2.498
2694,52,2.512,2.502,2.493
2698,52,2.502,2.493,2.483
2700,52,2.502,2.493,2.488
2702,52,2.502,2.493,2.483
2708,52,2.517,2.507,2.498
2710,52,2.512,2.502,2.498
2711,52,2.512,2.502,2.498
2721,52,2.502,2.493,2.483
2725,52,2.502,2.498,2.488
2730,53,2.517,2.507,2.498
2731,53,2.517,2.502,2.498
2733,53,2.517,2.502,2.498
2735,53,2.517,2.502,2.498
2736,53,2.512,2.498,2.493
2738,53,2.512,2.498,2.493
2739,53,2.512,2.498,2.493
2741,53,2.517,2.498,2.493
2743,53,2.522,2.498,2.498
2744,53,2.527,2.498,2.502
2747,53,2.537,2.502,2.507
2755,52,2.556,2.512,2.522
2756,52,2.556,2.507,2.522
2758,52,2.556,2.507,2.522
2759,52,2.556,2.502,2.522
2761,52,2.556,2.502,2.522
2763,52,2.561,2.507,2.522
2764,52,2.561,2.507,2.527
2766,52,2.566,2.507,2.527
2767,52,2.571,2.517,2.532
2769,52,2.571,2.517,2.537
2771,52,2.566,2.512,2.532
2776,51,2.556,2.512,2.522
2777,51,2.546,2.502,2.512
2779,51,2.537,2.498,2.502
2781,51,2.527,2.498,2.502
2782,51,2.522,2.498,2.498
2784,51,2.517,2.498,2.498
2785,51,2.512,2.498,2.493
2787,51,2.512,2.502,2.498
2804,51,2.507,2.498,2.488
2806,51,2.507,2.498,2.488
2807,51,2.512,2.502,2.493
2809,51,2.512,2.502,2.498
2811,51,2.512,2.502,2.498
2812,51,2.512,2.502,2.493
2814,51,2.512,2.502,2.493
2815,51,2.507,2.498,2.493
2821,54,2.507,2.498,2.488
2822,54,2.502,2.493,2.488
2824,54,2.507,2.498,2.488
2825,54,2.507,2.498,2.488
2827,54,2.507,2.502,2.493
2829,54,2.512,2.502,2.498
2830,54,2.512,2.502,2.498
2833,54,2.512,2.502,2.498
2834,54,2.512,2.502,2.493
2836,54,2.507,2.502,2.493
2837,54,2.502,2.493,2.488
2845,51,2.507,2.498,2.493
2847,51,2.507,2.502,2.493
2849,51,2.507,2.502,2.493
2850,51,2.512,2.502,2.498
2852,51,2.512,2.502,2.498
2853,51,2.512,2.502,2.493
2855,51,2.507,2.498,2.493
2857,51,2.507,2.498,2.488
2858,51,2.502,2.498,2.488
2860,51,2.502,2.493,2.483
2865,52,2.507,2.498,2.493
2867,52,2.507,2.502,2.493
2868,52,2.512,2.502,2.493
2870,52,2.512,2.502,2.498
2871,52,2.512,2.502,2.493
2874,52,2.512,2.502,2.493
2876,52,2.507,2.498,2.493
2877,52,2.507,2.498,2.488
2879,52,2.502,2.498,2.488
2883,52,2.502,2.493,2.488
2888,52,2.517,2.502,2.493
2890,52,2.512,2.502,2.498
2892,52,2.512,2.502,2.498
2893,52,2.512,2.502,2.493
2895,52,2.507,2.502,2.493
2896,52,2.507,2.498,2.488
2898,52,2.507,2.498,2.488
2899,52,2.502,2.493,2.483
2901,52,2.502,2.493,2.483
2903,52,2.502,2.493,2.488
2904,52,2.502,2.498,2.488
2906,52,2.507,2.498,2.493
2911,51,2.517,2.507,2.498
2913,51,2.512,2.502,2.493
2914,51,2.507,2.502,2.493
2917,51,2.507,2.498,2.488
2918,51,2.502,2.498,2.488
2920,51,2.502,2.493,2.483
2924,51,2.507,2.498,2.488
2926,51,2.507,2.498,2.493
2928,51,2.512,2.502,2.498
2929,51,2.512,2.502,2.493
2934,52,2.512,2.502,2.493
2936,52,2.507,2.498,2.493
2938,52,2.502,2.498,2.488
2939,52,2.502,2.493,2.483
2941,52,2.502,2.493,2.488
2942,52,2.502,2.493,2.488
2944,52,2.502,2.498,2.488
2957,52,2.507,2.498,2.488
2962,52,2.502,2.493,2.488
2964,52,2.502,2.493,2.483
2965,52,2.507,2.498,2.488
2967,52,2.507,2.498,2.493
2968,52,2.507,2.498,2.493
2970,52,2.512,2.502,2.498
2972,52,2.512,2.502,2.498
2980,55,2.507,2.498,2.488
2981,55,2.502,2.493,2.483
2983,55,2.502,2.493,2.488
2984,55,2.507,2.498,2.488
2986,55,2.507,2.498,2.488
2988,55,2.507,2.502,2.493
2989,55,2.512,2.502,2.498
2991,55,2.512,2.502,2.498
2992,55,2.512,2.502,2.498
2994,55,2.507,2.502,2.493
2995,55,2.507,2.498,2.493
3002,52,2.507,2.498,2.488
3003,52,2.502,2.493,2.488
3005,52,2.507,2.498,2.488
3007,52,2.507,2.498,2.493
3008,52,2.512,2.502,2.493
3010,52,2.512,2.502,2.498
3011,52,2.512,2.507,2.498
3013,52,2.512,2.502,2.493
3017,52,2.502,2.498,2.488
3019,52,2.502,2.493,2.488
3024,52,2.507,2.498,2.493
3026,52,2.507,2.498,2.493
3027,52,2.512,2.502,2.493
3029,52,2.512,2.502,2.498
3030,52,2.512,2.502,2.498
3032,52,2.512,2.502,2.498
3034,52,2.512,2.502,2.493
3035,52,2.507,2.498,2.493
3037,52,2.502,2.498,2.488
3038,52,2.502,2.493,2.483
3040,52,2.502,2.493,2.483
3042,52,2.502,2.493,2.483
3048,54,2.517,2.502,2.498
3049,54,2.512,2.502,2.498
3051,54,2.512,2.502,2.498
3053,54,2.512,2.502,2.498
3054,54,2.507,2.502,2.493
3058,54,2.507,2.498,2.488
3060,54,2.502,2.493,2.483
3062,54,2.502,2.493,2.488
3063,54,2.502,2.493,2.488
3069,53,2.522,2.507,2.498
3070,53,2.522,2.507,2.502
3072,53,2.522,2.507,2.502
3073,53,2.522,2.507,2.502
3075,53,2.522,2.502,2.498
3076,53,2.517,2.498,2.493
3078,53,2.512,2.498,2.493
3080,53,2.507,2.493,2.488
3081,53,2.507,2.498,2.488
3083,53,2.512,2.498,2.488
3084,53,2.512,2.498,2.493
3086,53,2.517,2.502,2.498
3092,50,2.527,2.507,2.502
3094,50,2.522,2.502,2.498
3095,50,2.517,2.502,2.498
3100,50,2.512,2.493,2.488
3101,50,2.512,2.498,2.493
3103,50,2.507,2.498,2.493
3105,50,2.512,2.498,2.493
3106,50,2.512,2.502,2.493
3108,50,2.512,2.502,2.498
3109,50,2.517,2.502,2.498
3115,52,2.517,2.502,2.493
3116,52,2.507,2.498,2.488
3118,52,2.502,2.498,2.488
3119,52,2.502,2.493,2.483
3121,52,2.502,2.493,2.483
3123,52,2.502,2.493,2.488
3124,52,2.507,2.498,2.488
3126,52,2.507,2.498,2.493
3127,52,2.512,2.502,2.493
3130,52,2.517,2.502,2.498
3131,52,2.517,2.502,2.498
3137,54,2.512,2.502,2.493
3141,54,2.507,2.493,2.488
3143,54,2.507,2.493,2.488
3144,54,2.512,2.498,2.493
3146,54,2.517,2.498,2.493
3147,54,2.522,2.502,2.498
3149,54,2.527,2.507,2.502
3151,54,2.532,2.507,2.507
3152,54,2.537,2.507,2.507
3154,54,2.537,2.507,2.507
3159,55,2.542,2.502,2.512
3161,55,2.542,2.502,2.507
3162,55,2.546,2.502,2.512
3164,55,2.551,2.507,2.517
3165,55,2.551,2.507,2.517
3167,55,2.556,2.512,2.522
3169,55,2.561,2.512,2.527
3183,50,2.537,2.502,2.507
3187,50,2.532,2.502,2.502
3188,50,2.527,2.502,2.502
3193,50,2.517,2.502,2.498
3194,50,2.512,2.502,2.493
3196,50,2.507,2.498,2.493
3197,50,2.502,2.498,2.488
3199,50,2.502,2.493,2.483
3204,52,2.507,2.502,2.493
3206,52,2.507,2.498,2.493
3207,52,2.512,2.502,2.493
3209,52,2.512,2.502,2.498
3211,52,2.512,2.502,2.498
3212,52,2.512,2.502,2.498
3214,52,2.512,2.502,2.493
3216,52,2.507,2.498,2.493
3218,52,2.502,2.498,2.488
3219,52,2.502,2.493,2.488
3221,52,2.502,2.493,2.488
3223,52,2.502,2.493,2.483
3228,55,2.517,2.507,2.498
3230,55,2.517,2.502,2.498
3234,55,2.512,2.502,2.493
3235,55,2.507,2.502,2.493
3237,55,2.507,2.498,2.488
3239,55,2.507,2.498,2.488
3240,55,2.502,2.493,2.488
3242,55,2.502,2.498,2.488
3243,55,2.507,2.498,2.488
3245,55,2.507,2.498,2.488
3250,51,2.517,2.507,2.498
3252,51,2.512,2.502,2.498
3253,51,2.512,2.502,2.493
3255,51,2.507,2.502,2.493
3258,51,2.502,2.493,2.488
3259,51,2.502,2.493,2.488
3261,51,2.502,2.493,2.488
3262,51,2.502,2.493,2.488
3264,51,2.507,2.498,2.488
3266,51,2.507,2.498,2.488
3267,51,2.512,2.502,2.493
3275,49,2.512,2.502,2.493
3277,49,2.507,2.498,2.488
3278,49,2.502,2.498,2.488
3280,49,2.502,2.493,2.488
3282,49,2.502,2.498,2.488
3283,49,2.502,2.498,2.488
3285,49,2.507,2.498,2.488
3286,49,2.512,2.502,2.493
3288,49,2.512,2.502,2.493
3289,49,2.512,2.507,2.498
3295,51,2.517,2.502,2.493
3296,51,2.507,2.498,2.488
3298,51,2.502,2.498,2.488
3301,51,2.502,2.493,2.488
3302,51,2.502,2.493,2.488
3304,51,2.507,2.498,2.488
3305,51,2.507,2.498,2.493
3307,51,2.512,2.502,2.493
3308,51,2.512,2.502,2.493
3313,51,2.512,2.502,2.493
3318,51,2.507,2.498,2.493
3320,51,2.502,2.493,2.483
3321,51,2.502,2.493,2.488
3323,51,2.502,2.498,2.488
3324,51,2.507,2.498,2.488
3326,51,2.507,2.502,2.493
3328,51,2.512,2.502,2.493
3329,51,2.512,2.502,2.498
3331,51,2.512,2.502,2.498
3332,51,2.512,2.502,2.498
3334,51,2.512,2.502,2.493
3336,51,2.507,2.498,2.493
3341,50,2.507,2.498,2.488
3342,50,2.502,2.498,2.488
3345,50,2.507,2.498,2.488
3347,50,2.507,2.502,2.493
3348,50,2.512,2.502,2.493
3352,50,2.512,2.502,2.493
3354,50,2.512,2.502,2.493
3356,50,2.507,2.498,2.493
3357,50,2.507,2.498,2.488
3359,50,2.502,2.493,2.483
3364,48,2.512,2.498,2.493
3366,48,2.507,2.498,2.493
3367,48,2.512,2.502,2.493
3369,48,2.512,2.502,2.498
3370,48,2.512,2.502,2.498
3372,48,2.512,2.502,2.498
3374,48,2.507,2.502,2.493
3375,48,2.512,2.502,2.493
3377,48,2.507,2.498,2.488
3378,48,2.502,2.493,2.488
3380,48,2.502,2.493,2.483
3386,52,2.517,2.502,2.493
3388,52,2.512,2.502,2.498
3389,52,2.517,2.502,2.498
3411,53,2.522,2.507,2.498
3413,53,2.517,2.502,2.498
3414,53,2.512,2.502,2.493
3424,53,2.507,2.498,2.488
3432,52,2.517,2.507,2.498
3434,52,2.512,2.502,2.493
3435,52,2.507,2.502,2.493
3437,52,2.507,2.498,2.488
3439,52,2.507,2.493,2.488
3440,52,2.502,2.493,2.483
3442,52,2.502,2.493,2.483
3443,52,2.502,2.498,2.488
3445,52,2.507,2.498,2.488
3447,52,2.512,2.502,2.493
3448,52,2.512,2.502,2.493
3453,50,2.517,2.507,2.498
3455,50,2.512,2.502,2.493
3457,50,2.507,2.498,2.488
3458,50,2.507,2.498,2.488
3462,50,2.502,2.493,2.488
3464,50,2.507,2.498,2.488
3466,50,2.507,2.502,2.493
3467,50,2.512,2.502,2.493
3469,50,2.517,2.502,2.498
3470,50,2.512,2.502,2.498
3477,50,2.512,2.502,2.493
3478,50,2.507,2.498,2.488
3480,50,2.502,2.493,2.483
3481,50,2.502,2.493,2.483
3483,50,2.502,2.498,2.488
3485,50,2.507,2.498,2.488
3486,50,2.512,2.502,2.493
3488,50,2.512,2.502,2.493
3489,50,2.512,2.507,2.498
3491,50,2.512,2.507,2.498
3493,50,2.512,2.502,2.498
3494,50,2.507,2.498,2.493
3499,53,2.507,2.498,2.488
3512,53,2.512,2.502,2.498
3514,53,2.512,2.502,2.493
3516,53,2.507,2.498,2.493
3521,52,2.507,2.498,2.488
3523,52,2.502,2.498,2.488
3525,52,2.507,2.498,2.488
3526,52,2.507,2.502,2.493
3528,52,2.512,2.502,2.493
3529,52,2.512,2.502,2.498
3531,52,2.512,2.502,2.498
3532,52,2.512,2.502,2.498
3534,52,2.512,2.502,2.493
3536,52,2.507,2.498,2.493
3537,52,2.502,2.498,2.488
3539,52,2.502,2.493,2.483
3544,50,2.507,2.498,2.493
3546,50,2.507,2.498,2.493
3547,50,2.512,2.502,2.493
3549,50,2.512,2.502,2.498
3553,50,2.507,2.502,2.493
3555,50,2.507,2.498,2.493
3557,50,2.502,2.493,2.488
3559,50,2.502,2.493,2.483
3561,50,2.502,2.493,2.483
3562,50,2.502,2.493,2.483
3567,51,2.517,2.502,2.493
3569,51,2.512,2.502,2.498
3571,51,2.512,2.502,2.498
3572,51,2.512,2.502,2.498
3574,51,2.512,2.502,2.493
3575,51,2.507,2.502,2.493
3577,51,2.507,2.498,2.488
3579,51,2.502,2.493,2.483
3580,51,2.502,2.493,2.483
3582,51,2.502,2.493,2.483
3583,51,2.507,2.498,2.488
3589,51,2.517,2.507,2.498
3590,51,2.517,2.507,2.498
3595,51,2.512,2.502,2.493
3596,51,2.507,2.493,2.488
3598,51,2.507,2.498,2.488
3600,51,2.502,2.493,2.483
3602,51,2.502,2.493,2.483
3603,51,2.502,2.498,2.488
3605,51,2.507,2.498,2.488
3607,51,2.507,2.498,2.493
3612,53,2.517,2.507,2.498
3614,53,2.517,2.502,2.498
3615,53,2.512,2.502,2.493
3617,53,2.507,2.498,2.488
3618,53,2.507,2.498,2.488
3620,53,2.507,2.493,2.483
3621,53,2.512,2.498,2.488
3623,53,2.512,2.498,2.488
3625,53,2.517,2.498,2.493
3626,53,2.522,2.502,2.498
3628,53,2.522,2.502,
3638,48,2.522,2.502,2.493
3640,48,2.517,2.498,2.493
3643,48,2.517,2.498,2.493
3644,48,2.522,2.502,2.498
3646,48,2.532,2.502,2.502
3647,48,2.537,2.507,2.507
3649,48,2.542,2.512,2.512
3651,48,2.546,2.512,2.517
3658,49,2.551,2.507,2.517
3659,49,2.546,2.502,2.507
3661,49,2.546,2.502,2.512
3662,49,2.556,2.507,2.517
3664,49,2.561,2.507,2.522
3666,49,2.566,2.512,2.527
3667,49,2.571,2.517,2.532
3669,49,2.576,2.517,2.537
3670,49,2.576,2.517,2.537
3672,49,2.571,2.517,2.537
3674,49,2.571,2.517,2.532
3682,50,2.561,2.512,2.522
3683,50,2.556,2.507,2.517
3686,50,2.556,2.512,2.517
3687,50,2.561,2.517,2.522
3689,50,2.556,2.517,2.522
3691,50,2.556,2.517,2.522
3692,50,2.551,2.517,2.517
3694,50,2.546,2.512,2.517
3695,50,2.542,2.507,2.507
3697,50,2.532,2.502,2.498
3702,50,2.532,2.502,2.498
3704,50,2.527,2.502,2.498
3705,50,2.522,2.502,2.498
3707,50,2.532,2.512,2.502
3708,50,2.532,2.512,2.507
3710,50,2.532,2.512,2.507
3712,50,2.532,2.512,2.507
3713,50,2.532,2.507,2.502
3715,50,2.527,2.507,2.502
3719,50,2.512,2.498,2.488
3724,48,2.527,2.507,2.498
3726,48,2.527,2.507,2.502
3729,48,2.527,2.507,2.502
3730,48,2.532,2.512,2.507
3732,48,2.532,2.512,2.502
3733,48,2.527,2.512,2.502
3735,48,2.527,2.507,2.502
3736,48,2.517,2.502,2.493
3738,48,2.517,2.502,2.493
3740,48,2.512,2.493,2.488
3741,48,2.512,2.498,2.488
3743,48,2.512,2.498,2.488
3748,49,2.522,2.507,2.502
3750,49,2.517,2.507,2.502
3751,49,2.517,2.507,2.498
3753,49,2.517,2.507,2.498
3754,49,2.517,2.502,2.498
3756,49,2.512,2.498,2.493
3760,49,2.502,2.493,2.483
3762,49,2.507,2.498,2.488
3764,49,2.512,2.498,2.493
3765,49,2.507,2.498,2.488
3771,49,2.522,2.512,2.502
3773,49,2.517,2.507,2.498
3775,49,2.517,2.502,2.493
3776,49,2.512,2.502,2.493
3778,49,2.507,2.498,2.488
3779,49,2.502,2.493,2.483
3781,49,2.507,2.498,2.488
3783,49,2.507,2.498,2.488
3784,49,2.507,2.498,2.493
3786,49,2.512,2.502,2.493
3787,49,2.517,2.507,2.498
3793,46,2.522,2.512,2.502
3794,46,2.517,2.502,2.498
3796,46,2.512,2.502,2.493
3797,46,2.507,2.498,2.493
3802,46,2.507,2.498,2.488
3803,46,2.507,2.502,2.488
3805,46,2.512,2.502,2.493
3806,46,2.517,2.507,2.498
3808,46,2.517,2.507,2.498
3810,46,2.517,2.507,2.498
3816,48,2.517,2.507,2.498
3818,48,2.507,2.498,2.488
3819,48,2.507,2.493,2.488
3821,48,2.507,2.498,2.488
3822,48,2.507,2.498,2.488
3824,48,2.512,2.502,2.493
3825,48,2.512,2.502,2.493
3827,48,2.517,2.507,2.498
3829,48,2.517,2.507,2.498
3830,48,2.522,2.507,2.502
3832,48,2.522,2.512,2.502
3833,48,2.517,2.502,2.498
3839,50,2.517,2.502,2.493
3843,50,2.512,2.502,2.493
3845,50,2.522,2.502,2.498
3846,50,2.532,2.512,2.502
3848,50,2.532,2.512,2.507
3849,50,2.537,2.517,2.512
3851,50,2.537,2.517,2.512
3852,50,2.522,2.498,2.498
3854,50,2.517,2.498,2.498
3860,47,2.527,2.502,2.498
3862,47,2.522,2.498,2.498
3864,47,2.517,2.502,2.498
3865,47,2.517,2.498,2.498
3867,47,2.512,2.498,2.493
3876,47,2.502,2.493,2.488
3884,50,2.507,2.498,2.488
3885,50,2.502,2.493,2.488
3887,50,2.502,2.493,2.488
3889,50,2.498,2.493,2.488
3890,50,2.498,2.493,2.483
3895,50,2.498,2.493,2.488
3896,50,2.502,2.493,2.488
3899,50,2.502,2.493,2.488
3900,50,2.502,2.498,2.488
3906,48,2.502,2.493,2.488
3907,48,2.498,2.493,2.488
3909,48,2.498,2.493,2.488
3910,48,2.498,2.493,2.488
3912,48,2.498,2.493,2.488
3914,48,2.498,2.493,2.488
3915,48,2.498,2.493,2.488
3917,48,2.502,2.493,2.488
3918,48,2.502,2.493,2.488
3920,48,2.502,2.493,2.488
3922,48,2.502,2.493,2.488
3923,48,2.498,2.493,2.488
3928,49,2.502,2.493,2.488
3930,49,2.498,2.493,2.488
3932,49,2.498,2.493,2.488
3936,49,2.498,2.493,2.488
3938,49,2.502,2.493,2.488
3939,49,2.502,2.498,2.488
3942,49,2.502,2.493,2.488
3943,49,2.502,2.493,2.488
3945,49,2.498,2.493,2.488
3947,49,2.498,2.493,2.488
3952,46,2.498,2.493,2.488
3953,46,2.498,2.493,2.488
3955,46,2.498,2.493,2.488
3957,46,2.498,2.493,2.488
3958,46,2.498,2.493,2.488
3960,46,2.502,2.493,2.488
3961,46,2.502,2.498,2.488
3963,46,2.498,2.493,2.488
3965,46,2.498,2.493,2.488
3966,46,2.498,2.493,2.488
3968,46,2.498,2.493,2.488
3973,47,2.498,2.493,2.488
3977,47,2.498,2.493,2.488
3979,47,2.502,2.498,2.488
3981,47,2.502,2.493,2.488
3982,47,2.502,2.493,2.488
3985,47,2.498,2.493,2.488
3986,47,2.498,2.493,2.488
3988,47,2.498,2.493,2.488
3990,47,2.498,2.493,2.488
3991,47,2.498,2.493,2.483
3996,48,2.502,2.498,2.488
3998,48,2.498,2.493,2.488
4000,48,2.502,2.493,2.488
4001,48,2.502,2.493,2.488
4003,48,2.498,2.493,2.488
4004,48,2.498,2.493,2.488
4006,48,2.498,2.493,2.488
4008,48,2.498,2.493,2.488
4009,48,2.498,2.493,2.483
4011,48,2.498,2.493,2.483
4019,49,2.502,2.498,2.488
4020,49,2.498,2.493,2.488
4022,49,2.498,2.498,2.488
4024,49,2.498,2.493,2.488
4026,49,2.498,2.493,2.488
4028,49,2.498,2.493,2.488
4029,49,2.498,2.493,2.483
4031,49,2.498,2.493,2.483
4033,49,2.498,2.493,2.483
4034,49,2.498,2.493,2.488
4036,49,2.498,2.493,2.488
4041,48,2.502,2.498,2.488
4043,48,2.502,2.493,2.488
4044,48,2.498,2.493,2.488
4046,48,2.498,2.493,2.488
4047,48,2.498,2.493,2.488
4049,48,2.498,2.493,2.483
4051,48,2.498,2.493,2.488
4052,48,2.498,2.493,2.488
4057,48,2.498,2.493,2.488
4058,48,2.498,2.493,2.488
4064,50,2.502,2.498,2.493
4065,50,2.498,2.493,2.488
4067,50,2.498,2.493,2.488
4069,50,2.498,2.493,2.488
4071,50,2.498,2.493,2.488
4072,50,2.498,2.493,2.488
4074,50,2.498,2.493,2.488
4076,50,2.498,2.493,2.488
4077,50,2.498,2.493,2.488
4079,50,2.502,2.493,2.488
4080,50,2.498,2.493,2.488
4082,50,2.498,2.493,2.488
4087,49,2.507,2.498,2.493
4089,49,2.498,2.493,2.488
4091,49,2.498,2.493,2.483
4092,49,2.498,2.493,2.488
4102,49,2.498,2.493,2.488
4113,52,2.517,2.507,2.498
4115,52,2.498,2.493,2.488
4116,52,2.498,2.493,2.488
4118,52,2.498,2.493,2.488
4119,52,2.502,2.498,2.488
4121,52,2.498,2.493,2.488
4123,52,2.498,2.493,2.488
4124,52,2.498,2.493,2.488
4126,52,2.498,2.493,2.488
4127,52,2.473,2.473,2.473
4133,48,2.517,2.502,2.498
4134,48,2.498,2.493,2.488
4136,48,2.498,2.493,2.488
4137,48,2.498,2.493,2.488
4139,48,2.498,2.493,2.488
4141,48,2.502,2.493,2.488
4142,48,2.502,2.493,2.488
4144,48,2.498,2.493,2.488
4145,48,2.498,2.493,2.488
4155,49,2.517,2.507,2.498
4156,49,2.498,2.493,2.488
4158,49,2.498,2.493,2.488
4159,49,2.498,2.493,2.488
4161,49,2.498,2.493,2.488
4162,49,2.498,2.493,2.488
4164,49,2.498,2.493,2.488
4166,49,2.498,2.493,2.488
4167,49,2.498,2.493,2.488
4169,49,2.498,2.493,2.488
4170,49,2.498,2.493,2.488
4172,49,2.498,2.493,2.488
4177,49,2.527,2.512,2.502
4179,49,2.502,2.498,2.488
4181,49,2.502,2.493,2.488
4182,49,2.502,2.493,2.488
4184,49,2.502,2.493,2.488
4185,49,2.498,2.493,2.488
4187,49,2.498,2.493,2.488
4214,46,2.542,2.522,2.512
4216,46,2.498,2.493,2.488
4217,46,2.498,2.493,2.488
4222,47,2.546,2.527,2.512
4224,47,2.502,2.493,2.488
4226,47,2.498,2.493,2.488
4227,47,2.498,2.493,2.488
4229,47,2.498,2.493,2.488
4230,47,2.498,2.493,2.488
4232,47,2.498,2.493,2.488
4234,47,2.498,2.493,2.488
4235,47,2.502,2.493,2.488
4237,47,2.502,2.493,2.493
4238,47,2.502,2.498,2.493
4245,51,2.546,2.527,2.512
4246,51,2.502,2.493,2.488
4248,51,2.502,2.493,2.488
4249,51,2.502,2.493,2.488
4251,51,2.502,2.493,2.488
4255,51,2.502,2.493,2.488
4257,51,2.502,2.493,2.488
4259,51,2.502,2.493,2.488
4260,51,2.502,2.493,2.488
4262,51,2.502,2.498,2.493
4267,49,2.542,2.522,2.512
4269,49,2.498,2.493,2.488
4270,49,2.498,2.493,2.488
4272,49,2.498,2.493,2.488
4273,49,2.498,2.493,2.488
4275,49,2.498,2.493,2.488
4277,49,2.498,2.493,2.488
4278,49,2.498,2.493,2.488
4280,49,2.498,2.493,2.488
4282,49,2.498,2.493,2.488
4284,49,2.498,2.493,2.488
4286,49,2.498,2.493,2.488
4291,47,2.537,2.522,2.507
4292,47,2.498,2.493,2.488
4297,47,2.498,2.493,2.488
4298,47,2.498,2.493,2.488
4300,47,2.498,2.493,2.488
4302,47,2.498,2.493,2.488
4303,47,2.498,2.493,2.488
4305,47,2.498,2.493,2.488
4306,47,2.498,2.493,2.483
4308,47,2.498,2.493,2.429
4313,46,2.542,2.522,2.507
4315,46,2.498,2.493,2.488
4316,46,2.498,2.493,2.488
4318,46,2.498,2.493,2.488
4320,46,2.498,2.493,2.488
4321,46,2.498,2.493,2.488
4323,46,2.498,2.493,2.488
4325,46,2.498,2.493,2.488
4327,46,2.498,2.493,2.488
4329,46,2.498,2.493,2.483
4330,46,2.498,2.493,2.483
4338,44,2.546,2.527,2.512
4340,44,2.498,2.493,2.488
4341,44,2.498,2.493,2.488
4343,44,2.498,2.493,2.488
4353,44,2.498,2.488,2.483
4360,45,2.542,2.527,2.512
4362,45,2.502,2.493,2.488
4363,45,2.498,2.493,2.488
4365,45,2.498,2.493,2.488
4368,45,2.498,2.493,2.488
4369,45,2.498,2.488,2.488
4371,45,2.502,2.493,2.488
4372,45,2.502,2.493,2.488
4374,45,2.502,2.493,2.488
4376,45,2.502,2.493,2.488
4381,44,2.546,2.522,2.512
4383,44,2.507,2.498,2.493
4384,44,2.507,2.493,2.493
4386,44,2.502,2.493,2.488
4390,44,2.502,2.493,2.488
4392,44,2.498,2.493,2.488
4393,44,2.498,2.493,2.488
4395,44,2.498,2.493,2.488
4396,44,2.498,2.493,2.488
4398,44,2.498,2.493,2.488
4403,47,2.546,2.527,2.512
4405,47,2.498,2.493,2.488
4406,47,2.498,2.493,2.488
4408,47,2.498,2.493,2.488
4411,47,2.498,2.493,2.483
4412,47,2.498,2.493,2.483
4414,47,2.498,2.493,2.488
4415,47,2.498,2.493,2.488
4417,47,2.498,2.493,2.488
4419,47,2.498,2.493,2.488
4420,47,2.498,2.493,2.488
4426,50,2.551,2.532,2.512
4427,50,2.498,2.493,2.488
4431,50,2.498,2.493,2.488
4433,50,2.502,2.493,2.488
4435,50,2.502,2.493,2.493
4436,50,2.507,2.498,2.493
4438,50,2.512,2.498,2.498
4439,50,2.517,2.498,2.498
4441,50,2.522,2.498,2.502
4443,50,2.527,2.498,2.507
4448,50,2.590,2.537,2.537
4449,50,2.537,2.498,2.512
4451,50,2.542,2.502,2.517
4454,50,2.546,2.502,2.517
4455,50,2.551,2.502,2.522
4457,50,2.556,2.502,2.522
4458,50,2.556,2.507,2.527
4460,50,2.556,2.502,2.522
4462,50,2.556,2.502,2.522
4463,50,2.551,2.502,2.522
4465,50,2.546,2.502,2.517
4473,46,2.566,2.532,2.517
4474,46,2.507,2.493,2.493
4476,46,2.502,2.493,2.488
4477,46,2.498,2.493,2.488
4479,46,2.498,2.493,2.488
4481,46,2.498,2.493,2.488
4482,46,2.498,2.493,2.488
4484,46,2.498,2.493,2.488
4485,46,2.498,2.493,2.488
4487,46,2.498,2.493,2.488
4489,46,2.493,2.268,2.414
4494,45,2.546,2.527,2.507
4497,45,2.498,2.493,2.488
4498,45,2.498,2.493,2.488
4500,45,2.498,2.493,2.488
4501,45,2.498,2.493,2.488
4503,45,2.498,2.493,2.488
4505,45,2.498,2.493,2.488
4506,45,2.498,2.493,2.488
4510,45,2.498,2.488,2.483
4516,46,2.546,2.527,2.512
4517,46,2.498,2.493,2.488
4519,46,2.498,2.493,2.488
4521,46,2.498,2.493,2.488
4522,46,2.498,2.493,2.488
4524,46,2.498,2.493,2.488
4525,46,2.498,2.493,2.488
4527,46,2.498,2.493,2.488
4529,46,2.498,2.493,2.483
4530,46,2.493,2.493,2.483
4532,46,2.498,2.493,2.488
4533,46,2.498,2.493,2.488
4540,43,2.546,2.527,2.512
4541,43,2.498,2.493,2.488
4543,43,2.498,2.493,2.488
4544,43,2.498,2.493,2.488
4546,43,2.498,2.493,2.488
4548,43,2.498,2.493,2.488
4552,43,2.498,2.493,2.483
4553,43,2.498,2.493,2.488
4555,43,2.498,2.493,2.488
4557,43,2.498,2.493,2.488
4562,45,2.546,2.527,2.512
4564,45,2.498,2.493,2.488
4565,45,2.498,2.493,2.488
4567,45,2.498,2.493,2.488
4568,45,2.493,2.493,2.483
4578,45,2.498,2.493,2.488
4586,46,2.546,2.527,2.512
4588,46,2.498,2.493,2.488
4590,46,2.498,2.493,2.483
4591,46,2.493,2.493,2.483
4593,46,2.498,2.493,2.483
4594,46,2.498,2.493,2.488
4596,46,2.498,2.493,2.488
4598,46,2.498,2.493,2.488
4599,46,2.498,2.493,2.488
4607,45,2.551,2.527,2.512
4609,45,2.498,2.493,2.483
4611,45,2.498,2.493,2.483
4612,45,2.498,2.493,2.488
4614,45,2.498,2.493,2.488
4615,45,2.498,2.493,2.488
4617,45,2.498,2.493,2.488
4618,45,2.498,2.493,2.488
4620,45,2.498,2.493,2.488
4622,45,2.498,2.493,2.488
4624,45,2.498,2.493,2.488
4630,48,2.551,2.527,2.512
4631,48,2.498,2.493,2.483
4633,48,2.498,2.493,2.488
4634,48,2.498,2.493,2.488
4636,48,2.498,2.493,2.488
4638,48,2.498,2.493,2.488
4639,48,2.498,2.493,2.488
4641,48,2.498,2.493,2.488
4645,48,2.498,2.493,2.488
4647,48,2.493,2.488,2.483
4652,47,2.551,2.532,2.512
4654,47,2.498,2.493,2.488
4655,47,2.498,2.493,2.488
4657,47,2.498,2.493,2.488
4658,47,2.498,2.493,2.488
4660,47,2.498,2.493,2.488
4662,47,2.498,2.493,2.488
4663,47,2.498,2.493,2.488
4666,47,2.498,2.493,2.488
4667,47,2.498,2.493,2.483
4669,47,2.498,2.493,2.488
4670,47,2.478,2.478,2.478
4676,46,2.556,2.532,2.517
4677,46,2.498,2.493,2.488
4679,46,2.498,2.493,2.488
4681,46,2.498,2.493,2.488
4682,46,2.498,2.493,2.488
4687,46,2.498,2.493,2.483
4688,46,2.498,2.493,2.483
4690,46,2.498,2.493,2.483
4691,46,2.498,2.493,2.483
4697,48,2.556,2.532,2.517
4698,48,2.498,2.493,2.488
4700,48,2.498,2.493,2.488
4701,48,2.498,2.493,2.488
4703,48,2.498,2.493,2.488
4705,48,2.498,2.493,2.488
4706,48,2.498,2.493,2.488
4709,48,2.498,2.493,2.483
4710,48,2.498,2.493,2.483
4712,48,2.498,2.493,2.483
4714,48,2.498,2.493,2.488
4715,48,2.498,2.493,2.488
4720,47,2.556,2.532,2.517
4722,47,2.498,2.493,2.488
4724,47,2.498,2.493,2.488
4728,47,2.498,2.493,2.483
4730,47,2.498,2.493,2.488
4731,47,2.498,2.493,2.483
4733,47,2.498,2.493,2.483
4734,47,2.498,2.493,2.488
4736,47,2.498,2.493,2.488
4737,47,2.498,2.493,2.488
4743,47,2.556,2.532,2.517
4744,47,2.498,2.493,2.488
4746,47,2.498,2.493,2.483
4748,47,2.498,2.493,2.483
4749,47,2.498,2.493,2.483
4752,47,2.498,2.493,2.483
4753,47,2.498,2.493,2.488
4755,47,2.498,2.493,2.488
4757,47,2.498,2.493,2.488
4758,47,2.498,2.493,2.488
4760,47,2.498,2.493,2.488
4768,44,2.556,2.532,2.512
4769,44,2.498,2.493,2.483
4771,44,2.498,2.493,2.488
4773,44,2.498,2.493,2.483
4774,44,2.498,2.493,2.488
4776,44,2.498,2.493,2.488
4777,44,2.498,2.493,2.488
4779,44,2.498,2.493,2.488
4781,44,2.498,2.493,2.488
4782,44,2.498,2.493,2.488
4787,44,2.556,2.532,2.512
4789,44,2.498,2.493,2.483
4791,44,2.498,2.493,2.483
4792,44,2.498,2.493,2.488
4795,44,2.498,2.493,2.488
4804,44,2.498,2.493,2.483
4812,46,2.556,2.532,2.512
4814,46,2.498,2.493,2.483
4815,46,2.498,2.493,2.488
4819,46,2.498,2.493,2.488
4821,46,2.498,2.493,2.488
4823,46,2.498,2.493,2.488
4824,46,2.498,2.493,2.488
4826,46,2.498,2.493,2.488
4827,46,2.498,2.493,2.483
4833,45,2.556,2.532,2.512
4834,45,2.498,2.493,2.488
4837,45,2.498,2.493,2.488
4839,45,2.498,2.493,2.488
4840,45,2.498,2.493,2.488
4842,45,2.498,2.493,2.488
4843,45,2.498,2.493,2.488
4845,45,2.498,2.493,2.488
4847,45,2.498,2.493,2.488
4848,45,2.498,2.493,2.483
4850,45,2.498,2.493,2.483
4855,45,2.556,2.532,2.517
4857,45,2.498,2.493,2.488
4861,45,2.498,2.493,2.488
4863,45,2.498,2.493,2.488
4864,45,2.498,2.493,2.488
4866,45,2.498,2.493,2.488
4867,45,2.498,2.493,2.488
4869,45,2.498,2.493,2.483
4871,45,2.498,2.493,2.483
4872,45,2.498,2.493,2.483
4877,47,2.556,2.532,2.517
4880,47,2.498,2.493,2.488
4882,47,2.498,2.493,2.488
4883,47,2.498,2.493,2.488
4885,47,2.498,2.493,2.488
4886,47,2.498,2.493,2.483
4888,47,2.498,2.493,2.488
4890,47,2.498,2.493,2.483
4891,47,2.498,2.493,2.483
4893,47,2.498,2.493,2.488
4894,47,2.498,2.493,2.488
4910,46,2.556,2.532,2.512
4912,46,2.498,2.493,2.483
4914,46,2.498,2.493,2.488
4915,46,2.498,2.493,2.488
4917,46,2.498,2.493,2.488
4918,46,2.434,2.449,2.458
4925,44,2.551,2.527,2.512
4926,44,2.498,2.493,2.483
4928,44,2.498,2.493,2.488
4929,44,2.498,2.493,2.483
4931,44,2.498,2.493,2.483
4933,44,2.498,2.493,2.483
4934,44,2.498,2.493,2.488
4936,44,2.498,2.493,2.488
4937,44,2.498,2.493,2.488
4939,44,2.498,2.493,2.488
4941,44,2.498,2.493,2.488
4946,43,2.551,2.532,2.512
4947,43,2.498,2.493,2.488
4952,43,2.493,2.488,2.483
4953,43,2.498,2.493,2.488
4955,43,2.498,2.493,2.488
4957,43,2.498,2.493,2.488
4958,43,2.498,2.493,2.488
4960,43,2.498,2.493,2.488
4961,43,2.498,2.493,2.488
4963,43,2.498,2.493,2.488
4969,47,2.551,2.532,2.512
4971,47,2.498,2.493,2.488
4972,47,2.498,2.493,2.488
4974,47,2.493,2.493,2.488
4976,47,2.498,2.493,2.488
4977,47,2.498,2.493,2.488
4979,47,2.498,2.493,2.488
4980,47,2.498,2.493,2.488
4982,47,2.498,2.493,2.488
4984,47,2.498,2.493,2.488
4985,47,2.498,2.493,2.488
4993,45,2.542,2.522,2.507
4995,45,2.498,2.493,2.488
4996,45,2.498,2.493,2.488
4998,45,2.498,2.493,2.488
5000,45,2.498,2.493,2.488
5001,45,2.498,2.493,2.488
5003,45,2.498,2.493,2.488
5004,45,2.498,2.493,2.488
5006,45,2.498,2.493,2.488
5009,45,2.498,2.493,2.483
5014,46,2.546,2.527,2.512
5016,46,2.498,2.493,2.488
5017,46,2.498,2.493,2.488
5019,46,2.498,2.493,2.488
5020,46,2.498,2.493,2.488
5022,46,2.498,2.493,2.488
5024,46,2.498,2.493,2.488
5025,46,2.498,2.493,2.488
5027,46,2.498,2.493,2.483
5031,46,2.493,2.488,2.483
5044,48,2.542,2.522,2.507
5048,48,2.493,2.488,2.483
5051,48,2.493,2.493,2.483
5052,48,2.493,2.488,2.483
5054,48,2.498,2.493,2.483
5059,48,2.532,2.517,2.502
5061,48,2.498,2.493,2.488
5062,48,2.498,2.493,2.488
5064,48,2.498,2.493,2.488
5066,48,2.498,2.493,2.483
5067,48,2.498,2.493,2.488
5069,48,2.498,2.493,2.483
5070,48,2.493,2.488,2.483
5072,48,2.498,2.493,2.483
5074,48,2.498,2.493,2.483
5075,48,2.498,2.493,2.488
5077,48,2.498,2.493,2.488
5082,46,2.532,2.517,2.502
5086,46,2.493,2.493,2.483
5088,46,2.498,2.493,2.483
5090,46,2.498,2.493,2.483
5091,46,2.498,2.493,2.483
5094,46,2.498,2.493,2.488
5095,46,2.498,2.493,2.488
5097,46,2.498,2.493,2.488
5099,46,2.498,2.493,2.488
5104,47,2.532,2.517,2.502
5105,47,2.498,2.493,2.488
5107,47,2.498,2.493,2.488
5109,47,2.493,2.493,2.483
5110,47,2.498,2.493,2.488
5112,47,2.498,2.493,2.488
5113,47,2.498,2.493,2.488
5115,47,2.502,2.493,2.488
5117,47,2.502,2.493,2.488
5118,47,2.507,2.493,2.493
5120,47,2.507,2.493,2.493
5128,47,2.551,2.517,2.517
5129,47,2.517,2.493,2.498
5131,47,2.517,2.493,2.498
5133,47,2.512,2.493,2.493
5134,47,2.512,2.493,2.493
5137,47,2.512,2.498,2.493
5138,47,2.507,2.498,2.493
5140,47,2.502,2.493,2.493
5142,47,2.502,2.493,2.488
5143,47,2.498,2.493,2.488
5145,47,2.498,2.493,2.488
5150,45,2.532,2.512,2.502
5152,45,2.498,2.493,2.483
5153,45,2.498,2.493,2.488
5155,45,2.498,2.493,2.488
5156,45,2.498,2.493,2.488
5158,45,2.498,2.493,2.488
5160,45,2.498,2.493,2.488
5161,45,2.498,2.493,2.488
5165,45,2.498,2.493,2.483
5167,45,2.498,2.493,2.483
5172,45,2.532,2.512,2.502
5174,45,2.498,2.493,2.488
5176,45,2.498,2.493,2.488
5178,45,2.498,2.493,2.488
5180,45,2.498,2.493,2.488
5181,45,2.498,2.493,2.488
5183,45,2.498,2.493,2.488
5185,45,2.498,2.493,2.488
5186,45,2.498,2.493,2.483
5188,45,2.498,2.493,2.483
5189,45,2.498,2.493,2.483
5195,48,2.532,2.517,2.502
5196,48,2.498,2.493,2.488
5198,48,2.498,2.493,2.488
5199,48,2.498,2.493,2.488
5201,48,2.498,2.493,2.488
5203,48,2.498,2.493,2.488
5207,48,2.493,2.493,2.483
5208,48,2.498,2.493,2.483
5210,48,2.498,2.493,2.483
5212,48,2.493,2.488,2.483
5217,45,2.532,2.517,2.502
5219,45,2.498,2.493,2.488
5221,45,2.498,2.493,2.488
5223,45,2.498,2.493,2.488
5224,45,2.498,2.493,2.488
5226,45,2.498,2.493,2.488
5228,45,2.498,2.493,2.488
5229,45,2.498,2.493,2.483
5231,45,2.498,2.493,2.488
5232,45,2.498,2.493,2.483
5234,45,2.498,2.493,2.488
5236,45,2.468,2.473,2.473
5241,47,2.532,2.517,2.502
5242,47,2.498,2.493,2.488
5244,47,2.498,2.493,2.488
5248,47,2.493,2.488,2.483
5250,47,2.498,2.493,2.483
5252,47,2.498,2.493,2.488
5253,47,2.498,2.493,2.488
5255,47,2.498,2.493,2.488
5256,47,2.498,2.493,2.488
5270,49,2.532,2.517,2.502
5274,49,2.493,2.493,2.483
5276,49,2.498,2.493,2.488
5278,49,2.498,2.493,2.488
5279,49,2.498,2.493,2.488
5285,49,2.532,2.517,2.502
5286,49,2.498,2.493,2.483
5288,49,2.498,2.488,2.483
5289,49,2.493,2.488,2.483
5291,49,2.493,2.488,2.483
5292,49,2.493,2.488,2.483
5294,49,2.493,2.488,2.483
5296,49,2.493,2.488,2.483
5300,49,2.498,2.493,2.488
5302,49,2.498,2.493,2.488
5308,48,2.532,2.517,2.502
5309,48,2.493,2.488,2.483
5311,48,2.493,2.488,2.483
5313,48,2.493,2.488,2.483
5314,48,2.498,2.488,2.483
5316,48,2.498,2.493,2.488
5317,48,2.498,2.493,2.488
5319,48,2.498,2.493,2.488
5321,48,2.498,2.493,2.488
5322,48,2.498,2.493,2.488
5324,48,2.498,2.493,2.488
5325,48,2.493,2.488,2.483
5331,47,2.532,2.517,2.502
5332,47,2.493,2.488,2.483
5334,47,2.493,2.493,2.483
5335,47,2.498,2.493,2.488
5337,47,2.498,2.493,2.488
5341,47,2.498,2.493,2.488
5343,47,2.498,2.493,2.488
5345,47,2.493,2.493,2.483
5346,47,2.498,2.493,2.483
5349,47,2.493,2.488,2.483
5354,46,2.532,2.517,2.502
5356,46,2.498,2.493,2.483
5357,46,2.498,2.493,2.488
5359,46,2.498,2.493,2.488
5360,46,2.498,2.493,2.488
5362,46,2.498,2.493,2.488
5364,46,2.498,2.493,2.488
5365,46,2.498,2.493,2.483
5367,46,2.498,2.493,2.483
5368,46,2.493,2.488,2.483
5370,46,2.493,2.493,2.483
5375,47,2.532,2.517,2.502
5377,47,2.498,2.493,2.488
5378,47,2.498,2.493,2.488
5383,47,2.498,2.493,2.483
5384,47,2.498,2.493,2.488
5386,47,2.498,2.493,2.483
5388,47,2.493,2.488,2.483
5389,47,2.493,2.488,2.483
5392,47,2.498,2.493,2.483
5393,47,2.493,2.488,2.483
5399,48,2.532,2.517,2.502
5400,48,2.498,2.493,2.488
5402,48,2.498,2.493,2.488
5403,48,2.498,2.493,2.488
5405,48,2.498,2.493,2.488
5407,48,2.498,2.493,2.483
5408,48,2.498,2.493,2.483
5410,48,2.493,2.488,2.483
5411,48,2.498,2.493,2.483
5413,48,2.498,2.493,2.488
5415,48,2.498,2.493,2.488
5416,48,2.473,2.473,2.473
5424,49,2.532,2.517,2.502
5426,49,2.498,2.488,2.483
5427,49,2.493,2.493,2.483
5429,49,2.493,2.488,2.483
5431,49,2.493,2.493,2.483
5432,49,2.493,2.493,2.483
5435,49,2.498,2.493,2.488
5436,49,2.498,2.493,2.488
5438,49,2.498,2.493,2.488
5443,47,2.532,2.517,2.502
5445,47,2.498,2.493,2.483
5446,47,2.498,2.493,2.483
5448,47,2.493,2.493,2.483
5450,47,2.493,2.488,2.483
5451,47,2.493,2.488,2.483
5453,47,2.498,2.493,2.483
5454,47,2.498,2.493,2.483
5456,47,2.498,2.493,2.488
5458,47,2.498,2.493,2.488
5466,49,2.527,2.512,2.502
5467,49,2.498,2.493,2.483
5469,49,2.493,2.493,2.483
5470,49,2.498,2.493,2.483
5472,49,2.498,2.493,2.488
5474,49,2.498,2.493,2.483
5475,49,2.498,2.493,2.488
5478,49,2.498,2.493,2.488
5479,49,2.498,2.493,2.488
5481,49,2.498,2.493,2.488
5483,49,2.498,2.493,2.488
5496,48,2.532,2.517,2.502
5500,48,2.498,2.493,2.488
5501,48,2.498,2.493,2.488
5503,48,2.498,2.493,2.488
5505,48,2.498,2.493,2.488
5506,48,2.493,2.488,2.483
5511,48,2.527,2.512,2.502
5513,48,2.498,2.493,2.483
5517,48,2.498,2.493,2.488
5520,48,2.498,2.493,2.488
5522,48,2.498,2.493,2.488
5523,48,2.498,2.493,2.488
5525,48,2.498,2.493,2.488
5526,48,2.498,2.488,2.483
5528,48,2.498,2.488,2.483
5530,48,2.458,2.463,2.463
5535,49,2.527,2.512,2.502
5536,49,2.498,2.493,2.488
5538,49,2.498,2.493,2.488
5540,49,2.498,2.493,2.488
5541,49,2.498,2.493,2.488
5543,49,2.498,2.493,2.488
5544,49,2.498,2.493,2.483
5546,49,2.498,2.493,2.483
5548,49,2.493,2.493,2.483
5549,49,2.493,2.493,2.483
5551,49,2.493,2.493,2.483
5559,50,2.527,2.517,2.502
5560,50,2.498,2.493,2.488
5563,50,2.498,2.493,2.488
5565,50,2.498,2.493,2.488
5566,50,2.498,2.493,2.483
5568,50,2.493,2.493,2.483
5569,50,2.493,2.488,2.483
5571,50,2.498,2.493,2.483
5573,50,2.498,2.493,2.483
5574,50,2.493,2.493,2.483
5579,49,2.532,2.517,2.502
5581,49,2.498,2.493,2.488
5583,49,2.498,2.493,2.488
5584,49,2.498,2.493,2.483
5586,49,2.498,2.493,2.483
5587,49,2.498,2.493,2.483
5589,49,2.498,2.493,2.483
5591,49,2.498,2.493,2.483
5592,49,2.498,2.498,2.488
5609,48,2.532,2.517,2.502
5611,48,2.498,2.493,2.488
5612,48,2.498,2.493,2.488
5614,48,2.498,2.493,2.488
5615,48,2.498,2.493,2.488
5617,48,2.498,2.493,2.488
5619,48,2.498,2.493,2.488
5624,49,2.532,2.517,2.502
5626,49,2.498,2.493,2.488
5627,49,2.498,2.493,2.488
5629,49,2.498,2.493,2.483
5630,49,2.493,2.493,2.483
5632,49,2.493,2.493,2.483
5634,49,2.498,2.493,2.488
5635,49,2.498,2.493,2.488
5637,49,2.498,2.493,2.488
5638,49,2.498,2.493,2.488
5640,49,2.498,2.493,2.488
5642,49,2.498,2.493,2.488
5651,46,2.522,2.512,2.498
5652,46,2.498,2.493,2.483
5654,46,2.498,2.493,2.488
5655,46,2.498,2.493,2.488
5657,46,2.498,2.493,2.488
5659,46,2.498,2.493,2.488
5660,46,2.498,2.493,2.488
5662,46,2.498,2.493,2.488
5663,46,2.498,2.493,2.488
5665,46,2.498,2.454,2.458
5670,48,2.527,2.512,2.502
5672,48,2.498,2.493,2.488
5673,48,2.498,2.493,2.488
5675,48,2.498,2.493,2.488
5677,48,2.498,2.493,2.488
5678,48,2.498,2.493,2.488
5680,48,2.498,2.493,2.488
5681,48,2.498,2.493,2.488
5683,48,2.498,2.493,2.488
5692,49,2.527,2.512,2.502
5694,49,2.498,2.493,2.488
5695,49,2.498,2.493,2.488
5697,49,2.498,2.493,2.488
5698,49,2.498,2.493,2.488
5700,49,2.498,2.493,2.488
5702,49,2.498,2.493,2.488
5703,49,2.498,2.493,2.488
5705,49,2.498,2.493,2.488
5706,49,2.498,2.493,2.483
5708,49,2.498,2.493,2.483
5710,49,2.493,2.488,2.483
5715,49,2.527,2.512,2.502
5717,49,2.498,2.493,2.488
5718,49,2.498,2.493,2.488
5720,49,2.498,2.493,2.488
5729,49,2.493,2.488,2.483
5738,47,2.527,2.512,2.502
5739,47,2.498,2.493,2.488
5744,47,2.498,2.493,2.488
5745,47,2.498,2.493,2.483
5747,47,2.498,2.493,2.488
5749,47,2.498,2.493,2.483
5750,47,2.498,2.493,2.488
5752,47,2.498,2.493,2.483
5753,47,2.498,2.493,2.488
5755,47,2.498,2.493,2.488
5760,48,2.527,2.512,2.502
5762,48,2.498,2.493,2.488
5763,48,2.498,2.493,2.488
5765,48,2.498,2.493,2.488
5767,48,2.498,2.493,2.488
5768,48,2.498,2.493,2.488
5770,48,2.498,2.493,2.483
5771,48,2.498,2.493,2.483
5773,48,2.498,2.493,2.488
5776,48,2.498,2.493,2.488
5777,48,2.498,2.493,2.488
5785,48,2.532,2.512,2.502
5787,48,2.502,2.493,2.488
5788,48,2.502,2.493,2.488
5790,48,2.502,2.493,2.488
5792,48,2.498,2.493,2.488
5793,48,2.502,2.493,2.488
5795,48,2.502,2.493,2.488
5796,48,2.502,2.493,2.488
5798,48,2.502,2.493,2.488
5799,48,2.498,2.493,2.488
5805,49,2.532,2.512,2.502
5806,49,2.498,2.493,2.488
5808,49,2.498,2.493,2.483
5810,49,2.493,2.488,2.483
5811,49,2.498,2.493,2.483
5813,49,2.498,2.493,2.488
5814,49,2.498,2.493,2.488
5816,49,2.498,2.493,2.488
5819,49,2.498,2.493,2.488
5823,49,2.498,2.493,2.488
5828,48,2.527,2.512,2.502
5830,48,2.498,2.493,2.483
5831,48,2.498,2.493,2.483
5833,48,2.498,2.493,2.488
5835,48,2.498,2.493,2.488
5836,48,2.498,2.493,2.488
5838,48,2.498,2.493,2.488
5839,48,2.498,2.493,2.488
5841,48,2.498,2.493,2.488
5843,48,2.498,2.493,2.488
5844,48,2.498,2.493,2.488
5846,48,2.478,2.478,2.473
5851,46,2.532,2.517,2.502
5853,46,2.498,2.493,2.488
5854,46,2.498,2.493,2.488
5856,46,2.498,2.493,2.488
5857,46,2.498,2.493,2.488
5859,46,2.498,2.493,2.488
5864,46,2.498,2.493,2.488
5866,46,2.498,2.493,2.483
5868,46,2.498,2.493,2.483
5873,46,2.537,2.517,2.507
5874,46,2.498,2.493,2.488
5876,46,2.498,2.493,2.488
5878,46,2.498,2.493,2.488
5879,46,2.498,2.493,2.488
5881,46,2.498,2.493,2.488
5882,46,2.498,2.493,2.488
5884,46,2.498,2.493,2.488
5886,46,2.498,2.493,2.483
5887,46,2.498,2.493,2.483
5889,46,2.498,2.493,2.483
5890,46,2.493,2.493,2.483
5896,48,2.537,2.522,2.507
5897,48,2.498,2.493,2.488
5899,48,2.498,2.493,2.488
5901,48,2.498,2.493,2.488
5906,48,2.498,2.493,2.483
5907,48,2.498,2.493,2.483
5909,48,2.498,2.493,2.483
5911,48,2.498,2.493,2.483
5912,48,2.498,2.493,2.483
5914,48,2.498,2.493,2.488
5919,49,2.537,2.517,2.507
5921,49,2.498,2.493,2.488
5922,49,2.498,2.493,2.488
5924,49,2.498,2.493,2.488
5925,49,2.498,2.493,2.483
5927,49,2.498,2.493,2.483
5929,49,2.498,2.493,2.483
5930,49,2.498,2.493,2.483
5932,49,2.498,2.493,2.488
5933,49,2.498,2.493,2.488
5935,49,2.498,2.493,2.488
5940,49,2.537,2.522,2.507
5946,49,2.498,2.493,2.488
5947,49,2.498,2.493,2.488
5949,49,2.498,2.493,2.483
5958,49,2.498,2.493,2.488
5966,48,2.542,2.527,2.512
5968,48,2.498,2.493,2.483
5969,48,2.498,2.493,2.483
5971,48,2.493,2.493,2.483
5972,48,2.498,2.493,2.488
5974,48,2.498,2.493,2.483
5976,48,2.498,2.493,2.488
5977,48,2.498,2.493,2.488
5979,48,2.498,2.493,2.488
5980,48,2.498,2.493,2.488
5986,43,2.546,2.527,2.512
5987,43,2.498,2.493,2.483
5990,43,2.498,2.493,2.483
5992,43,2.498,2.493,2.483
5993,43,2.498,2.493,2.483
5997,43,2.498,2.493,2.488
5999,43,2.498,2.493,2.488
6001,43,2.498,2.493,2.488
6002,43,2.498,2.493,2.488
6004,43,2.498,2.493,2.488
6009,45,2.542,2.522,2.507
6011,45,2.498,2.493,2.483
6012,45,2.498,2.493,2.488
6014,45,2.498,2.493,2.488
6016,45,2.498,2.493,2.488
6017,45,2.498,2.493,2.488
6019,45,2.498,2.493,2.488
6020,45,2.498,2.493,2.488
6022,45,2.498,2.493,2.488
6023,45,2.498,2.493,2.488
6025,45,2.498,2.493,2.483
6030,45,2.542,2.522,2.507
6033,45,2.498,2.493,2.488
6035,45,2.498,2.493,2.488
6039,45,2.502,2.493,2.493
6040,45,2.507,2.493,2.493
6042,45,2.512,2.498,2.498
6044,45,2.517,2.498,2.498
6045,45,2.517,2.498,2.498
6047,45,2.522,2.498,2.502
6048,45,2.532,2.498,2.507
6054,41,2.595,2.537,2.542
6055,41,2.551,2.502,2.522
6057,41,2.556,2.502,2.522
6058,41,2.556,2.502,2.527
6060,41,2.561,2.502,2.527
6062,41,2.561,2.502,2.532
6063,41,2.561,2.502,2.532
6065,41,2.561,2.502,2.527
6066,41,2.561,2.502,2.527
6068,41,2.556,2.502,2.527
6070,41,2.556,2.502,2.527
6071,41,2.556,2.502,2.527
6080,47,2.595,2.537,2.542
6082,47,2.537,2.502,2.512
6083,47,2.537,2.498,2.507
6085,47,2.527,2.498,2.502
6087,47,2.522,2.498,2.502
6088,47,2.517,2.493,2.498
6090,47,2.512,2.493,2.493
6091,47,2.512,2.493,2.493
6093,47,2.507,2.493,2.493
6094,47,2.502,2.493,2.488
6100,45,2.551,2.527,2.512
6101,45,2.498,2.493,2.488
6103,45,2.498,2.493,2.488
6105,45,2.498,2.493,2.488
6106,45,2.498,2.493,2.488
6108,45,2.498,2.488,2.483
6109,45,2.498,2.493,2.483
6111,45,2.498,2.493,2.483
6113,45,2.498,2.493,2.483
6122,41,2.546,2.527,2.512
6123,41,2.498,2.493,2.488
6125,41,2.498,2.493,2.483
6126,41,2.498,2.493,2.483
6128,41,2.493,2.488,2.483
6130,41,2.493,2.488,2.483
6131,41,2.493,2.488,2.483
6133,41,2.498,2.493,2.483
6134,41,2.498,2.493,2.483
6136,41,2.498,2.493,2.488
6137,41,2.498,2.493,2.488
6139,41,2.498,2.493,2.488
6144,40,2.551,2.527,2.512
6146,40,2.502,2.493,2.488
6148,40,2.502,2.493,2.488
6149,40,2.502,2.493,2.488
6151,40,2.507,2.493,2.493
6152,40,2.507,2.493,2.493
6154,40,2.512,2.493,2.493
6158,40,2.512,2.493,2.498
6161,40,2.512,2.498,2.498
6162,40,2.512,2.493,2.498
6168,41,2.566,2.527,2.517
6169,41,2.512,2.493,2.493
6171,41,2.512,2.493,2.493
6172,41,2.507,2.493,2.493
6174,41,2.507,2.493,2.493
6184,41,2.493,2.493,2.483
6191,44,2.542,2.522,2.507
6193,44,2.493,2.488,2.483
6194,44,2.498,2.493,2.483
6196,44,2.498,2.493,2.483
6198,44,2.498,2.493,2.488
6199,44,2.498,2.493,2.483
6202,44,2.498,2.493,2.483
6203,44,2.498,2.493,2.483
6205,44,2.493,2.488,2.483
6207,44,2.493,2.488,2.483
6215,44,2.542,2.522,2.507
6216,44,2.493,2.488,2.483
6218,44,2.498,2.493,2.483
6219,44,2.498,2.493,2.483
6221,44,2.493,2.493,2.483
6223,44,2.493,2.488,2.483
6224,44,2.493,2.488,2.483
6226,44,2.493,2.488,2.483
6227,44,2.493,2.488,2.483
6229,44,2.493,2.488,2.483
6234,46,2.537,2.517,2.507
6236,46,2.498,2.493,2.483
6237,46,2.498,2.493,2.488
6239,46,2.498,2.493,2.488
6241,46,2.498,2.493,2.488
6242,46,2.498,2.493,2.483
6245,46,2.498,2.488,2.483
6246,46,2.493,2.488,2.483
6248,46,2.493,2.488,2.483
6252,46,2.493,2.488,2.483
6258,47,2.532,2.517,2.502
6259,47,2.498,2.493,2.488
6261,47,2.498,2.493,2.488
6262,47,2.493,2.493,2.483
6264,47,2.498,2.493,2.483
6266,47,2.493,2.488,2.483
6267,47,2.498,2.493,2.483
6269,47,2.493,2.488,2.483
6270,47,2.493,2.488,2.483
6272,47,2.493,2.488,2.483
6274,47,2.493,2.488,2.483
6275,47,2.498,2.493,2.488
6280,46,2.527,2.512,2.502
6282,46,2.498,2.493,2.483
6284,46,2.493,2.493,2.483
6285,46,2.493,2.488,2.483
6288,46,2.493,2.488,2.483
6289,46,2.493,2.488,2.483
6305,47,2.527,2.512,2.502
6307,47,2.493,2.488,2.483
6309,47,2.493,2.488,2.483
6310,47,2.493,2.488,2.483
6312,47,2.498,2.488,2.483
6313,47,2.493,2.493,2.483
6315,47,2.498,2.493,2.483
6317,47,2.498,2.493,2.488
6318,47,2.502,2.493,2.488
6320,47,2.502,2.493,2.488
6325,48,2.542,2.517,2.507
6327,48,2.507,2.493,2.493
6328,48,2.512,2.493,2.493
6331,48,2.512,2.493,2.493
6332,48,2.512,2.493,2.493
6334,48,2.512,2.493,2.493
6336,48,2.517,2.498,2.498
6337,48,2.517,2.498,2.498
6339,48,2.517,2.498,2.498
6343,48,2.507,2.493,2.493
6348,47,2.537,2.512,2.507
6350,47,2.502,2.488,2.488
6352,47,2.498,2.493,2.488
6353,47,2.498,2.493,2.488
6355,47,2.498,2.493,2.488
6356,47,2.498,2.493,2.488
6358,47,2.498,2.493,2.488
6360,47,2.498,2.493,2.488
6361,47,2.498,2.493,2.483
6363,47,2.498,2.493,2.483
6364,47,2.493,2.493,2.483
6370,48,2.507,2.498,2.488
6371,48,2.493,2.488,2.483
6374,48,2.498,2.493,2.483
6375,48,2.498,2.493,2.488
6377,48,2.498,2.493,2.488
6379,48,2.498,2.493,2.488
6380,48,2.498,2.493,2.488
6385,48,2.498,2.493,2.483
6386,48,2.498,2.493,2.483
6388,48,2.493,2.488,2.483
6393,44,2.507,2.502,2.493
6395,44,2.498,2.493,2.483
6396,44,2.498,2.493,2.488
6398,44,2.498,2.493,2.488
6399,44,2.498,2.493,2.488
6401,44,2.498,2.493,2.488
6403,44,2.498,2.493,2.488
6404,44,2.498,2.493,2.483
6406,44,2.493,2.488,2.483
6407,44,2.493,2.488,2.483
6422,46,2.512,2.502,2.493
6426,46,2.493,2.488,2.483
6427,46,2.493,2.488,2.483
6429,46,2.493,2.488,2.483
6430,46,2.493,2.488,2.483
6432,46,2.498,2.488,2.483
6440,45,2.512,2.502,2.498
6442,45,2.498,2.493,2.488
6443,45,2.498,2.493,2.488
6445,45,2.493,2.493,2.483
6446,45,2.493,2.488,2.483
6448,45,2.493,2.488,2.483
6449,45,2.493,2.488,2.483
6451,45,2.493,2.493,2.483
6453,45,2.498,2.488,2.483
6454,45,2.498,2.493,2.488
6456,45,2.498,2.493,2.488
6462,45,2.498,2.493,2.488
6464,45,2.498,2.493,2.483
6465,45,2.493,2.488,2.483
6467,45,2.493,2.488,2.483
6469,45,2.493,2.488,2.483
6470,45,2.493,2.488,2.483
6472,45,2.493,2.488,2.483
6473,45,2.498,2.488,2.483
6478,45,2.498,2.493,2.488
6483,47,2.498,2.493,2.488
6485,47,2.493,2.488,2.483
6486,47,2.493,2.493,2.483
6488,47,2.493,2.488,2.483
6489,47,2.493,2.488,2.483
6491,47,2.493,2.488,2.483
6492,47,2.498,2.493,2.483
6494,47,2.498,2.493,2.488
6496,47,2.498,2.493,2.488
6497,47,2.498,2.493,2.488
6499,47,2.498,2.493,2.488
6501,47,2.498,2.493,2.488
6507,47,2.512,2.502,2.498
6508,47,2.493,2.488,2.483
6510,47,2.493,2.488,2.483
6512,47,2.498,2.493,2.483
6513,47,2.498,2.493,2.488
6515,47,2.498,2.493,2.488
6519,47,2.498,2.493,2.488
6521,47,2.498,2.493,2.488
6522,47,2.498,2.493,2.483
6524,47,2.498,2.488,2.483
6529,47,2.517,2.507,2.498
6531,47,2.493,2.488,2.483
6532,47,2.493,2.488,2.483
6534,47,2.493,2.493,2.483
6536,47,2.493,2.493,2.483
6537,47,2.498,2.493,2.488
6539,47,2.498,2.493,2.488
6540,47,2.498,2.493,2.483
6542,47,2.493,2.493,2.483
6544,47,2.493,2.488,2.483
6546,47,2.493,2.488,2.483
6551,50,2.502,2.498,2.493
6553,50,2.493,2.488,2.483
6555,50,2.493,2.488,2.483
6556,50,2.493,2.493,2.483
6560,50,2.498,2.493,2.488
6562,50,2.493,2.493,2.483
6564,50,2.493,2.488,2.483
6565,50,2.493,2.488,2.483
6567,50,2.493,2.488,2.483
6568,50,2.493,2.488,2.483
6574,47,2.517,2.507,2.498
6575,47,2.498,2.493,2.488
6577,47,2.498,2.493,2.488
6579,47,2.498,2.493,2.488
6580,47,2.498,2.493,2.488
6582,47,2.498,2.493,2.483
6583,47,2.498,2.493,2.488
6586,47,2.493,2.488,2.483
6587,47,2.493,2.488,2.483
6589,47,2.493,2.488,2.483
6591,47,2.493,2.488,2.483
6592,47,2.498,2.493,2.483
6598,46,2.522,2.507,2.502
6602,46,2.498,2.493,2.488
6603,46,2.498,2.493,2.488
6605,46,2.498,2.493,2.483
6607,46,2.498,2.493,2.483
6608,46,2.498,2.488,2.483
6610,46,2.498,2.493,2.488
6611,46,2.498,2.493,2.483
6613,46,2.498,2.493,2.488
6615,46,2.483,2.483,2.478
6620,45,2.522,2.512,2.502
6622,45,2.498,2.493,2.488
6623,45,2.502,2.493,2.488
6625,45,2.502,2.493,2.488
6626,45,2.502,2.493,2.488
6629,45,2.502,2.493,2.488
6630,45,2.507,2.493,2.488
6632,45,2.507,2.493,2.493
6634,45,2.507,2.493,2.493
6647,44,2.532,2.507,2.507
6654,44,2.517,2.498,2.498
6655,44,2.517,2.498,2.498
6657,44,2.517,2.498,2.498
6658,44,2.512,2.498,2.498
6664,42,2.532,2.512,2.502
6665,42,2.498,2.493,2.488
6667,42,2.493,2.488,2.483
6668,42,2.498,2.493,2.483
6670,42,2.498,2.493,2.483
6673,42,2.498,2.493,2.483
6674,42,2.498,2.493,2.488
6676,42,2.498,2.493,2.488
6677,42,2.498,2.493,2.488
6679,42,2.498,2.493,2.488
6681,42,2.498,2.493,2.488
6682,42,2.498,2.493,2.488
6687,43,2.522,2.512,2.498
6689,43,2.498,2.493,2.483
6691,43,2.498,2.493,2.483
6695,43,2.498,2.493,2.488
6697,43,2.498,2.493,2.488
6698,43,2.498,2.493,2.488
6700,43,2.498,2.493,2.488
6701,43,2.498,2.493,2.488
6703,43,2.498,2.493,2.488
6705,43,2.498,2.493,2.483
6710,38,2.527,2.512,2.502
6711,38,2.498,2.493,2.488
6714,38,2.498,2.493,2.488
6716,38,2.498,2.493,2.488
6717,38,2.498,2.493,2.488
6719,38,2.498,2.493,2.488
6720,38,2.498,2.493,2.488
6722,38,2.498,2.493,2.488
6724,38,2.498,2.493,2.488
6725,38,2.493,2.493,2.483
6727,38,2.493,2.493,2.483
6732,40,2.532,2.517,2.502
6736,40,2.498,2.493,2.488
6738,40,2.498,2.493,2.488
6740,40,2.498,2.493,2.488
6741,40,2.498,2.493,2.488
6743,40,2.498,2.493,2.488
6744,40,2.498,2.493,2.483
6746,40,2.498,2.493,2.483
6748,40,2.493,2.493,2.483
6749,40,2.498,2.493,2.483
6754,41,2.532,2.517,2.507
6757,41,2.498,2.493,2.488
6759,41,2.498,2.493,2.488
6760,41,2.498,2.493,2.488
6762,41,2.498,2.493,2.488
6763,41,2.498,2.493,2.488
6765,41,2.498,2.493,2.483
6767,41,2.498,2.493,2.483
6768,41,2.493,2.493,2.483
6770,41,2.493,2.493,2.483
6778,42,2.542,2.527,2.512
6779,42,2.498,2.493,2.488
6781,42,2.498,2.493,2.488
6783,42,2.498,2.493,2.488
6784,42,2.498,2.493,2.488
6786,42,2.498,2.493,2.488
6787,42,2.498,2.488,2.483
6789,42,2.498,2.493,2.483
6791,42,2.498,2.493,2.488
6792,42,2.498,2.493,2.488
6794,42,2.498,2.493,2.488
6795,42,2.478,2.478,2.478
6802,42,2.537,2.522,2.507
6803,42,2.498,2.493,2.488
6805,42,2.498,2.493,2.488
6806,42,2.498,2.493,2.483
6808,42,2.493,2.488,2.483
6810,42,2.498,2.493,2.483
6811,42,2.498,2.493,2.488
6816,42,2.498,2.493,2.488
6817,42,2.498,2.493,2.488
6822,44,2.542,2.522,2.507
6824,44,2.493,2.493,2.483
6826,44,2.493,2.493,2.483
6827,44,2.493,2.488,2.483
6829,44,2.493,2.488,2.483
6830,44,2.493,2.488,2.483
6832,44,2.498,2.493,2.483
6834,44,2.498,2.493,2.488
6835,44,2.498,2.493,2.488
6837,44,2.498,2.493,2.488
6838,44,2.498,2.493,2.488
6840,44,2.498,2.493,2.488
6846,43,2.542,2.522,2.507
6848,43,2.493,2.488,2.483
6849,43,2.493,2.488,2.483
6851,43,2.493,2.488,2.483
6853,43,2.498,2.493,2.483
6857,43,2.498,2.493,2.488
6859,43,2.498,2.493,2.488
6860,43,2.498,2.493,2.488
6862,43,2.498,2.493,2.488
6875,43,2.542,2.527,2.512
6879,43,2.498,2.493,2.488
6881,43,2.498,2.493,2.488
6882,43,2.498,2.493,2.488
6885,43,2.498,2.488,2.483
6886,43,2.498,2.493,2.483
6892,41,2.542,2.522,2.507
6893,41,2.498,2.493,2.483
6895,41,2.498,2.493,2.488
6896,41,2.498,2.493,2.488
6898,41,2.498,2.493,2.488
6900,41,2.498,2.493,2.488
6901,41,2.498,2.493,2.488
6903,41,2.498,2.493,2.488
6904,41,2.498,2.493,2.483
6909,41,2.498,2.434,2.444
6914,44,2.542,2.527,2.512
6916,44,2.498,2.493,2.488
6917,44,2.498,2.493,2.488
6919,44,2.498,2.493,2.488
6920,44,2.498,2.493,2.488
6922,44,2.498,2.493,2.488
6924,44,2.498,2.493,2.483
6925,44,2.498,2.493,2.483
6928,44,2.493,2.488,2.483
6929,44,2.493,2.488,2.483
6931,44,2.498,2.493,2.483
6936,40,2.546,2.527,2.512
6938,40,2.498,2.493,2.488
6939,40,2.498,2.493,2.488
6941,40,2.498,2.493,2.488
6943,40,2.498,2.493,2.488
6944,40,2.498,2.493,2.483
6946,40,2.498,2.493,2.488
6950,40,2.493,2.493,2.483
6952,40,2.498,2.493,2.483
6953,40,2.498,2.493,2.488
6959,42,2.546,2.527,2.512
6960,42,2.498,2.493,2.488
6962,42,2.498,2.493,2.488
6963,42,2.498,2.493,2.488
6965,42,2.498,2.493,2.483
6967,42,2.498,2.493,2.483
6968,42,2.493,2.493,2.483
6971,42,2.498,2.493,2.483
6972,42,2.498,2.493,2.488
6974,42,2.498,2.493,2.488
6976,42,2.498,2.493,2.488
6981,43,2.542,2.522,2.512
6982,43,2.498,2.493,2.488
6984,43,2.498,2.493,2.488
6986,43,2.498,2.493,2.483
6987,43,2.493,2.488,2.483
7003,41,2.542,2.522,2.507
7005,41,2.498,2.493,2.483
7006,41,2.493,2.488,2.483
7008,41,2.498,2.493,2.483
7010,41,2.498,2.493,2.483
7011,41,2.498,2.493,2.488
7014,41,2.498,2.493,2.488
7015,41,2.498,2.493,2.488
7017,41,2.498,2.493,2.488
7019,41,2.498,2.493,2.488
7020,41,2.498,2.493,2.488
7022,41,2.498,2.493,2.488
7027,46,2.527,2.512,2.498
7029,46,2.493,2.488,2.483
7030,46,2.498,2.493,2.483
7032,46,2.498,2.493,2.483
7033,46,2.498,2.493,2.488
7035,46,2.498,2.493,2.488
7037,46,2.498,2.493,2.488
7041,46,2.498,2.493,2.488
7043,46,2.498,2.493,2.488
7044,46,2.498,2.444,2.454
7049,44,2.527,2.512,2.498
7051,44,2.498,2.493,2.483
7053,44,2.498,2.493,2.488
7054,44,2.498,2.493,2.488
7057,44,2.498,2.493,2.488
7058,44,2.498,2.493,2.488
7060,44,2.498,2.493,2.488
7062,44,2.498,2.493,2.488
7063,44,2.498,2.493,2.488
7065,44,2.498,2.493,2.483
7066,44,2.498,2.493,2.483
7072,45,2.527,2.512,2.502
7073,45,2.498,2.493,2.488
7075,45,2.498,2.493,2.488
7077,45,2.498,2.493,2.488
7078,45,2.498,2.493,2.488
7082,45,2.498,2.493,2.488
7084,45,2.498,2.493,2.483
7086,45,2.498,2.493,2.483
7087,45,2.498,2.488,2.483
7089,45,2.498,2.488,2.483
7094,47,2.527,2.512,2.502
7096,47,2.502,2.493,2.488
7098,47,2.502,2.493,2.488
7100,47,2.502,2.493,2.488
7109,47,2.498,2.488,2.483
7117,47,2.507,2.498,2.493
7119,47,2.502,2.493,2.488
7120,47,2.498,2.493,2.488
7122,47,2.507,2.498,2.488
7123,47,2.502,2.498,2.488
7125,47,2.507,2.493,2.488
7127,47,2.522,2.502,2.498
7128,47,2.517,2.502,2.493
7133,47,2.537,2.502,2.502
7134,47,2.551,2.507,2.517
7139,45,2.600,2.522,2.551
7142,45,2.595,2.517,2.551
7144,45,2.600,2.522,2.556
7145,45,2.605,2.527,2.561
7147,45,2.605,2.527,2.561
7148,45,2.610,2.527,2.561
7150,45,2.605,2.527,2.561
7151,45,2.610,2.527,2.566
7153,45,2.605,2.522,2.556
7155,45,2.605,2.517,2.556
7156,45,2.605,2.517,2.561
7162,48,2.615,2.522,2.566
7163,48,2.610,2.522,2.561
7165,48,2.615,2.527,2.566
7166,48,2.615,2.532,2.571
7168,48,2.605,2.527,2.561
7169,48,2.615,2.527,2.566
7174,48,2.586,2.517,2.542
7175,48,2.586,2.517,2.542
7177,48,2.581,2.512,2.537
7179,48,2.581,2.512,2.537
7185,45,2.605,2.527,2.561
7186,45,2.605,2.522,2.561
7188,45,2.615,2.532,2.571
7190,45,2.620,2.532,2.576
7191,45,2.625,2.532,2.576
7193,45,2.620,2.527,2.576
7194,45,2.610,2.522,2.566
7196,45,2.600,2.517,2.556
7197,45,2.586,2.512,2.542
7199,45,2.581,2.512,2.537
7201,45,2.576,2.512,2.537
7202,45,2.576,2.512,2.537
7208,43,2.576,2.522,2.537
7209,43,2.561,2.517,2.527
7211,43,2.546,2.512,2.517
7215,43,2.507,2.498,2.488
7217,43,2.502,2.493,2.483
7218,43,2.502,2.493,2.483
7220,43,2.502,2.493,2.488
7221,43,2.507,2.498,2.488
7223,43,2.507,2.498,2.493
7226,43,2.512,2.502,2.498
7231,42,2.517,2.507,2.498
7232,42,2.512,2.502,2.493
7234,42,2.507,2.498,2.488
7236,42,2.507,2.498,2.488
7237,42,2.502,2.493,2.483
7239,42,2.502,2.493,2.483
7240,42,2.502,2.493,2.483
7242,42,2.502,2.498,2.488
7244,42,2.507,2.498,2.493
7245,42,2.507,2.502,2.493
7247,42,2.512,2.507,2.498
7252,42,2.498,2.502,2.488
7256,42,2.473,2.488,2.473
7258,42,2.468,2.488,2.473
7260,42,2.468,2.488,2.473
7261,42,2.463,2.493,2.473
7263,42,2.463,2.493,2.478
7264,42,2.463,2.498,2.478
7266,42,2.458,2.498,2.483
7269,42,2.454,2.498,2.478
7270,42,2.439,2.493,2.478
7275,45,2.400,2.483,2.468
7277,45,2.380,2.478,2.463
7279,45,2.370,2.473,2.463
7280,45,2.356,2.473,2.463
7282,45,2.346,2.478,2.463
7283,45,2.336,2.478,2.463
7285,45,2.326,2.478,2.468
7287,45,2.322,2.483,2.468
7288,45,2.307,2.478,2.468
7290,45,2.297,2.478,2.468
7298,44,2.258,2.463,2.454
7299,44,2.248,2.463,2.454
7301,44,2.253,2.463,2.458
7303,44,2.248,2.463,2.458
7304,44,2.248,2.468,2.463
7306,44,2.258,2.468,2.463
7307,44,2.248,2.468,2.463
7309,44,2.258,2.473,2.463
7310,44,2.253,2.468,2.463
7313,44,2.248,2.468,2.463
7315,44,2.239,2.463,2.454
7316,44,2.243,2.463,2.454
7322,46,2.263,2.463,2.458
7323,46,2.268,2.468,2.458
7325,46,2.283,2.473,2.463
7334,46,2.336,2.473,2.463
7338,46,2.356,2.473,2.458
7343,51,2.405,2.488,2.473
7345,51,2.414,2.488,2.473
7349,51,2.449,2.493,2.478
7351,51,2.458,2.493,2.478
7354,51,2.478,2.498,2.478
7355,51,2.483,2.493,2.478
7357,51,2.502,2.493,2.483
7358,51,2.517,2.498,2.493
7360,51,2.517,2.498,2.493
7361,51,2.532,2.502,2.502
7367,51,2.576,2.517,2.537
7368,51,2.581,2.522,2.542
7370,51,2.595,2.522,2.551
7372,51,2.605,2.522,2.561
7373,51,2.620,2.527,2.576
7375,51,2.639,2.527,2.586
7376,51,2.654,2.527,2.600
7378,51,2.678,2.532,2.620
7379,51,2.703,2.537,2.644
7381,51,2.732,2.546,2.669
7383,51,2.761,2.556,2.693
7391,50,2.952,2.605,2.859
7392,50,2.991,2.615,2.903
7394,50,3.035,2.620,2.937
7395,50,3.084,2.625,2.981
7398,50,3.133,2.639,3.025
7400,50,3.187,2.649,3.069
7401,50,3.236,2.659,3.118
7403,50,3.284,2.674,3.162
7404,50,3.343,2.688,3.216
7406,50,3.387,2.698,3.255
7411,45,3.568,2.742,3.416
7413,45,3.617,2.747,3.460
7414,45,3.656,2.752,3.495
7416,45,3.695,2.761,3.534
7418,45,3.734,2.766,3.568
7419,45,3.763,2.771,3.597
7421,45,3.788,2.781,3.622
7422,45,3.812,2.786,3.641
7424,45,3.827,2.796,3.656
7428,45,3.817,2.796,3.641
7434,39,3.739,2.776,3.573
7435,39,3.695,2.761,3.534
7437,39,3.661,2.757,3.500
7438,39,3.602,2.742,3.446
7441,39,3.539,2.727,3.392
7443,39,3.460,2.713,3.319
7444,39,3.397,2.703,3.260
7446,39,3.319,2.688,3.192
7447,39,3.236,2.674,3.118
7449,39,3.148,2.654,3.035
7451,39,3.040,2.625,2.937
7456,36,2.674,2.537,2.610
7457,36,2.551,2.507,2.512
7459,36,2.463,2.488,2.473
7461,36,2.424,2.483,2.468
7462,36,2.380,2.483,2.468
7464,36,2.351,2.483,2.468
7465,36,2.322,2.478,2.468
7470,36,2.199,2.468,2.463
7471,36,2.141,2.458,2.454
7473,36,2.097,2.454,2.454
7478,38,1.970,2.434,2.439
7480,38,1.916,2.419,2.434
7482,38,1.882,2.419,2.434
7484,38,1.872,2.424,2.439
7485,38,1.843,2.419,2.439
7487,38,1.813,2.424,2.439
7489,38,1.794,2.419,2.439
7490,38,1.745,2.405,2.434
7492,38,1.745,2.410,2.429
7493,38,1.720,2.405,2.429
7495,38,1.706,2.400,2.424
7496,38,1.662,2.385,2.414
7502,34,1.657,2.395,2.424
7503,34,1.657,2.395,2.424
7505,34,1.657,2.400,2.429
7507,34,1.652,2.400,2.429
7511,34,1.676,2.400,2.429
7512,34,1.681,2.400,2.424
7514,34,1.667,2.385,2.419
7516,34,1.701,2.395,2.419
7517,34,1.711,2.395,2.419
7519,34,1.725,2.395,2.419
7525,40,1.828,2.419,2.439
7527,40,1.867,2.424,2.439
7528,40,1.882,2.424,2.439
7530,40,1.935,2.429,2.444
7531,40,1.965,2.429,2.439
7533,40,1.994,2.434,2.439
7535,40,2.033,2.434,2.439
7536,40,2.077,2.439,2.439
7538,40,2.111,2.444,2.444
7539,40,2.151,2.449,2.444
7541,40,2.185,2.454,2.449
7546,49,2.312,2.478,2.468
7548,49,2.336,2.478,2.468
7552,49,2.405,2.488,2.468
7562,49,2.498,2.493,2.483
7570,54,2.522,2.507,2.502
7572,54,2.517,2.502,2.498
7573,54,2.507,2.502,2.493
7575,54,2.502,2.498,2.488
7577,54,2.498,2.493,2.483
7578,54,2.498,2.493,2.483
7580,54,2.498,2.493,2.483
7581,54,2.502,2.498,2.483
7583,54,2.502,2.498,2.488
7585,54,2.507,2.502,2.493
7586,54,2.512,2.502,2.498
7591,53,2.532,2.507,2.502
7593,53,2.527,2.502,2.502
7595,53,2.537,2.498,2.502
7596,53,2.542,2.498,2.507
7598,53,2.561,2.502,2.522
7599,53,2.576,2.507,2.537
7604,53,2.644,2.532,2.595
7605,53,2.674,2.537,2.620
7607,53,2.713,2.546,2.649
7608,53,2.747,2.551,2.683
7615,51,2.889,2.581,2.805
7616,51,2.937,2.590,2.849
7618,51,2.991,2.600,2.898
7620,51,3.050,2.620,2.957
7621,51,3.123,2.634,3.016
7623,51,3.196,2.654,3.084
7624,51,3.275,2.674,3.157
7626,51,3.353,2.693,3.226
7627,51,3.431,2.713,3.294
7629,51,3.509,2.727,3.368
7631,51,3.592,2.742,3.446
7632,51,3.675,2.761,3.514
7638,47,3.944,2.815,3.763
7639,47,4.022,2.830,3.827
7641,47,4.096,2.849,3.900
7645,47,4.286,2.889,4.071
7647,47,4.345,2.908,4.130
7648,47,4.399,2.913,4.174
7650,47,4.428,2.923,4.203
7651,47,4.462,2.928,4.238
7654,47,4.487,2.933,4.257
7656,47,4.482,2.928,4.247
7661,39,4.467,2.923,4.238
7662,39,4.438,2.923,4.218
7664,39,4.384,2.908,4.164
7666,39,4.330,2.898,4.110
7667,39,4.247,2.884,4.037
7669,39,4.159,2.869,3.949
7670,39,4.057,2.849,3.866
7672,39,3.949,2.825,3.763
7674,39,3.837,2.796,3.656
7675,39,3.695,2.766,3.529
7677,39,3.543,2.732,3.392
7682,35,3.025,2.620,2.918
7694,35,1.950,2.434,2.439
7697,35,1.823,2.414,2.429
7699,35,1.686,2.395,2.424
7700,35,1.554,2.380,2.419
7705,27,1.193,2.346,2.414
7707,27,1.114,2.346,2.419
7709,27,1.012,2.326,2.414
7710,27,0.865,2.302,2.405
7712,27,0.797,2.297,2.405
7713,27,0.714,2.283,2.400
7715,27,0.655,2.268,2.395
7716,27,0.587,2.258,2.390
7718,27,0.557,2.258,2.390
7720,27,0.582,2.278,2.405
7721,27,0.523,2.258,2.400
7723,27,0.547,2.263,2.400
7728,31,0.709,2.287,2.405
7730,31,0.753,2.283,2.400
7731,31,0.841,2.292,2.400
7736,31,1.197,2.326,2.400
7738,31,1.334,2.346,2.405
7740,31,1.491,2.366,2.410
7741,31,1.672,2.390,2.419
7743,31,1.823,2.410,2.429
7744,31,1.994,2.434,2.444
7746,31,2.155,2.458,2.454
7751,49,2.639,2.527,2.590
7753,49,2.781,2.561,2.717
7754,49,2.898,2.576,2.815
7756,49,3.001,2.600,2.908
7758,49,3.084,2.620,2.981
7759,49,3.143,2.639,3.035
7761,49,3.187,2.649,3.079
7762,49,3.206,2.654,3.089
7764,49,3.206,2.659,3.089
7766,49,3.182,2.654,3.065
7767,49,3.138,2.649,3.030
7772,55,2.908,2.595,2.820
7777,55,2.634,2.522,2.581
7778,55,2.527,2.498,2.498
7781,55,2.444,2.483,2.468
7783,55,2.390,2.483,2.463
7784,55,2.341,2.478,2.463
7786,55,2.273,2.468,2.458
7799,62,1.994,2.429,2.439
7803,62,2.058,2.439,2.444
7804,62,2.121,2.449,2.449
7806,62,2.214,2.463,2.458
7808,62,2.317,2.478,2.463
7809,62,2.434,2.493,2.473
7811,62,2.576,2.512,2.542
7812,62,2.757,2.551,2.693
7818,57,3.436,2.698,3.304
7819,57,3.636,2.742,3.490
7821,57,3.842,2.791,3.675
7822,57,4.037,2.830,3.851
7825,57,4.223,2.874,4.018
7829,57,4.624,2.952,4.389
7831,57,4.736,2.972,4.487
7833,57,4.824,2.986,4.570
7834,57,4.883,2.972,4.594
7836,57,4.922,2.952,4.604
7841,47,4.932,2.947,4.604
7843,47,4.878,2.986,4.594
7844,47,4.819,2.996,4.555
7846,47,4.736,2.986,4.487
7847,47,4.633,2.967,4.389
7849,47,4.511,2.947,4.282
7851,47,4.389,2.918,4.164
7852,47,4.257,2.889,4.042
7854,47,4.096,2.854,3.891
7855,47,3.935,2.815,3.744
7857,47,3.768,2.781,3.592
7862,31,3.216,2.669,3.089
7864,31,3.030,2.630,2.923
7866,31,2.849,2.590,2.757
7871,31,2.395,2.498,2.478
7872,31,2.297,2.483,2.468
7874,31,2.190,2.468,2.458
7876,31,2.092,2.454,2.454
7877,31,1.999,2.444,2.444
7879,31,1.911,2.429,2.439
7880,31,1.843,2.424,2.439
7886,27,1.579,2.400,2.439
7887,27,1.500,2.385,2.429
7889,27,1.461,2.385,2.429
7890,27,1.393,2.375,2.424
7892,27,1.364,2.370,2.424
7893,27,1.329,2.361,2.419
7895,27,1.290,2.361,2.419
7897,27,1.266,2.356,2.414
7898,27,1.276,2.356,2.419
7900,27,1.251,2.351,2.414
7901,27,1.256,2.361,2.419
7903,27,1.271,2.361,2.424
7912,39,1.393,2.375,2.429
7914,39,1.442,2.375,2.424
7915,39,1.491,2.380,2.424
7917,39,1.559,2.390,2.424
7918,39,1.588,2.395,2.424
7920,39,1.637,2.395,2.424
7921,39,1.701,2.410,2.429
7923,39,1.750,2.414,2.434
7925,39,1.828,2.429,2.444
7926,39,1.882,2.439,2.449
7931,40,2.072,2.458,2.458
7933,40,2.107,2.458,2.454
7935,40,2.151,2.458,2.454
7936,40,2.195,2.463,2.454
7938,40,2.243,2.468,2.458
7939,40,2.278,2.473,2.458
7941,40,2.331,2.483,2.463
7943,40,2.366,2.488,2.468
7944,402.405,2.493,2.478
7956,50,2.551,2.512,2.512
7957,50,2.556,2.507,2.517
7959,50,2.561,2.507,2.517
7960,50,2.566,2.507,2.522
7962,50,2.566,2.512,2.527
7964,50,2.576,2.517,2.532
7965,50,2.576,2.517,2.532
7967,50,2.576,2.522,2.537
7968,50,2.566,2.517,2.527
7970,50,2.556,2.517,2.522
7972,50,2.542,2.512,2.507
7977,49,2.507,2.498,2.483
7978,49,2.502,2.498,2.483
7980,49,2.502,2.498,2.483
7982,49,2.502,2.502,2.488
7983,49,2.507,2.502,2.493
7985,49,2.502,2.502,2.488
7986,49,2.502,2.507,2.493
7988,49,2.502,2.507,2.493
7992,49,2.493,2.502,2.483
7995,49,2.488,2.498,2.478
8000,49,2.498,2.498,2.483
8002,49,2.498,2.498,2.483
8003,49,2.507,2.502,2.488
8005,49,2.512,2.507,2.493
8007,49,2.522,2.507,2.498
8008,49,2.527,2.512,2.502
8010,49,2.527,2.512,2.502
8011,49,2.522,2.507,2.498
8013,49,2.522,2.507,2.498
8026,50,2.566,2.522,2.522
8030,50,2.586,2.522,2.537
8032,50,2.595,2.522,2.546
8033,50,2.610,2.522,2.556
8035,50,2.620,2.527,2.566
8037,50,2.639,2.527,2.581
8039,50,2.669,2.537,2.605
8044,49,2.776,2.571,2.698
8049,49,2.854,2.586,2.771
8050,49,2.893,2.595,2.805
8052,49,2.928,2.600,2.835
8053,49,2.957,2.605,2.859
8055,49,2.996,2.615,2.898
8057,49,3.030,2.615,2.928
8058,49,3.069,2.625,2.962
8060,49,3.113,2.639,3.001
8061,49,3.162,2.649,3.045
8067,46,3.338,2.698,3.206
8068,46,3.377,2.703,3.240
8070,46,3.416,2.713,3.275
8071,46,3.441,2.717,3.299
8073,46,3.465,2.717,3.319
8075,46,3.485,2.722,3.328
8076,46,3.504,2.722,3.363
8078,46,3.524,2.727,3.372
8080,46,3.539,2.732,3.392
8082,46,3.548,2.737,3.397
8090,41,3.475,2.727,3.328
8092,41,3.436,2.717,3.299
8093,41,3.382,2.703,3.250
8095,41,3.338,2.688,3.206
8096,41,3.265,2.669,3.138
8098,41,3.196,2.654,3.079
8099,41,3.123,2.639,3.006
8101,41,3.045,2.625,2.937
8103,41,2.952,2.605,2.859
8104,41,2.869,2.590,2.781
8106,41,2.786,2.571,2.708
8107,41,2.678,2.546,2.620
8113,36,2.405,2.493,2.473
8114,36,2.341,2.483,2.468
8116,36,2.283,2.468,2.458
8117,36,2.219,2.463,2.454
8119,36,2.151,2.454,2.454
8122,36,2.077,2.444,2.449
8123,36,2.009,2.439,2.444
8128,36,1.838,2.424,2.444
8129,36,1.779,2.419,2.439
8134,35,1.588,2.380,2.419
8136,35,1.540,2.375,2.414
8138,35,1.491,2.366,2.410
8139,35,1.466,2.370,2.414
8141,35,1.461,2.370,2.414
8142,35,1.442,2.370,2.419
8144,35,1.432,2.375,2.424
8145,35,1.388,2.366,2.419
8147,35,1.388,2.366,2.419
8149,35,1.398,2.351,2.410
8150,35,1.427,2.370,2.419
8152,35,1.452,2.370,2.419
8157,42,1.613,2.385,2.419
8159,42,1.652,2.390,2.419
8160,42,1.740,2.400,2.424
8162,42,1.818,2.414,2.429
,42,1.887,2.424,2.439
8171,42,2.234,2.468,2.458
8173,42,2.302,2.473,2.463
8174,42,2.361,2.478,2.463
8180,50,2.546,2.507,2.512
8181,50,2.590,2.517,2.546
8183,50,2.625,2.527,2.576
8184,50,2.649,2.537,2.595
8186,50,2.659,2.537,2.605
8187,50,2.654,2.537,2.600
8189,50,2.644,2.537,2.590
8191,50,2.625,2.527,2.576
8192,50,2.586,2.507,2.537
8194,50,2.546,2.498,2.512
8195,50,2.517,2.493,2.488
8197,50,2.493,2.493,2.478
8202,53,2.444,2.498,2.478
8204,53,2.424,2.493,2.473
8205,53,2.414,2.483,2.463
8208,,2.410,2.488,2.468
8215,53,2.463,2.493,2.478
8216,53,2.498,2.498,2.483
8218,53,2.556,2.507,2.517
8220,53,2.625,2.522,2.576
8225,58,2.972,2.610,2.879
8227,58,3.099,2.639,2.996
8228,58,3.236,2.674,3.118
8230,58,3.387,2.703,3.250
8231,58,3.539,2.732,3.392
8233,58,3.695,2.761,3.534
8235,58,3.861,2.801,3.690
8236,58,4.032,2.830,3.837
8238,58,4.198,2.869,3.993
8239,58,4.365,2.903,4.145
8241,58,4.521,2.928,4.291
8242,58,4.658,2.962,4.413
8257,52,5.000,2.805,4.653
8261,52,5.000,2.810,4.638
8262,52,5.000,2.893,4.629
8270,31,4.360,2.913,4.125
8272,31,4.179,2.874,3.964
8273,31,3.964,2.825,3.768
8275,31,3.754,2.781,3.578
8277,31,3.524,2.727,3.368
8278,31,3.304,2.683,3.167
8280,31,3.074,2.630,2.962
8281,31,2.859,2.586,2.761
8283,31,2.615,2.532,2.556
8284,31,2.429,2.498,2.478
8286,31,2.297,2.488,2.473
8288,31,2.165,2.468,2.463
8294,28,1.725,2.414,2.434
8296,28,1.564,2.385,2.424
8297,28,1.452,2.380,2.419
8299,28,1.290,2.356,2.414
8300,28,1.158,2.336,2.410
8302,28,1.070,2.336,2.414
8303,,0.958,2.322,2.414
8310,28,0.630,2.297,2.419
8315,29,0.469,2.380,2.478
8317,29,0.396,2.370,2.483
8319,29,0.376,2.375,2.488
8320,29,0.459,2.361,2.478
8322,29,0.464,2.326,2.454
8323,29,0.557,2.297,2.424
8325,29,0.582,2.273,2.410
8327,29,0.718,2.297,2.414
8328,29,0.782,2.297,2.410
8330,29,0.894,2.302,2.405
8331,29,1.036,2.322,2.410
8333,29,1.173,2.331,2.405
8339,42,1.755,2.405,2.424
8341,42,1.921,2.424,2.434
8342,42,2.097,2.444,2.444
8344,42,2.283,2.473,2.463
8345,42,2.439,2.493,2.478
8347,422.610,2.522,2.566
8354,42,3.113,2.634,3.006
8355,42,3.152,2.639,3.040
8361,51,3.138,2.644,3.025
8362,51,3.074,2.630,2.972
8364,51,3.006,2.620,2.908
8365,51,2.913,2.600,2.825
8367,51,2.815,2.576,2.742
8369,51,2.713,2.551,2.649
8370,51,2.605,2.522,2.561
8372,51,2.498,2.502,2.488
8373,51,2.424,2.483,2.468
8375,51,2.366,2.478,2.463
8378,51,2.307,2.468,2.458
8379,51,2.248,2.463,2.454
8384,63,2.107,2.458,2.454
8386,63,2.067,2.454,2.454
8388,63,2.053,2.449,2.454
8389,63,2.053,2.449,2.454
8391,63,2.053,2.444,2.449
8407,60,3.201,2.664,3.084
8408,60,3.402,2.703,3.275
8410,60,3.612,2.747,3.456
8411,60,3.822,2.791,3.651
8413,60,4.022,2.830,3.832
8415,60,4.223,2.874,4.013
8416,60,4.413,2.908,4.189
8418,60,4.580,2.942,4.340
8419,60,4.736,2.972,4.487
8422,60,4.878,2.986,4.594
8424,60,5.000,2.898,4.619
8429,46,5.000,2.659,4.638
8430,46,5.000,2.654,4.643
8432,46,5.000,2.639,4.638
8434,46,5.000,2.659,4.638
8435,46,5.000,2.693,4.638
8437,46,5.000,2.752,4.633
8438,46,5.000,2.820,4.629
8440,46,4.990,2.923,4.619
8444,46,4.653,2.972,4.404
8446,46,4.492,2.947,4.252
8451,36,3.871,2.820,3.675
8453,36,3.656,2.771,3.485
8454,36,3.431,2.717,3.275
8456,36,3.206,2.669,3.074
8458,36,2.962,2.615,2.849
8459,36,2.732,2.561,2.649
8461,36,2.507,2.517,2.493
8462,36,2.361,2.498,2.483
8465,36,2.229,2.483,2.473
8466,36,2.097,2.478,2.468
8468,36,1.950,2.458,2.458
8470,36,1.799,2.439,2.449
8475,26,1.369,2.390,2.434
8477,26,1.202,2.351,2.419
8478,26,1.109,2.351,2.419
8480,26,0.968,2.322,2.410
8481,,0.875,2.322,2.419
8488,26,0.591,2.307,2.429
8490,26,0.543,2.307,2.439
8497,27,0.494,2.302,2.439
8498,27,0.562,2.292,2.419
8500,27,0.630,2.302,2.419
8502,27,0.670,2.292,2.414
8503,27,0.772,2.307,2.424
8506,27,0.919,2.326,2.424
8507,27,0.997,2.331,2.424
8509,27,1.163,2.361,2.429
8510,27,1.285,2.375,2.429
8512,27,1.427,2.385,2.429
8514,27,1.569,2.400,2.429
8519,48,2.087,2.463,2.458
8520,48,2.219,2.478,2.463
8522,48,2.346,2.498,2.478
8524,48,2.454,2.512,2.488
8525,48,2.551,2.527,2.512
8527,48,2.644,2.546,2.586
8531,48,2.791,2.576,2.703
8533,48,2.796,2.576,2.708
8534,48,2.786,2.571,2.698
8536,48,2.761,2.566,2.678
8541,54,2.615,2.542,2.551
8543,54,2.546,2.527,2.507
8544,54,2.502,2.517,2.498
8546,54,2.473,2.522,2.498
8549,54,2.434,2.512,2.493
8550,54,2.405,2.507,2.488
8552,54,2.380,2.502,2.483
8553,54,2.356,2.498,2.478
8555,54,2.351,2.493,2.473
8556,54,2.351,2.488,2.468
8558,54,2.375,2.493,2.473
8560,54,2.405,2.498,2.473
8565,53,2.708,2.561,2.630
8567,53,2.835,2.586,2.752
8568,53,2.996,2.620,2.893
8572,53,3.495,2.727,3.348
8574,53,3.705,2.766,3.534
8576,53,3.905,2.801,3.724
8577,53,4.125,2.849,3.925
8579,53,4.335,2.893,4.115
8580,53,4.545,2.933,4.311
8582,53,4.736,2.972,4.487
8587,45,5.000,2.644,4.643
8589,45,5.000,2.556,4.643
8590,45,5.000,2.488,4.638
8593,45,5.000,2.444,4.643
8595,45,5.000,2.507,4.663
8596,45,5.000,2.410,4.633
8598,45,5.000,2.439,4.633
8599,45,5.000,2.483,4.633
8601,45,5.000,2.590,4.643
8602,45,5.000,2.717,4.638
8604,45,5.000,2.845,4.629
860936,4.462,2.937,4.223
8616,36,3.343,2.693,3.201
8618,36,3.069,2.630,2.957
8619,36,2.776,2.566,2.693
8621,36,2.488,2.502,2.483
8623,36,2.302,2.483,2.468
8624,36,2.116,2.458,2.458
8626,36,1.935,2.439,2.454
8627,36,1.755,2.419,2.439
8634,26,1.134,2.341,2.410
8635,26,0.968,2.317,2.405
8637,26,0.816,2.302,2.405
8638,26,0.660,2.283,2.405
8640,26,0.489,2.292,2.429
8641,26,0.386,2.429,2.522
8643,26,0.318,2.546,2.630
8645,26,0.308,2.669,2.732
8646,26,0.318,2.761,2.815
8648,26,0.381,2.845,2.874
8649,26,0.347,2.874,2.908
8657,34,0.347,2.512,2.586
8659,34,0.425,2.336,2.454
8660,34,0.596,2.263,2.395
8662,34,0.841,2.297,2.405
8664,34,1.046,2.312,2.405
8665,34,1.300,2.351,2.414
8667,34,1.549,2.380,2.424
8668,34,1.823,2.419,2.439
8670,34,2.087,2.449,2.449
8672,34,2.346,2.478,2.463
8678,47,3.192,2.654,3.079
8679,47,3.353,2.688,3.221
8681,47,3.480,2.717,3.338
8683,47,3.578,2.742,3.421
8684,47,3.622,2.752,3.460
8686,47,3.636,2.761,3.475
8687,47,3.602,2.757,3.441
8689,47,3.553,2.747,3.397
8691,47,3.456,2.722,3.304
8695,47,3.089,2.639,2.967
8700,59,2.522,2.517,2.498
8702,59,2.400,2.498,2.478
8703,59,2.312,2.493,2.478
8705,59,2.199,2.478,2.468
8707,59,2.102,2.468,2.463
8708,59,1.979,2.429,2.429
8718,59,1.701,2.405,2.429
8726,62,2.195,2.473,2.463
8728,62,2.400,2.493,2.473
8729,62,2.664,2.537,2.600
8731,62,3.001,2.610,2.898
8733,62,3.368,2.693,3.231
8734,62,3.744,2.771,3.573
8736,62,4.120,2.849,3.920
8737,62,4.482,2.923,4.252
8739,62,4.844,2.986,4.585
8741,62,5.000,2.732,4.648
8746,53,5.000,1.872,4.604
8750,53,5.000,1.554,4.565
8752,53,5.000,1.481,4.560
8753,53,5.000,1.461,4.565
8755,53,5.000,1.491,4.565
8756,53,5.000,1.535,4.575
8758,53,5.000,1.642,4.599
8760,53,5.000,1.745,4.599
8762,53,5.000,1.891,4.629
8764,53,5.000,2.063,4.633
8769,36,5.000,2.830,4.643
8771,36,4.844,3.001,4.545
8772,36,4.555,2.947,4.306
8774,36,4.257,2.889,4.027
8775,36,3.949,2.830,3.744
8777,36,3.622,2.766,3.446
8779,36,3.289,2.693,3.138
8780,36,2.933,2.615,2.815
8782,36,2.590,2.537,2.527
8783,36,2.336,2.502,2.478
8791,17,1.222,2.370,2.424
8793,17,0.997,2.341,2.419
8794,17,0.787,2.317,2.414
8796,17,0.626,2.312,2.419
8798,17,0.401,2.307,2.468
8799,17,0.298,2.556,2.630
8801,17,0.327,2.766,2.796
8802,17,0.308,2.928,2.962
8805,17,0.318,3.074,3.099
8806,17,0.386,3.221,3.226
8808,17,0.371,3.314,3.319
8813,25,0.435,3.441,3.441
8815,25,0.313,3.372,3.421
8816,25,0.342,3.319,3.358
8818,25,0.371,3.250,3.255
8820,25,0.371,3.094,3.118
8821,25,0.337,2.923,2.937
8823,25,0.288,2.683,2.732
8824,25,0.371,2.449,2.532
8829,25,0.973,2.317,2.405
8830,25,1.281,2.361,2.410
8835,47,2.219,2.463,2.458
8837,47,2.473,2.493,2.478
8839,47,2.752,2.546,2.693
8840,47,2.996,2.595,2.913
8842,47,3.187,2.639,3.084
8843,47,3.319,2.664,3.201
8845,47,3.412,2.683,3.284
8848,47,3.456,2.693,3.328
8849,47,3.470,2.698,3.338
8851,47,3.441,2.693,3.314
8852,47,3.387,2.683,3.260
8854,47,3.294,2.669,3.172
8859,57,2.845,2.576,2.757
8861,57,2.678,2.537,2.615
8862,57,2.517,2.502,2.493
8864,57,2.405,2.483,2.468
8868,57,2.180,2.468,2.463
8870,57,2.102,2.463,2.458
8872,57,2.014,2.454,2.454
8873,57,1.960,2.444,2.449
8875,57,1.906,2.439,2.444
8876,57,1.891,2.434,2.444
8882,63,1.916,2.439,2.449
8883,63,1.975,2.444,2.444
8885,63,2.067,2.458,2.454
8886,63,2.185,2.468,2.458
8888,63,2.331,2.483,2.463
8891,63,2.498,2.498,2.478
8892,63,2.742,2.546,2.674
8894,63,3.011,2.605,2.918
8895,63,3.299,2.669,3.177
8897,63,3.612,2.737,3.465
8898,63,3.920,2.796,3.749
8904,55,4.912,2.942,4.624
8905,55,5.000,2.708,4.653
8910,55,5.000,2.151,4.633
8911,55,5.000,2.004,4.629
8913,55,5.000,1.896,4.614
8914,55,5.000,1.838,4.619
8916,55,5.000,1.774,4.614
8918,55,5.000,1.799,4.609
8919,55,5.000,1.838,4.609
8921,55,5.000,1.896,4.619
8926,40,5.000,2.302,4.648
8928,40,5.000,2.498,4.658
8929,40,5.000,2.683,4.653
8931,40,5.000,2.908,4.633
8933,40,4.775,2.981,4.511
8943,40,2.986,2.620,2.869
8950,22,1.769,2.439,2.449
8952,22,1.525,2.405,2.434
8954,22,1.325,2.380,2.429
8955,22,1.085,2.346,2.419
8957,22,0.899,2.331,2.419
8961,22,0.401,2.385,2.502
8963,22,0.323,2.576,2.649
8964,22,0.357,2.757,2.805
8966,22,0.347,2.933,2.952
8971,23,0.342,3.211,3.260
8973,23,0.396,3.275,3.299
8974,23,0.420,3.284,3.304
8977,23,0.357,3.240,3.280
8978,23,0.411,3.187,3.211
8980,23,0.327,3.074,3.109
8982,23,0.327,2.933,2.967
8983,23,0.332,2.766,2.805
8985,23,0.396,2.542,2.605
8986,23,0.503,2.312,2.439
8988,23,0.699,2.283,2.405
8989,23,0.943,2.302,2.400
8995,41,1.901,2.429,2.439
8996,41,2.165,2.458,2.454
8998,41,2.429,2.498,2.473
9002,41,3.123,2.644,3.006
9004,41,3.284,2.678,3.152
9005,41,3.407,2.703,3.260
9007,41,3.480,2.717,3.324
9008,41,3.509,2.727,3.353
9010,41,3.500,2.727,3.343
9012,41,3.451,2.717,3.299
9018,55,3.099,2.649,2.972
9020,55,2.933,2.605,2.815
9021,55,2.757,2.566,2.674
9023,55,2.581,2.527,2.527
9024,55,2.444,2.502,2.478
9026,55,2.356,2.493,2.473
9028,55,2.243,2.478,2.463
9029,55,2.155,2.468,2.463
9031,55,2.067,2.458,2.454
9032,55,1.970,2.444,2.449
9034,55,1.921,2.444,2.449
9039,62,1.838,2.439,2.444
9043,62,1.975,2.439,2.444
9045,62,2.097,2.458,2.454
9047,62,2.248,2.473,2.458
9048,62,2.439,2.498,2.473
9050,62,2.678,2.537,2.615
9051,62,2.981,2.605,2.884
9053,62,3.299,2.678,3.172
9055,62,3.631,2.747,3.475
9056,62,3.969,2.820,3.783
9062,55,5.000,2.893,4.624
9064,55,5.000,2.634,4.643
9066,55,5.000,2.390,4.633
9067,55,5.000,2.199,4.629
9069,55,5.000,2.028,4.614
9070,55,5.000,1.945,4.599
9072,55,5.000,1.882,4.594
9074,55,5.000,1.857,4.594
9075,55,5.000,1.852,4.599
9077,55,5.000,1.916,4.604
9093,36,3.988,2.835,3.783
9094,36,3.671,2.766,3.495
9096,36,3.343,2.698,3.196
9097,36,3.021,2.625,2.903
9099,36,2.693,2.551,2.615
9101,36,2.410,2.493,2.478
9102,36,2.204,2.478,2.463
9109,26,1.520,2.395,2.429
9110,26,1.320,2.366,2.419
9112,26,1.105,2.346,2.414
9113,26,0.904,2.312,2.410
9115,26,0.733,2.302,2.414
9116,26,0.562,2.283,2.414
9118,26,0.411,2.375,2.493
9120,26,0.396,2.556,2.620
9121,26,0.391,2.708,2.747
9123,26,0.371,2.840,2.859
9124,26,0.396,2.947,2.957
9130,26,0.357,3.050,3.074
9134,26,0.308,2.849,2.908
9135,26,0.323,2.713,2.776
9137,26,0.381,2.561,2.630
9139,26,0.420,2.341,2.473
9140,26,0.660,2.302,2.419
9142,26,0.816,2.302,2.414
9143,26,1.080,2.341,2.419
9146,26,1.320,2.366,2.424
9147,26,1.554,2.395,2.429
9153,44,2.366,2.498,2.473
9154,44,2.566,2.517,2.517
9156,44,2.791,2.571,2.703
9158,44,2.972,2.610,2.864
9159,44,3.109,2.639,2.986
9161,44,3.196,2.659,3.069
9162,44,3.250,2.674,3.118
9164,44,3.260,2.674,3.123
9165,44,3.240,2.674,3.104
9179,56,2.390,2.507,2.483
9185,56,2.067,2.463,2.458
9187,56,2.033,2.458,2.454
9190,56,2.023,2.458,2.454
9191,56,2.033,2.458,2.454
9193,56,2.048,2.458,2.454
9198,58,2.375,2.502,2.478
9200,58,2.517,2.512,2.493
9201,58,2.737,2.561,2.659
9203,58,2.991,2.615,2.889
9204,58,3.265,2.674,3.133
9206,58,3.543,2.727,3.392
9208,58,3.842,2.791,3.661
9209,58,4.135,2.849,3.925
9211,58,4.413,2.908,4.184
9212,58,4.677,2.957,4.423
9214,58,4.917,2.967,4.614
9215,58,5.000,2.761,4.638
9221,51,5.000,2.214,4.633
9222,51,5.000,2.155,4.629
9227,51,5.000,2.107,4.624
9228,51,5.000,2.155,4.629
9230,51,5.000,2.204,4.633
9232,51,5.000,2.302,4.638
9234,51,5.000,2.429,4.653
9236,51,5.000,2.556,4.648
9237,51,5.000,2.703,4.643
9239,51,5.000,2.903,4.633
9244,32,4.321,2.903,4.081
9246,32,4.066,2.849,3.856
9247,32,3.793,2.796,3.607
9249,32,3.539,2.737,3.372
9250,32,3.265,2.678,3.123
9252,32,3.011,2.625,2.889
9254,32,2.737,2.561,2.649
9255,32,2.488,2.507,2.483
9257,32,2.312,2.488,2.473
9258,32,2.155,2.468,2.463
9260,32,1.994,2.454,2.454
9268,22,1.197,2.361,2.424
9269,22,1.041,2.346,2.419
9271,22,0.914,2.326,2.414
9274,22,0.777,2.307,2.410
9275,22,0.626,2.283,2.410
9277,22,0.547,2.287,2.424
9278,22,0.435,2.361,2.478
9280,22,0.367,2.444,2.537
9281,22,0.342,2.522,2.600
9283,22,0.347,2.595,2.649
9288,30,0.323,2.625,2.693
9290,30,0.367,2.605,2.659
9291,30,0.376,2.546,2.620
9293,30,0.401,2.478,2.551
9295,30,0.450,2.292,2.473
9296,30,0.587,2.287,2.419
9298,30,0.645,2.273,2.405
9299,30,0.797,2.297,2.410
9301,30,0.968,2.322,2.410
9305,30,1.432,2.370,2.414
9311,45,2.067,2.454,2.449
9312,45,2.224,2.463,2.458
9314,45,2.380,2.488,2.468
9315,45,2.527,2.507,2.498
9318,45,2.674,2.537,2.615
9319,45,2.791,2.566,2.713
9321,45,2.879,2.586,2.791
9323,45,2.933,2.600,2.835
9324,45,2.967,2.615,2.869
9326,45,2.977,2.620,2.874
9327,45,2.967,2.615,2.864
9329,45,2.928,2.605,2.830
9334,55,2.713,2.556,2.634
9336,55,2.625,2.532,2.566
9338,55,2.537,2.512,2.498
9339,55,2.478,2.502,2.483
9341,55,2.429,2.498,2.478
9342,55,2.395,2.498,2.478
9347,55,2.297,2.473,2.463
9348,55,2.278,2.473,2.463
9350,55,2.253,2.468,2.458
9355,61,2.258,2.473,2.463
9357,61,2.278,2.473,2.463
9358,61,2.307,2.478,2.463
9361,61,2.351,2.483,2.468
9362,61,2.395,2.483,2.463
9364,61,2.458,2.493,2.473
9366,61,2.537,2.507,2.502
9367,61,2.634,2.527,2.576
9369,61,2.747,2.556,2.674
9370,61,2.874,2.581,2.781
9372,61,2.996,2.610,2.893
9374,61,3.133,2.639,3.021
9379,55,3.627,2.752,3.456
9380,55,3.759,2.776,3.583
9382,55,3.895,2.805,3.710
9384,55,4.022,2.830,3.822
9388,55,4.321,2.893,4.101
9390,55,4.423,2.913,4.189
9391,55,4.506,2.928,4.267
9393,55,4.575,2.937,4.335
9407,43,4.619,2.952,4.365
9411,43,4.453,2.923,4.213
9413,43,4.370,2.908,4.140
9414,43,4.267,2.889,4.042
9416,43,4.154,2.869,3.944
9417,43,4.027,2.840,3.822
9419,43,3.886,2.810,3.690
9424,35,3.368,2.703,3.211
9426,35,3.187,2.659,3.055
9427,35,3.030,2.625,2.913
9429,35,2.869,2.586,2.766
9431,35,2.688,2.546,2.610
9432,35,2.517,2.507,2.488
9434,35,2.410,2.498,2.478
9435,35,2.307,2.483,2.468
9440,35,2.038,2.449,2.449
9441,35,1.940,2.434,2.444
9448,27,1.642,2.405,2.429
9449,27,1.540,2.380,2.419
9451,27,1.471,2.375,2.419
9452,27,1.398,2.375,2.419
9454,27,1.325,2.361,2.414
9455,27,1.251,2.346,2.405
9457,27,1.173,2.336,2.405
9459,27,1.129,2.331,2.405
9460,27,1.070,2.326,2.405
9462,27,1.022,2.317,2.405
9463,27,1.007,2.322,2.410
9465,27,0.982,2.317,2.414
9470,31,0.943,2.312,2.410
9472,31,0.973,2.312,2.405
9473,31,0.958,2.302,2.400
9475,31,0.992,2.302,2.395
9476,31,1.065,2.322,2.400
9481,31,1.207,2.336,2.405
9482,31,1.271,2.346,2.414
9484,31,1.369,2.361,2.419
9485,31,1.442,2.375,2.424
9492,45,1.764,2.410,2.434
9493,45,1.843,2.414,2.429
9495,45,1.935,2.419,2.429
9496,45,2.043,2.434,2.439
9498,45,2.121,2.444,2.444
9500,45,2.214,2.458,2.454
9501,45,2.297,2.468,2.458
9503,45,2.375,2.483,2.468
9504,45,2.434,2.493,2.478
9506,45,2.493,2.502,2.488
9508,45,2.537,2.507,2.512
9509,45,2.576,2.517,2.537
9514,49,2.620,2.522,2.571
9516,49,2.620,2.517,2.571
9518,49,2.605,2.517,2.561
9522,49,2.556,2.512,2.522
9523,49,2.527,2.507,2.502
9525,49,2.507,2.502,2.493
9527,49,2.493,2.502,2.488
9528,49,2.478,2.498,2.483
9531,49,2.463,2.493,2.478
9532,49,2.454,2.488,2.473
9538,51,2.429,2.483,2.463
9539,51,2.429,2.483,2.463
9541,51,2.429,2.483,2.468
9542,51,2.439,2.488,2.473
9544,51,2.454,2.493,2.473
9546,51,2.468,2.498,2.483
9547,51,2.488,2.498,2.483
9549,51,2.507,2.502,2.493
9550,51,2.532,2.502,2.507
9552,51,2.566,2.507,2.527
9554,51,2.605,2.517,2.561
9555,51,2.649,2.522,2.595
9563,56,2.967,2.600,2.874
9565,56,3.035,2.620,2.942
9566,56,3.104,2.634,3.001
9568,56,3.167,2.649,3.060
9570,56,3.236,2.664,3.104
9571,56,3.294,2.674,3.172
9574,56,3.353,2.683,3.226
9575,56,3.407,2.693,3.280
9577,56,3.460,2.703,3.319
9582,50,3.592,2.737,3.436
9584,50,3.607,2.742,3.456
9585,50,3.627,2.752,3.475
9587,50,3.631,2.752,3.475
9589,50,3.631,2.752,3.475
9590,50,3.617,2.747,3.465
9592,50,3.597,2.742,3.446
9593,50,3.568,2.732,3.421
9595,50,3.529,2.722,3.382
9597,50,3.490,2.713,3.343
9605,43,3.226,2.669,3.109
9606,43,3.152,2.654,3.040
9608,43,3.079,2.634,2.972
9609,43,3.001,2.615,2.903
9611,43,2.918,2.595,2.830
9612,43,2.825,2.571,2.742
9614,43,2.737,2.546,2.669
9617,43,2.664,2.532,2.605
9618,43,2.595,2.517,2.546
9631,39,2.380,2.493,2.478
9635,39,2.307,2.478,2.463
9637,39,2.292,2.473,2.463
9639,39,2.278,2.473,2.463
9640,39,2.273,2.478,2.463
9642,39,2.263,2.478,2.468
9643,39,2.253,2.478,2.468
9645,39,2.248,2.478,2.468
9650,38,2.234,2.483,2.468
9652,38,2.224,2.468,2.463
9656,38,2.214,2.463,2.458
9659,38,2.224,2.468,2.458
9660,38,2.224,2.473,2.463
9662,38,2.234,2.473,2.463
9664,38,2.234,2.478,2.468
9665,38,2.243,2.483,2.468
9667,38,2.243,2.483,2.468
9668,38,2.248,2.483,2.468
9674,38,2.258,2.478,2.463
9675,38,2.253,2.468,2.458
9677,38,2.258,2.468,2.458
9678,38,2.263,2.468,2.458
9680,38,2.268,2.473,2.463
9681,38,2.278,2.478,2.463
9683,38,2.292,2.478,2.468
9685,38,2.307,2.483,2.473
9686,38,2.312,2.483,2.468
9688,38,2.317,2.483,2.468
9689,38,2.326,2.483,2.468
9697,44,2.390,2.483,2.463
9699,44,2.400,2.483,2.468
9702,44,2.410,2.488,2.468
9703,44,2.434,2.498,2.478
9705,44,2.439,2.498,2.478
9706,44,2.454,2.498,2.483
9708,44,2.463,2.498,2.483
9710,44,2.473,2.498,2.483
9711,44,2.488,2.498,2.483
9713,44,2.493,2.493,2.483
9718,46,2.512,2.498,2.488
9720,46,2.507,2.498,2.488
9721,46,2.507,2.498,2.488
9723,46,2.512,2.502,2.493
9724,46,2.517,2.507,2.498
9726,46,2.517,2.507,2.498
9728,46,2.517,2.507,2.498
9729,46,2.512,2.502,2.498
9731,46,2.512,2.502,2.493
9735,46,2.498,2.493,2.483
9740,43,2.507,2.498,2.493
9742,43,2.512,2.502,2.498
9745,43,2.512,2.502,2.498
9746,43,2.512,2.507,2.498
9748,43,2.512,2.507,2.498
9749,43,2.507,2.502,2.493
9751,43,2.502,2.502,2.488
9752,43,2.498,2.498,2.483
9754,43,2.493,2.493,2.483
9756,43,2.493,2.493,2.478
9757,43,2.488,2.493,2.478
9759,43,2.483,2.488,2.478
9764,43,2.493,2.502,2.488
9766,43,2.488,2.502,2.488
9767,43,2.483,2.502,2.488
9769,43,2.478,2.498,2.483
9771,43,2.468,2.493,2.478
9772,43,2.463,2.488,2.473
9789,46,2.439,2.498,2.478
9791,46,2.434,2.493,2.473
9792,46,2.429,2.488,2.468
9794,46,2.429,2.488,2.468
9795,46,2.424,2.483,2.463
9797,46,2.424,2.483,2.463
9799,46,2.424,2.483,2.463
9800,46,2.424,2.488,2.468
9802,46,2.429,2.488,2.473
9803,46,2.434,2.493,2.473
9809,44,2.458,2.498,2.483
9810,44,2.454,2.493,2.478
9812,44,2.458,2.493,2.473
9813,44,2.463,2.493,2.473
9815,44,2.463,2.488,2.473
9817,44,2.468,2.488,2.473
9818,44,2.478,2.493,2.478
9820,44,2.483,2.498,2.483
9821,44,2.493,2.502,2.488
9826,44,2.517,2.507,2.498
9832,44,2.522,2.507,2.498
9834,44,2.517,2.502,2.493
9835,44,2.512,2.498,2.488
9837,44,2.517,2.502,2.493
9838,44,2.517,2.502,2.493
9840,44,2.517,2.502,2.493
9842,44,2.522,2.507,2.498
9843,44,2.527,2.512,2.502
9845,44,2.527,2.512,2.502
9846,44,2.532,2.517,2.502
9848,44,2.532,2.512,2.502
9853,47,2.532,2.512,2.498
9855,47,2.517,2.502,2.493
9864,47,2.537,2.517,2.507
9868,47,2.537,2.517,2.507
9870,47,2.532,2.512,2.502
9872,47,2.527,2.507,2.498
9878,44,2.532,2.512,2.498
9882,44,2.527,2.512,2.502
9884,44,2.532,2.512,2.502
9885,44,2.532,2.517,2.507
9887,44,2.532,2.517,2.507
9888,44,2.532,2.517,2.502
9890,44,2.532,2.512,2.502
9892,44,2.532,2.512,2.498
9893,44,2.527,2.507,2.498
9898,45,2.537,2.512,2.498
9900,45,2.532,2.512,2.498
9902,45,2.537,2.512,2.502
9903,45,2.537,2.512,2.502
9905,45,2.537,2.517,2.507
9906,45,2.542,2.517,2.507
9908,45,2.542,2.517,2.507
9909,45,2.537,2.517,2.507
9911,45,2.537,2.512,2.507
9914,45,2.532,2.507,2.502
9915,45,2.537,2.507,2.502
9923,43,2.537,2.517,2.507
9925,43,2.537,2.517,2.507
9926,43,2.537,2.517,2.507
9928,43,2.537,2.517,2.507
9930,43,2.542,2.517,2.507
9931,43,2.546,2.517,2.512
9933,43,2.546,2.512,2.507
9934,43,2.556,2.512,2.512
9936,43,2.556,2.512,2.512
9938,43,2.561,2.512,2.517
9939,43,2.561,2.517,2.522
9944,45,2.595,2.532,2.542
9946,45,2.595,2.527,2.546
9948,45,2.595,2.527,2.546
9949,45,2.605,2.532,2.556
9951,45,2.605,2.527,2.556
9952,45,2.605,2.522,2.556
9954,45,2.605,2.522,2.556
9955,45,2.610,2.522,2.556
9961,45,2.625,2.532,2.571
9962,45,2.634,2.537,2.581
9968,48,2.654,2.546,2.590
9969,48,2.644,2.537,2.586
9971,48,2.639,2.537,2.586
9972,48,2.634,2.532,2.576
9974,48,2.634,2.532,2.576
9976,48,2.625,2.527,2.571
9977,48,2.620,2.527,2.566
9979,48,2.615,2.527,2.561
9980,48,2.605,2.527,2.556
9982,48,2.595,2.527,2.546
9984,48,2.586,2.527,2.537
9989,43,2.551,2.522,2.512
9990,43,2.532,2.512,2.502
9992,43,2.522,2.507,2.493
9994,43,2.517,2.502,2.493
9995,43,2.522,2.507,2.493
9997,43,2.522,2.507,2.493
10002,43,2.527,2.512,2.502
10004,43,2.527,2.512,2.502
10005,43,2.532,2.517,2.502
10007,43,2.532,2.517,2.502
10012,42,2.532,2.517,2.498
10014,42,2.517,2.507,2.493
10016,42,2.517,2.507,2.493
10017,42,2.517,2.507,2.493
10019,42,2.517,2.507,2.493
10020,42,2.517,2.512,2.493
10022,42,2.517,2.512,2.498
10024,42,2.517,2.512,2.498
10025,42,2.517,2.517,2.498
10027,42,2.517,2.517,2.498
10029,42,2.512,2.512,2.498
10034,43,2.502,2.512,2.488
10035,43,2.488,2.502,2.483
10037,43,2.478,2.502,2.483
10042,43,2.454,2.498,2.478
10044,43,2.449,2.493,2.473
10046,43,2.439,2.493,2.473
10047,43,2.429,2.493,2.473
10049,43,2.424,2.488,2.468
10051,43,2.424,2.493,2.473
10052,43,2.419,2.488,2.468
10058,40,2.424,2.493,2.473
10059,40,2.419,2.493,2.473
10061,40,2.414,2.493,2.473
10062,40,2.410,2.488,2.468
10064,40,2.410,2.488,2.468
10066,40,2.400,2.483,2.468
10067,40,2.390,2.483,2.468
10069,40,2.385,2.488,2.468
10071,40,2.380,2.483,2.468
10072,40,2.375,2.483,2.468
10074,40,2.366,2.483,2.468
10082,41,2.341,2.483,2.468
10085,41,2.326,2.478,2.463
10094,41,2.302,2.478,2.463
10098,41,2.302,2.478,2.463
10103,42,2.322,2.483,2.463
10105,42,2.322,2.478,2.463
10107,42,2.326,2.478,2.463
10108,42,2.331,2.478,2.463
10110,42,2.346,2.483,2.463
10111,42,2.361,2.483,2.463
10113,42,2.370,2.483,2.468
10115,42,2.380,2.488,2.468
10116,42,2.390,2.488,2.468
10118,42,2.405,2.493,2.468
10120,42,2.419,2.488,2.468
10125,46,2.478,2.498,2.478
10128,46,2.483,2.498,2.478
10129,46,2.498,2.498,2.483
10134,46,2.532,2.507,2.502
10135,46,2.537,2.507,2.507
10137,46,2.546,2.507,2.507
10138,46,2.546,2.507,2.512
10140,46,2.556,2.507,2.517
10142,46,2.566,2.507,2.527
10143,46,2.581,2.512,2.537
10149,50,2.654,2.527,2.600
10150,50,2.678,2.532,2.620
10152,50,2.703,2.537,2.644
10154,50,2.732,2.546,2.669
10155,50,2.766,2.551,2.698
10157,50,2.796,2.561,2.727
10158,50,2.830,2.566,2.757
10160,50,2.864,2.571,2.786
10162,50,2.893,2.576,2.810
10163,50,2.928,2.586,2.845
10165,50,2.962,2.590,2.874
10171,49,3.079,2.615,2.977
10176,49,3.162,2.634,3.065
10177,49,3.196,2.644,3.089
10179,49,3.221,2.649,3.109
10181,49,3.245,2.654,3.133
10182,49,3.260,2.654,3.148
10184,49,3.270,2.654,3.152
10185,49,3.284,2.654,3.167
10187,49,3.284,2.659,3.172
10189,49,3.275,2.649,3.162
10194,39,3.280,2.674,3.157
10196,39,3.236,2.649,3.123
10197,39,3.211,2.649,3.104
10199,39,3.187,2.639,3.079
10201,39,3.143,2.634,3.040
10202,39,3.099,2.620,2.996
10204,39,3.045,2.610,2.952
10205,39,2.991,2.595,2.898
10207,39,,2.586,2.840
10219,32,2.473,2.493,2.478
10220,32,2.444,2.488,2.468
10222,32,2.424,2.483,2.468
10223,32,2.414,2.483,2.463
10225,32,2.390,2.478,2.463
10227,32,2.370,2.478,2.463
10228,32,2.336,2.473,2.458
10230,32,2.307,2.468,2.458
10232,32,2.283,2.468,2.458
10233,32,2.263,2.468,2.458
10239,37,2.190,2.463,2.454
10240,37,2.165,2.458,2.454
10242,37,2.141,2.454,2.449
10243,37,2.111,2.449,2.444
10245,37,2.102,2.444,2.444
10247,37,2.092,2.449,2.444
10248,37,2.082,2.444,2.444
10250,37,2.067,2.444,2.44410253,37,2.028,2.439,2.439
10262,36,2.048,2.444,2.444
10264,36,2.063,2.444,2.444
10266,36,2.067,2.444,2.444
10267,36,2.072,2.449,2.444
10269,36,2.072,2.444,2.444
10271,36,2.087,2.449,2.444
10272,36,2.097,2.449,2.449
10274,36,2.116,2.454,2.449
10275,36,2.136,2.458,2.454
10277,36,2.146,2.458,2.454
10279,36,2.160,2.458,2.454
10284,40,2.229,2.463,2.454
10286,40,2.234,2.463,2.454
10287,40,2.248,2.463,2.454
10289,40,2.273,2.468,2.458
10290,40,2.283,2.468,2.458
10292,40,2.302,2.473,2.463
10294,402.322,2.478,2.463
10302,40,2.380,2.478,2.463
10307,44,2.439,2.488,2.468
10309,44,2.449,2.483,2.468
10310,44,2.463,2.488,2.473
10312,44,2.478,2.493,2.478
10313,44,2.493,2.493,2.483
10315,44,2.507,2.498,2.493
10317,44,2.512,2.498,2.493
10318,44,2.512,2.498,2.493
10320,44,2.507,2.498,2.488
10323,44,2.498,2.483,2.478
10329,46,2.507,2.498,2.488
10330,46,2.502,2.498,2.488
10332,46,2.507,2.498,2.493
10334,46,2.507,2.498,2.493
10335,46,2.512,2.498,2.493
10337,46,2.512,2.498,2.493
10339,46,2.512,2.498,2.493
10344,46,2.512,2.493,2.493
10346,46,2.512,2.493,2.493
10347,46,2.512,2.493,2.493
10352,47,2.537,2.507,2.507
10354,47,2.537,2.502,2.507
10356,47,2.546,2.502,2.517
10357,47,2.556,2.507,2.522
10359,47,2.566,2.507,2.532
10361,47,2.581,2.507,2.542
10362,47,2.590,2.512,2.551
10364,47,2.600,2.512,2.561
10365,47,2.615,2.517,2.571
10367,47,2.634,2.517,2.586
10369,47,2.649,2.522,2.600
10374,46,2.727,2.546,2.664
10376,46,2.742,2.546,2.683
10377,46,2.766,2.551,2.703
10379,46,2.791,2.556,2.722
10384,46,2.854,2.566,2.781
10386,46,2.884,2.576,2.810
10388,46,2.913,2.581,2.825
10389,46,2.947,2.586,2.864
10391,46,2.981,2.595,2.893
10392,46,3.006,2.595,2.918
10398,46,3.113,2.630,3.011
10399,46,3.133,2.630,3.030
10401,46,3.157,2.634,3.055
10403,46,3.187,2.639,3.084
10404,46,3.206,2.644,3.104
10406,46,3.221,2.644,3.113
10408,46,3.240,2.649,3.133
10409,46,3.250,2.654,3.143
10411,46,3.265,2.654,3.152
10412,46,3.270,2.659,3.157
10414,46,3.270,2.659,3.157
10419,37,3.245,2.654,3.133
10421,37,3.211,2.644,3.109
10426,37,3.118,2.625,3.016
10428,37,3.065,2.610,2.967
10430,37,3.011,2.600,2.913
10431,37,2.947,2.586,2.859
10433,37,2.889,2.576,2.805
10434,37,2.815,2.561,2.742
10436,37,2.737,2.546,2.674
10438,37,2.654,2.527,2.605
10443,35,2.444,2.488,2.468
10445,35,2.410,2.483,2.463
10446,35,2.380,2.478,2.463
10448,35,2.351,2.473,2.463
10450,35,2.312,2.473,2.463
10451,35,2.268,2.468,2.458
10453,35,2.234,2.463,2.458
10454,35,2.195,2.463,2.458
10456,35,2.146,2.458,2.454
10458,35,,2.449,2.449
10477,38,1.716,2.414,2.429
10479,38,1.711,2.410,2.429
10480,38,1.691,2.405,2.424
10482,38,1.681,2.400,2.424
10487,39,1.735,2.410,2.429
10489,39,1.755,2.410,2.429
10491,39,1.779,2.414,2.429
10492,39,1.799,2.419,2.434
10494,39,1.838,2.424,2.439
10495,39,1.877,2.429,2.439
10497,39,1.906,2.429,2.439
10499,39,1.960,2.434,2.439
10500,39,1.994,2.439,2.444
10502,39,2.043,2.439,2.444
10503,39,2.087,2.444,2.444
10509,49,2.239,2.463,2.458
10510,49,2.278,2.468,2.458
10513,49,2.322,2.473,2.463
10517,49,2.410,2.483,2.468
10519,49,2.434,2.483,2.468
10521,49,2.458,2.488,2.473
10522,49,2.473,2.488,2.478
10524,49,2.488,2.493,2.483
10526,49,2.502,2.493,2.488
10527,49,2.507,2.493,2.493
10533,55,2.512,2.498,2.493
10534,55,2.507,2.498,2.493
10536,55,2.502,2.498,2.488
10537,55,2.502,2.498,2.488
10539,55,2.502,2.493,2.488
10541,55,2.498,2.493,2.488
10542,55,2.498,2.493,2.483
10544,55,2.493,2.493,2.483
10546,55,2.493,2.493,2.483
10547,55,2.493,2.493,2.483
10549,55,2.493,2.493,2.483
10555,54,2.507,2.502,2.493
10567,54,2.542,2.502,2.512
10571,54,2.590,2.517,2.551
10573,54,2.615,2.522,2.571
10578,55,2.722,2.556,2.654
10580,55,2.747,2.551,2.683
10582,55,2.786,2.556,2.713
10583,55,2.825,2.566,2.752
10585,55,2.879,2.576,2.796
10587,55,2.928,2.586,2.835
10588,55,2.986,2.600,2.893
10590,55,3.040,2.615,2.942
10591,55,3.104,2.630,3.001
10593,55,3.167,2.639,3.060
10595,55,3.236,2.654,3.123
10601,51,3.485,2.717,3.343
10603,51,3.519,2.713,3.382
10604,51,3.583,2.722,3.436
10606,51,3.641,2.737,3.495
10610,51,3.793,2.771,3.631
10612,51,3.851,2.781,3.685
10613,51,3.900,2.791,3.729
10615,51,3.935,2.796,3.763
10617,51,3.964,2.805,3.788
10618,51,3.988,2.810,3.788
10624,46,4.047,2.830,3.851
10625,46,4.013,2.810,3.832
10627,46,3.993,2.810,3.817
10629,46,3.969,2.805,3.793
10630,46,3.930,2.796,3.754
10632,46,3.881,2.786,3.715
10633,46,3.837,2.781,3.671
10635,46,3.768,2.771,3.607
10637,46,3.695,2.757,3.534
10638,46,3.607,2.737,3.460
10641,46,3.514,2.717,3.377
10646,38,3.182,2.654,3.065
10651,38,2.830,2.566,2.757
10652,38,2.678,2.537,2.620
10654,38,2.537,2.507,2.512
10655,38,2.434,2.488,2.473
10657,38,2.380,2.483,2.468
10659,38,2.322,2.473,2.463
10660,38,2.263,2.468,2.458
10662,38,2.199,2.458,2.454
10664,38,2.131,2.454,2.449
10669,31,1.911,2.429,2.439
10671,31,1.843,2.424,2.439
10672,31,1.774,2.419,2.434
10674,31,1.716,2.414,2.434
10675,31,1.632,2.400,2.429
10677,31,1.564,2.390,2.424
10679,31,1.505,2.385,2.424
10680,31,1.457,2.380,2.419
10683,31,1.393,2.370,2.414
,31,1.344,2.366,2.414
10695,36,1.232,2.361,2.419
10697,36,1.232,2.351,2.414
10698,36,1.246,2.351,2.414
10700,36,1.276,2.356,2.414
10701,36,1.320,2.361,2.414
10703,36,1.378,2.370,2.419
10705,36,1.398,2.366,2.414
10706,36,1.486,2.380,2.419
10708,36,1.525,2.380,2.419
10713,39,1.799,2.424,2.439
10715,39,1.862,2.424,2.439
10716,39,1.940,2.434,2.439
10718,39,2.033,2.444,2.449
10720,39,2.116,2.454,2.454
10721,39,2.195,2.463,2.454
10723,39,2.263,2.468,2.458
10726,39,2.331,2.473,2.463
10727,39,2.400,2.483,2.468
10732,39,2.537,2.502,2.507
10737,50,2.644,2.527,2.590
10739,50,2.649,2.527,2.595
10740,50,2.644,2.527,2.590
10742,50,2.630,2.522,2.581
10743,50,2.610,2.517,2.566
10745,50,2.586,2.512,2.546
10747,50,2.561,2.502,2.527
10748,50,2.537,2.502,2.507
10750,50,2.512,2.498,2.493
10752,50,2.493,2.493,2.483
10753,50,2.483,2.493,2.478
10758,57,2.458,2.493,2.478
10760,57,2.439,2.483,2.468
10762,57,2.429,2.483,2.463
10763,57,2.424,2.483,2.463
10765,57,2.419,2.483,2.468
10768,57,2.419,2.483,2.463
10772,57,2.429,2.483,2.468
10774,57,2.439,2.483,2.468
10775,57,2.454,2.488,2.473
10777,57,2.468,2.488,2.478
10782,58,2.561,2.512,2.522
10784,58,2.576,2.507,2.542
10785,58,2.620,2.517,2.576
10787,58,2.659,2.522,2.610
10789,58,2.713,2.537,2.654
10798,58,3.045,2.610,2.957
10806,53,3.402,2.688,3.275
10808,53,3.460,2.693,3.338
10810,53,3.539,2.713,3.407
10812,53,3.612,2.727,3.475
10813,53,3.680,2.742,3.539
10815,53,3.768,2.761,3.617
10817,53,3.847,2.776,3.690
10818,53,3.910,2.786,3.749
10820,53,3.978,2.801,3.812
10828,49,4.208,2.864,4.008
10830,49,4.203,2.849,4.018
10831,49,4.213,2.849,4.022
10833,49,4.223,2.849,4.027
10835,49,4.218,2.859,4.022
10836,49,4.208,2.854,4.018
10838,49,4.184,2.849,3.993
10839,49,4.140,2.845,3.949
10841,49,4.096,2.830,3.905
10843,49,4.032,2.820,3.851
10844,49,3.964,2.766,3.754
10850,37,3.715,2.776,3.543
10851,37,3.568,2.732,3.421
10854,37,3.460,2.708,3.324
10856,37,3.338,2.683,3.206
10857,37,3.226,2.659,3.109
10859,37,3.084,2.630,2.977
10860,37,2.962,2.605,2.864
10865,37,2.590,2.522,2.537
10866,37,2.478,2.502,2.483
10872,34,2.331,2.507,2.488
10873,34,2.243,2.483,2.468
10875,34,2.185,2.473,2.463
10877,34,2.107,2.463,2.458
10878,34,2.043,2.458,2.458
10880,34,1.975,2.449,2.454
10882,34,1.911,2.439,2.444
10883,34,1.843,2.429,2.439
10885,34,1.760,2.419,2.434
10886,34,1.681,2.405,2.429
10888,34,1.618,2.405,2.429
10890,34,1.554,2.390,2.419
10896,30,1.398,2.400,2.444
10898,30,1.339,2.380,2.429
10899,30,1.271,2.370,2.424
10901,30,1.232,,2.419
10908,30,1.129,2.341,2.414
10909,30,1.158,2.351,2.419
10911,30,1.153,2.351,2.419
10912,30,1.193,2.356,2.419
10918,32,1.300,2.380,2.434
10919,32,1.344,2.375,2.424
10921,32,1.403,2.380,2.424
10923,32,1.437,2.375,2.419
10924,32,1.496,2.380,2.419
10926,32,1.559,2.385,2.419
10927,32,1.628,2.395,2.424
10929,32,1.701,2.405,2.424
10931,32,1.794,2.419,2.434
10932,32,1.872,2.424,2.434
10934,32,1.950,2.434,2.439
10940,42,2.209,2.478,2.463
10942,42,2.243,2.463,2.454
10943,42,2.302,2.468,2.458
10945,42,2.356,2.473,2.458
10949,42,2.478,2.488,2.478
10951,42,2.517,2.498,2.498
10953,42,2.546,2.502,2.517
10954,42,2.571,2.507,2.537
10956,42,2.581,2.512,2.546
10958,42,2.590,2.512,2.551
10963,52,2.586,2.517,2.537
10964,52,2.546,2.502,2.517
10966,52,2.527,2.498,2.502
10968,52,2.507,2.493,2.488
10969,52,2.493,2.493,2.483
10971,52,2.483,2.493,2.483
10973,52,2.473,2.493,2.478
10974,52,2.468,2.493,2.478
10976,52,2.458,2.493,2.478
10977,52,2.454,2.488,2.473
10979,52,2.444,2.488,2.468
10985,56,2.468,2.502,2.483
10990,56,2.468,2.493,2.478
10992,56,2.493,2.498,2.488
10993,56,2.517,2.502,2.498
10995,56,2.546,2.507,2.517
10996,56,2.586,2.517,2.551
10998,56,2.630,2.527,2.586
11000,56,2.693,2.542,2.639
11001,56,2.757,2.556,2.693
11003,56,2.825,2.512,2.713
11008,56,3.133,2.649,3.011
11010,56,3.196,2.649,3.089
11012,56,3.299,2.674,3.182
11013,56,3.407,2.693,3.280
11015,56,3.504,2.717,3.368
11016,56,3.612,2.742,3.470
11018,56,3.724,2.757,3.568
11020,56,3.827,2.781,3.666
11034,49,4.399,2.913,4.174
11041,49,4.370,2.889,4.159
11042,49,4.335,2.884,4.130
11044,49,4.291,2.869,4.086
11046,49,4.242,2.864,4.042
11047,49,4.174,2.849,3.978
11052,39,3.895,2.815,3.705
11054,39,3.759,2.776,3.597
11056,39,3.636,2.747,3.480
11057,39,3.509,2.722,3.363
11059,39,3.372,2.693,3.236
11061,39,3.221,2.659,3.099
11062,39,3.079,2.630,2.967
11064,39,2.923,2.595,2.825
11067,39,2.766,2.561,2.688
11068,39,2.610,2.527,2.556
11070,39,2.483,2.502,2.483
11071,39,2.390,2.488,2.468
11077,38,2.209,2.502,2.483
11078,38,2.116,2.468,2.463
11083,38,1.901,2.444,2.449
11084,38,1.813,2.429,2.444
11086,38,1.755,2.424,2.439
11088,38,1.686,2.419,2.439
11089,38,1.623,2.419,2.439
11091,38,1.530,2.405,2.434
11092,38,1.481,2.400,2.434
11098,30,1.339,2.405,2.449
11099,30,1.281,2.380,2.429
11101,30,1.246,2.375,2.424
11103,30,1.188,2.361,2.424
11104,30,1.183,2.361,2.424
11106,30,1.168,2.361,2.424
11107,30,1.163,2.361,2.424
11110,30,1.134,2.356,2.424
11112,30,1.144,2.361,2.424
11113,30,1.178,2.366,2.424
11115,301.197,2.366,2.424
11125,30,1.608,2.424,2.449
11127,30,1.628,2.405,2.429
11129,30,1.725,2.419,2.439
11130,30,1.789,2.424,2.439
11132,30,1.877,2.439,2.444
11133,30,1.970,2.449,2.454
11135,30,2.038,2.454,2.454
11137,30,2.121,2.463,2.458
11138,30,2.190,2.468,2.463
11144,45,2.405,2.507,2.483
11145,45,2.424,2.493,2.473
11147,45,2.468,2.498,2.478
11149,45,2.502,2.502,2.488
11150,45,2.537,2.512,2.507
11153,45,2.561,2.517,2.522
11154,45,2.576,2.522,2.537
11156,45,2.590,2.522,2.542
11158,45,2.586,2.522,2.542
11174,56,2.517,2.522,2.502
11175,56,2.488,2.502,2.488
11177,56,2.483,2.502,2.483
11179,56,2.478,2.502,2.483
11180,56,2.478,2.502,2.483
11182,56,2.478,2.502,2.483
11183,56,2.478,2.498,2.483
11189,57,2.546,2.527,2.512
11190,57,2.537,2.512,2.507
11192,57,2.556,2.517,2.517
11195,57,2.581,2.522,2.537
11196,57,2.615,2.527,2.566
11198,57,2.649,2.537,2.595
11200,57,2.688,2.542,2.625
11201,57,2.732,2.551,2.664
11203,57,2.776,2.561,2.703
11204,57,2.825,2.571,2.747
11206,57,2.884,2.581,2.796
11214,52,3.265,2.683,3.133
11216,52,3.309,2.678,3.187
11217,52,3.392,2.693,3.265
11219,52,3.475,2.708,3.343
11221,52,3.563,2.727,3.421
11222,52,3.661,2.747,3.514
11224,52,3.749,2.761,3.592
11225,52,3.837,2.781,3.671
11227,52,3.920,2.801,3.749
11229,52,3.993,2.810,3.817
11234,51,4.291,2.889,4.076
11237,51,4.326,2.884,4.120
11238,51,4.370,2.889,4.164
11240,51,4.409,2.898,4.198
11242,51,4.438,2.898,4.223
11243,51,4.453,2.903,4.238
11245,51,4.477,2.908,4.262
11246,51,4.492,2.913,4.267
11248,51,4.482,2.913,4.262
11256,40,4.326,2.913,4.096
11258,40,4.203,2.869,3.998
11259,40,4.120,2.849,3.920
11261,40,4.008,2.825,3.822
11263,40,3.900,2.805,3.719
11264,40,3.783,2.781,3.607
11266,40,3.656,2.757,3.495
11280,32,2.439,2.532,2.502
11284,32,2.141,2.473,2.463
11286,32,2.033,2.463,2.458
11287,32,1.916,2.444,2.454
11289,32,1.823,2.444,2.454
11291,32,1.716,2.429,2.449
11292,32,1.584,2.414,2.444
11294,32,1.491,2.405,2.444
11296,32,1.403,2.405,2.444
11297,32,1.310,2.395,2.414
11302,27,1.022,2.366,2.444
11307,27,0.885,2.346,2.434
11308,27,0.816,2.341,2.439
11310,27,0.767,2.322,2.429
11312,27,0.748,2.326,2.429
11313,27,0.694,2.302,2.419
11315,27,0.684,2.302,2.419
11316,27,0.694,2.287,2.410
11318,27,0.733,2.297,2.410
11324,35,0.948,2.322,2.410
11326,35,1.022,2.322,2.405
11328,35,1.119,2.336,2.410
11329,35,1.232,2.346,2.410
11331,35,1.354,2.361,2.414
11332,35,1.491,2.380,2.419
11334,35,1.632,2.395,2.424
11336,35,1.769,2.410,2.429
11337,35,1.906,2.424,2.439
11339,35,2.048,2.439,2.444
11347,47,2.693,2.537,2.630
11349,47,2.801,2.561,2.727
11350,47,2.898,2.581,2.810
11352,47,2.977,2.600,2.879
11353,47,3.030,2.615,2.933
11355,47,3.065,2.620,2.962
11357,47,3.084,2.625,2.977
11358,47,3.084,2.625,2.977
11360,47,3.069,2.620,2.967
11362,47,3.035,2.615,2.937
11363,47,2.986,2.605,2.893
11370,58,2.757,2.556,2.683
11371,58,2.669,2.532,2.610
11373,58,2.581,2.517,2.537
11374,58,2.493,2.498,2.483
11376,58,2.439,2.493,2.473
11378,58,2.385,2.483,2.468
11379,58,2.341,2.478,2.463
11381,58,2.287,2.468,2.458
11385,58,2.175,2.454,2.449
11387,58,2.151,2.454,2.449
11392,59,2.102,2.449,2.449
11394,59,2.107,2.454,2.449
11395,59,2.126,2.454,2.449
11397,59,2.146,2.454,2.454
11399,59,2.185,2.458,2.454
11400,59,2.234,2.463,2.454
11402,59,2.297,2.468,2.458
11404,59,2.361,2.473,2.463
11405,59,2.439,2.483,2.468
11408,59,2.537,2.498,2.507
11410,59,2.654,2.522,2.610
11415,46,3.109,2.625,3.016
11416,46,3.250,2.654,3.143
11418,46,3.392,2.683,3.270
11420,46,3.529,2.713,3.402
11421,46,3.666,2.732,3.524
11426,46,4.003,2.805,3.832
11427,46,4.115,2.825,3.935
11429,46,4.218,2.849,4.027
11431,46,4.316,2.869,4.120
11432,46,4.389,2.884,4.189
11437,41,4.599,2.933,4.370
11439,41,4.604,2.923,4.384
11441,41,4.614,2.928,4.399
11442,41,4.629,2.928,4.413
11444,41,4.629,2.928,4.409
11446,41,4.604,2.918,4.389
11447,41,4.585,2.923,4.365
11450,41,4.545,2.913,4.330
11452,41,4.492,2.908,4.282
11453,41,4.418,2.893,4.213
11455,41,4.350,2.879,4.150
11460,31,4.042,2.840,3.856
11462,31,3.891,2.791,3.724
11466,31,3.558,2.727,3.416
11468,31,3.407,2.698,3.275
11469,31,3.255,2.669,3.133
11471,31,3.104,2.639,2.991
11473,31,2.947,2.610,2.849
11474,31,2.791,2.571,2.713
11476,31,2.630,2.537,2.576
11478,31,2.488,2.512,2.493
11483,32,2.273,2.502,2.483
11484,32,2.160,2.473,2.463
11486,32,2.087,2.468,2.463
11488,32,1.999,2.458,2.458
11489,32,1.926,2.454,2.458
11491,32,1.838,2.449,2.458
11494,32,1.769,2.434,2.454
11495,32,1.667,2.414,2.444
11508,27,1.173,2.356,2.424
11512,27,1.041,2.326,2.410
11517,27,1.036,2.336,2.414
11518,27,1.031,2.336,2.414
11520,27,1.026,2.331,2.414
11522,27,1.036,2.331,2.414
11523,27,1.061,2.331,2.410
11528,32,1.178,2.346,2.414
11530,32,1.217,2.346,2.414
11532,32,1.266,2.351,2.414
11533,32,1.325,2.356,2.414
11536,32,1.403,2.366,2.419
11537,32,1.491,2.380,2.424
11539,32,1.569,2.390,2.424
11541,32,1.672,2.405,2.434
11542,32,1.725,2.410,2.429
11544,32,1.833,2.424,2.439
11546,32,1.901,2.429,2.439
11551,43,2.185,2.473,2.463
11553,43,2.248,2.478,2.463
11554,43,2.317,2.483,2.468
11559,43,2.468,2.502,2.483
11560,43,2.522,2.512,2.498
11562,43,2.576,2.522,2.532
11563,43,2.620,2.537,2.566
11565,43,2.654,2.542,2.595
11567,43,2.678,2.546,2.620
11568,43,2.693,2.546,2.630
11574,53,2.713,2.556,2.639
11575,53,2.693,2.546,2.625
11578,53,2.678,2.542,2.615
11580,53,2.659,2.542,2.595
11581,53,2.639,2.537,2.581
11583,53,2.615,2.532,2.561
11584,53,2.581,2.532,2.537
11586,53,2.546,2.522,2.512
11588,53,2.512,2.517,2.498
11589,53,2.493,2.512,2.488
11591,53,2.468,2.502,2.483
11599,58,2.405,2.498,2.478
11601,58,2.380,2.483,2.468
11602,58,2.361,2.473,2.458
11604,58,2.366,2.478,2.463
11605,58,2.370,2.483,2.463
11607,58,2.385,2.483,2.468
11609,58,2.395,2.483,2.463
11610,58,2.419,2.483,2.468
11612,58,2.454,2.488,2.473
11614,58,2.498,2.493,2.483
11619,48,2.742,2.546,2.683
11622,48,2.840,2.561,2.771
11623,48,2.952,2.586,2.869
11625,48,3.069,2.615,2.981
11626,48,3.196,2.639,3.094
11628,48,3.338,2.669,3.221
11630,48,3.485,2.698,3.358
11631,48,3.641,2.732,3.500
11636,48,4.052,2.810,3.876
11641,39,4.521,2.903,4.311
11643,39,4.643,2.928,4.423
11644,39,4.756,2.942,4.531
11646,39,4.853,2.957,4.609
11648,39,4.951,2.908,4.643
11649,39,5.000,2.854,4.653
11651,39,5.000,2.786,4.658
11652,39,5.000,2.766,4.663
11654,39,5.000,2.752,4.663
11656,39,5.000,2.766,4.668
11657,39,5.000,2.781,4.663
11664,32,4.927,2.942,4.638
11665,32,4.829,2.967,4.594
11667,32,4.717,2.952,4.492
11668,32,4.585,2.928,4.365
11670,32,4.443,2.903,4.228
11672,32,4.286,2.874,4.086
11673,32,4.130,2.849,3.939
11678,32,3.636,2.761,3.475
11679,32,3.412,2.713,3.270
11681,32,3.201,2.669,3.074
11686,26,2.512,2.551,2.517
11688,26,2.356,2.517,2.493
11690,26,2.243,2.502,2.488
11691,26,2.126,2.493,2.483
11693,26,1.994,2.478,2.478
11694,26,1.882,2.468,2.473
11696,26,1.735,2.454,2.463
11698,26,1.623,2.439,2.463
11699,26,1.481,2.419,2.458
11701,26,1.364,2.405,2.454
11702,26,1.261,2.400,2.454
11709,20,0.943,2.390,2.478
11710,20,0.806,2.351,2.454
11712,20,0.709,2.341,2.454
11714,20,,2.297,2.449
11721,20,0.499,2.400,2.507
11722,20,0.455,2.380,2.507
11724,20,0.459,2.370,2.502
11725,20,0.538,2.361,2.488
11727,20,0.533,2.312,2.449
11732,29,0.718,2.287,2.410
11736,29,0.934,2.302,2.405
11737,29,1.153,2.346,2.414
11739,29,1.285,2.351,2.414
11741,29,1.437,2.370,2.419
11742,29,1.618,2.395,2.424
11744,29,1.769,2.414,2.429
11745,29,1.931,2.429,2.439
11747,29,2.087,2.449,2.444
11750,29,2.248,2.468,2.458
11755,49,2.713,2.546,2.644
11757,49,2.820,2.571,2.742
11758,49,2.913,2.590,2.825
11763,49,3.055,2.630,2.947
11764,49,3.060,2.634,2.952
11766,49,3.050,2.634,2.947
11768,49,3.025,2.625,2.918
11769,49,2.986,2.620,2.884
11771,49,2.928,2.600,2.830
11776,56,2.703,2.556,2.625
11778,56,2.615,2.537,2.561
11779,56,2.546,2.527,2.512
11781,56,2.468,2.498,2.478
11783,56,2.419,2.493,2.473
11784,56,2.370,2.483,2.463
11786,56,2.326,2.478,2.463
11787,56,2.273,2.468,2.458
11789,56,2.234,2.463,2.458
11792,56,2.204,2.463,2.458
11793,56,2.180,2.463,2.458
11795,56,2.160,2.458,2.454
11800,60,2.204,2.488,2.478
11805,60,2.229,2.458,2.454
11806,60,2.283,2.463,2.454
11808,60,2.346,2.473,2.463
11810,60,2.414,2.483,2.463
11811,60,2.498,2.493,2.488
11813,60,2.605,2.517,2.566
11814,60,2.732,2.542,2.674
11816,60,2.864,2.571,2.791
11821,42,3.353,2.693,3.221
11823,42,3.460,2.693,3.338
11825,42,3.612,2.722,3.475
11826,42,3.759,2.757,3.607
11828,42,3.900,2.786,3.744
11830,42,4.037,2.815,3.866
11831,42,4.174,2.840,3.993
11834,42,4.301,2.869,4.106
11835,42,4.418,2.889,4.218
11837,42,4.516,2.908,4.306
11853,45,4.824,2.977,4.575
11855,45,4.761,2.952,4.531
11856,45,4.707,2.947,4.477
11858,45,4.633,2.937,4.409
11860,45,4.545,2.947,4.335
11861,45,4.448,2.898,4.238
11867,30,4.052,2.830,3.866
11868,30,3.895,2.796,3.724
11870,30,3.744,2.771,3.583
11871,30,3.578,2.742,3.431
11873,30,3.397,2.708,3.265
11875,30,3.231,2.674,3.104
11877,30,3.035,2.639,2.923
11879,30,2.845,2.595,2.747
11881,30,2.630,2.546,2.566
11882,30,2.488,2.527,2.498
11884,30,2.380,2.517,2.493
11886,30,2.292,2.468,2.454
11894,23,1.818,2.483,2.488
11895,23,1.662,2.439,2.458
11897,23,1.569,2.424,2.454
11898,23,1.461,2.410,2.449
11900,23,1.388,2.410,2.449
11902,23,1.310,2.400,2.449
11903,23,1.207,2.380,2.439
11905,23,1.163,2.385,2.449
11907,23,1.080,2.375,2.444
11912,23,0.982,2.395,2.483
11913,23,0.880,2.361,2.454
11915,23,0.860,2.356,2.454
11917,23,0.816,2.341,2.449
11918,23,0.816,2.346,2.449
11921,23,0.850,2.346,2.449
11923,23,0.831,2.341,2.444
11924,23,0.826,2.331,2.439
11926,23,0.846,2.322,2.42911929,23,0.924,2.312,2.405
11937,36,1.393,2.370,2.419
11939,36,1.481,2.380,2.419
11940,36,1.559,2.380,2.419
11942,36,1.686,2.400,2.424
11944,36,1.799,2.414,2.429
11945,36,1.891,2.424,2.439
11947,36,1.989,2.434,2.439
11949,36,2.077,2.444,2.449
11950,36,2.170,2.458,2.454
11952,36,2.263,2.473,2.463
11957,50,2.493,2.512,2.488
11959,50,2.532,2.512,2.502
11960,50,2.576,2.527,2.537
11963,50,2.615,2.537,2.561
11973,50,2.630,2.532,2.571
11980,54,2.537,2.522,2.507
11982,54,2.512,2.512,2.498
11984,54,2.507,2.517,2.498
11988,54,2.473,2.507,2.483
11989,54,2.463,2.502,2.483
11991,54,2.439,2.488,2.468
11993,54,2.439,2.493,2.473
11994,54,2.439,2.493,2.473
11996,54,2.444,2.498,2.478
11998,54,2.444,2.493,2.473
12003,57,2.478,2.493,2.478
12006,57,2.483,2.493,2.478
12007,57,2.507,2.498,2.488
12009,57,2.532,2.502,2.502
12010,57,2.566,2.507,2.532
12012,57,2.605,2.517,2.561
12014,57,2.654,2.532,2.600
12015,57,2.693,2.537,2.639
12017,57,2.742,2.546,2.678
12019,57,2.791,2.556,2.722
12020,57,2.845,2.566,2.771
12028,56,3.157,2.644,3.045
12030,56,3.196,2.644,3.094
12032,56,3.265,2.659,3.152
12033,56,3.328,2.674,3.211
12035,56,3.392,2.688,3.275
12036,56,3.456,2.698,3.333
12038,56,3.519,2.713,3.387
12040,56,3.587,2.722,3.451
12041,56,3.646,2.732,3.504
12043,56,3.705,2.747,3.558
12049,45,3.895,2.796,3.724
12051,45,3.930,2.796,3.768
12053,45,3.974,2.801,3.803
12054,45,4.018,2.815,3.847
12056,45,4.047,2.820,3.871
12057,45,4.062,2.825,3.881
12059,45,4.081,2.825,3.900
12061,45,4.096,2.830,3.920
12065,45,4.106,2.835,3.920
12070,31,4.062,2.849,3.856
12072,31,3.998,2.825,3.812
12074,31,3.944,2.820,3.759
12075,31,3.886,2.810,3.705
12077,31,3.812,2.796,3.627
12079,31,3.729,2.781,3.553
12080,31,3.636,2.761,3.465
12082,31,3.543,2.737,3.377
12083,31,3.446,2.717,3.289
12085,31,3.343,2.698,3.192
12087,31,3.231,2.674,3.089
12088,31,3.109,2.654,2.981
12095,32,2.752,2.595,2.649
12096,32,2.590,2.546,2.532
12098,32,2.502,2.532,2.502
12100,32,2.454,2.527,2.498
12101,32,2.400,2.517,2.493
12103,32,2.351,2.517,2.493
12107,32,2.190,2.498,2.483
12109,32,2.141,2.498,2.483
12110,32,2.087,2.493,2.483
12116,29,1.921,2.512,2.502
12117,29,1.813,2.468,2.473
12119,29,1.740,2.454,2.468
12121,29,1.691,2.454,2.468
12122,29,1.637,2.449,2.463
12124,29,1.584,2.444,2.463
12125,29,1.520,2.434,2.463
12127,29,1.466,2.429,2.463
12129,29,1.427,2.419,2.458
12130,29,1.388,2.419,2.463
12133,29,1.383,2.419,2.468
12135,29,1.369,2.424,2.468
12140,33,1.320,2.419,2.468
12141,33,1.305,2.405,2.458
12143,33,1.315,2.400,2.454
12147,33,1.285,2.351,2.410
12149,33,1.325,2.361,2.414
12151,33,1.359,2.361,2.414
12152,33,1.403,2.366,2.419
12154,33,1.447,2.375,2.419
12155,33,1.496,2.380,2.419
12161,38,1.720,2.405,2.429
12162,38,1.779,2.414,2.429
12164,38,1.838,2.419,2.434
12166,38,1.921,2.429,2.439
12167,38,1.989,2.434,2.439
12169,38,2.067,2.444,2.449
12171,38,2.131,2.458,2.454
12172,38,2.204,2.463,2.458
12174,38,2.263,2.473,2.463
12176,38,2.322,2.478,2.463
12178,38,2.380,2.488,2.468
12180,38,2.429,2.493,2.473
12188,48,2.620,2.527,2.566
12189,48,2.639,2.527,2.581
12191,48,2.654,2.532,2.595
12193,48,2.659,2.537,2.600
12194,48,2.664,2.537,2.600
12207,54,2.512,2.507,2.493
12211,54,2.478,2.498,2.483
12213,54,2.463,2.498,2.478
12215,54,2.458,2.502,2.483
12216,54,2.444,2.498,2.478
12219,54,2.434,2.493,2.473
12221,54,2.419,2.488,2.473
12222,54,2.414,2.488,2.468
12224,54,2.410,2.488,2.468
12229,59,2.424,2.488,2.468
12231,59,2.439,2.493,2.473
12232,59,2.458,2.493,2.473
12234,59,2.488,2.498,2.483
12236,59,2.522,2.502,2.502
12240,59,2.674,2.532,2.620
12242,59,2.752,2.546,2.688
12243,59,2.830,2.561,2.761
12245,59,2.928,2.581,2.849
12247,59,3.030,2.605,2.937
12252,52,3.436,2.703,3.299
12253,52,3.534,2.717,3.402
12255,52,3.666,2.742,3.519
12257,52,3.788,2.766,3.631
12258,52,3.915,2.791,3.754
12261,52,4.037,2.810,3.866
12263,52,4.164,2.835,3.978
12264,52,4.272,2.854,4.081
12266,52,4.379,2.879,4.174
12267,52,4.472,2.903,4.262
12269,52,4.545,2.918,4.330
12274,42,4.731,2.962,4.497
12276,42,4.741,2.957,4.511
12280,42,4.687,2.952,4.453
12282,42,4.633,2.937,4.404
12284,42,4.585,2.933,4.360
12285,42,4.536,2.933,4.306
12287,42,4.457,2.918,4.228
12289,42,4.370,2.908,4.140
12290,42,4.277,2.898,4.047
12292,42,4.145,2.869,3.925
12297,33,3.729,2.810,3.519
12299,33,3.534,2.747,3.363
12300,33,3.368,2.713,3.211
12302,33,3.201,2.678,3.055
12305,33,3.016,2.634,2.889
12306,33,2.849,2.605,2.737
12308,33,2.674,2.566,2.590
12310,33,2.532,2.537,2.507
12311,33,2.439,2.527,2.502
12313,33,2.375,,2.498
12323,27,1.901,2.498,2.493
12325,27,1.755,2.449,2.463
12327,27,1.696,2.449,2.463
12328,27,1.632,2.444,2.463
12330,27,1.540,2.429,2.458
12331,27,1.481,2.424,2.458
12333,27,1.422,2.419,2.463
12335,27,1.359,2.414,2.458
12336,27,1.305,2.410,2.463
12342,28,1.163,2.414,2.483
12343,28,1.085,2.380,2.458
12346,28,1.036,2.366,2.454
12347,28,1.017,2.370,2.454
12349,28,1.051,2.385,2.463
12351,28,1.026,2.375,2.463
12352,28,1.022,2.370,2.458
12354,28,1.090,2.390,2.463
12355,28,1.085,2.380,2.458
,28,1.144,2.390,2.463
12368,35,1.520,2.361,2.419
12369,35,1.593,2.390,2.424
12371,35,1.676,2.400,2.429
12372,35,1.769,2.414,2.434
12374,35,1.872,2.424,2.439
12376,35,1.945,2.429,2.439
12377,35,2.028,2.439,2.444
12379,35,2.116,2.449,2.449
12381,35,2.190,2.458,2.454
12382,35,2.263,2.463,2.458
12389,47,2.458,2.493,2.473
12390,47,2.498,2.498,2.483
12392,47,2.542,2.502,2.507
12393,47,2.576,2.512,2.537
12395,47,2.605,2.522,2.561
12397,47,2.625,2.522,2.576
12398,47,2.639,2.527,2.586
12400,47,2.644,2.527,2.590
12404,47,2.625,2.522,2.576
12406,47,2.600,2.517,2.556
12411,57,2.532,2.507,2.502
12413,57,2.498,2.498,2.488
12414,57,2.483,2.498,2.483
12416,57,2.463,2.493,2.478
12418,57,2.454,2.493,2.473
12419,57,2.439,2.488,2.468
12421,57,2.424,2.483,2.468
12423,57,2.414,2.483,2.468
12424,57,2.405,2.483,2.463
12426,57,2.405,2.483,2.463
12427,57,2.405,2.483,2.468
12442,59,2.669,2.537,2.610
12446,59,2.854,2.571,2.781
12447,59,2.952,2.590,2.874
12449,59,3.065,2.620,2.972
12451,59,3.177,2.644,3.065
12459,55,3.856,2.805,3.675
12460,55,3.974,2.810,3.788
12462,55,4.110,2.845,3.920
12464,55,4.247,2.869,4.042
12465,55,4.379,2.898,4.159
12467,55,4.501,2.918,4.277
12468,55,4.624,2.947,4.384
12470,55,4.736,2.967,4.487
12472,55,4.834,2.977,4.580
12478,45,5.000,2.869,4.658
12480,45,5.000,2.820,4.663
12481,45,5.000,2.796,4.653
12483,45,5.000,2.801,4.658
12485,45,5.000,2.825,4.663
12486,45,5.000,2.854,4.653
12488,45,5.000,2.893,4.653
12489,45,4.980,2.937,4.643
12491,45,4.907,2.981,4.624
12493,45,4.809,2.986,4.555
12501,35,4.179,2.898,3.935
12502,35,3.944,2.825,3.744
12504,35,3.749,2.786,3.563
12506,35,3.539,2.742,3.372
12507,35,3.328,2.703,3.182
12509,35,3.118,2.659,2.981
12511,35,2.903,2.615,2.791
12512,35,2.664,2.566,2.581
12514,35,2.473,2.532,2.502
12515,35,2.331,2.517,2.493
12518,35,2.209,2.502,2.483
12523,27,1.813,2.488,2.488
12525,27,1.623,2.434,2.458
12527,27,1.486,2.419,2.454
12528,27,1.354,2.410,2.454
12530,27,1.207,2.390,2.454
12531,27,1.129,2.390,2.458
12533,27,0.978,2.366,2.454
12549,23,0.469,2.610,2.688
12551,23,0.381,2.595,2.664
12552,23,0.391,2.556,2.634
12554,23,0.357,2.463,2.571
12556,23,0.391,2.390,2.498
12557,23,0.494,2.297,2.429
12560,23,0.606,2.283,2.405
12561,23,0.733,2.283,2.405
12563,23,0.870,2.297,2.405
12568,35,1.486,2.370,2.419
12570,35,1.681,2.395,2.424
12572,35,1.891,2.424,2.434
12573,35,2.092,2.444,2.449
12575,35,2.297,2.473,2.463
12576,35,2.483,2.498,2.483
12578,35,2.693,2.537,2.639
12580,35,2.893,2.581,2.810
12581,35,3.065,2.620,2.967
12586,35,3.368,2.688,3.236
12591,55,3.470,2.727,3.319
12593,55,3.421,2.708,3.280
12594,55,3.387,2.698,3.245
12596,55,3.319,2.683,3.187
12598,55,3.250,2.674,3.123
12599,55,3.162,2.654,3.040
12602,55,3.065,2.639,2.952
12603,55,2.957,2.615,2.854
12605,55,2.845,2.590,2.752
12607,55,2.717,2.561,2.644
12608,55,2.590,2.532,2.542
12614,61,2.336,2.493,2.473
12615,61,2.263,2.478,2.463
12617,61,2.185,2.468,2.463
12618,61,2.111,2.463,2.458
12620,61,2.053,2.458,2.483
12622,61,1.979,2.439,2.449
12626,61,1.882,2.424,2.439
12628,61,1.857,2.424,2.439
12629,61,1.843,2.419,2.434
12631,61,1.852,2.424,2.439
12636,49,1.975,2.434,2.439
12638,49,2.043,2.439,2.444
12639,49,2.141,2.449,2.449
12641,49,2.268,2.463,2.454
12643,49,2.405,2.478,2.463
12645,49,2.576,2.502,2.542
12647,49,2.786,2.551,2.727
12649,49,3.011,2.605,2.933
12650,49,3.245,2.649,3.138
12652,49,3.475,2.693,3.348
12653,49,3.715,2.752,3.568
12659,43,4.448,2.898,4.238
12660,43,4.638,2.923,4.418
12662,43,4.824,2.957,4.585
12664,43,4.990,2.884,4.653
12668,43,5.000,2.537,4.668
12670,43,5.000,2.439,4.658
12671,43,5.000,2.351,4.663
12684,44,5.000,2.561,4.677
12690,44,5.000,2.820,4.663
12691,44,4.971,2.962,4.653
12693,44,4.824,2.991,4.565
12694,44,4.648,2.957,4.404
12696,44,4.453,2.923,4.218
12698,44,4.247,2.889,4.027
12699,44,4.027,2.845,3.817
12705,27,3.299,2.722,3.123
12706,27,2.991,2.634,2.864
12708,27,2.727,2.576,2.630
12710,27,2.493,2.532,2.502
12711,27,2.331,2.512,2.493
12713,27,2.190,2.502,2.483
12714,27,2.033,2.483,2.478
12719,27,1.632,2.439,2.458
12720,27,1.452,2.414,2.454
12722,27,1.305,2.400,2.449
12727,20,0.865,2.366,2.468
12730,20,0.679,2.322,2.439
12731,20,0.601,2.322,2.449
12733,20,0.469,2.341,2.478
12735,20,0.435,2.444,2.546
12736,20,0.381,2.532,2.620
12738,20,0.415,2.639,2.693
12740,20,0.381,2.703,2.761
12741,20,0.323,2.722,2.796
12743,20,0.371,2.791,2.830
12744,20,0.376,2.786,2.835
12750,27,0.435,2.674,2.742
12751,27,0.411,2.590,2.669
12753,27,0.406,2.478,2.586
12755,27,0.464,2.351,2.493
12759,27,0.806,2.322,2.429
12761,27,0.982,2.336,2.429
12762,27,1.149,2.346,2.419
12764,27,1.290,2.346,2.410
12765,27,1.496,2.375,2.414
12767,27,1.706,2.400,2.424
12773,43,2.317,2.478,2.463
12775,43,2.478,2.493,2.478
12777,43,2.654,2.527,2.605
12778,43,2.810,2.561,2.742
12780,43,2.947,2.595,2.854
12781,43,3.040,2.615,2.942
12783,43,3.109,2.630,3.001
12785,43,3.148,2.639,3.035
12786,43,3.157,2.639,3.045
12788,43,3.148,2.639,3.040
12790,43,3.133,2.639,3.025
12795,56,2.991,2.610,2.889
12797,56,2.928,2.590,2.835
12801,56,2.742,2.551,2.674
12803,56,2.664,2.537,2.605
12804,56,2.590,2.517,2.542
12806,56,2.512,2.502,2.488
12807,56,2.458,2.493,2.478
12809,56,2.414,2.493,2.473
12811,56,2.366,2.483,2.468
12812,56,2.326,2.483,2.468
12819,60,2.170,2.463,2.458
12820,60,2.116,2.449,2.449
12822,60,2.077,2.444,2.444
12823,60,2.048,2.439,2.444
12825,60,2.033,2.439,2.439
12827,60,2.023,2.434,2.439
12828,60,2.038,2.439,2.444
12830,60,2.048,2.439,2.444
12832,60,2.082,2.449,2.449
12833,60,,2.454,2.454
12844,43,2.898,2.576,2.820
12845,43,3.094,2.620,3.001
12847,43,3.309,2.664,3.196
12849,43,3.524,2.722,3.402
12850,43,3.759,2.761,3.607
12852,43,3.988,2.810,3.822
12853,43,4.218,2.854,4.032
12855,43,4.443,2.898,4.238
12858,43,4.658,2.937,4.438
12863,51,5.000,2.610,4.673
12865,51,5.000,2.458,4.668
12866,51,5.000,2.317,4.668
12868,51,5.000,2.185,4.653
12870,51,5.000,2.097,4.643
12871,51,5.000,2.028,4.643
12873,51,5.000,1.989,4.648
12874,51,5.000,1.940,4.638
12876,51,5.000,1.950,4.638
12880,51,5.000,2.087,4.648
12886,39,5.000,2.468,4.673
12887,39,5.000,2.625,4.673
12889,39,5.000,2.810,4.663
12891,39,4.946,2.986,4.638
12892,39,4.726,2.986,4.467
12894,39,4.477,2.942,4.238
12895,39,4.242,2.893,4.018
12897,39,3.964,2.845,3.754
12899,39,3.671,2.781,3.485
12901,39,3.363,2.717,3.201
12903,39,3.055,2.649,2.923
12916,21,1.315,2.429,2.483
12920,21,0.748,2.331,2.439
12922,21,0.557,2.312,2.444
12923,21,0.430,2.419,2.532
12925,21,0.337,2.610,2.688
12930,18,0.391,3.182,3.201
12932,18,0.376,3.299,3.319
12936,18,0.376,3.451,3.475
12938,18,0.376,3.431,3.485
12939,18,0.386,3.426,3.460
12941,18,0.401,3.397,3.426
12944,18,0.435,3.309,3.333
12945,18,0.308,3.152,3.206
12947,18,0.386,2.991,3.035
12949,18,0.327,2.766,2.835
12954,35,0.850,2.346,2.454
12955,35,1.105,2.361,2.439
12957,35,1.359,2.380,2.434
12959,35,1.628,2.410,2.439
12960,35,1.911,2.439,2.449
12962,35,2.185,2.458,2.454
12964,35,2.449,2.483,2.468
12965,35,2.752,2.542,2.693
12967,35,3.040,2.605,2.952
12968,35,3.270,2.659,3.162
12976,56,3.768,2.771,3.612
12978,56,3.754,2.766,3.597
12980,56,3.710,2.757,3.553
12981,56,3.641,2.742,3.495
12983,56,3.553,2.722,3.407
12986,56,3.446,2.698,3.314
12987,56,3.333,2.678,3.211
12989,56,3.192,2.649,3.079
12991,56,3.040,2.620,2.942
12992,56,2.869,2.581,2.786
12994,56,2.693,2.542,2.634
12999,62,2.263,2.483,2.468
13001,62,2.126,2.454,2.454
13002,62,2.009,2.439,2.444
13004,62,1.911,2.424,2.439
13006,62,1.804,2.414,2.434
13007,62,1.745,2.410,2.429
13009,62,1.667,2.400,2.429
13013,62,1.579,2.395,2.429
13015,62,1.559,2.390,2.429
13020,63,1.789,2.444,2.458
13022,63,1.843,2.429,2.439
13023,63,1.989,2.449,2.454
13025,63,2.165,2.468,2.463
13027,63,2.366,2.498,2.478
13029,63,2.600,2.527,2.556
13031,63,2.893,2.595,2.810
13033,63,3.201,2.659,3.089
13034,63,3.509,2.722,3.368
13036,63,3.812,2.786,3.641
13037,63,4.110,2.845,3.920
13039,63,4.389,2.898,4.174
13044,55,5.000,2.713,4.663
13046,55,5.000,2.522,4.673
13048,55,5.000,2.380,4.668
13049,55,5.000,2.234,4.658
13054,55,5.000,2.019,4.643
13055,55,5.000,1.975,4.643
13057,55,5.000,1.999,4.638
13058,55,5.000,2.004,4.648
13060,55,5.000,2.058,4.653
13065,40,5.000,2.361,4.668
13067,40,5.000,2.498,4.677
13069,40,5.000,2.732,4.697
13070,40,5.000,2.796,4.668
13073,40,4.956,2.977,4.643
13074,40,4.765,2.986,4.501
13076,40,4.531,2.947,4.286
13078,40,4.306,2.908,4.071
13079,40,4.071,2.859,3.856
13081,40,3.827,2.810,3.627
13083,40,3.592,2.771,3.416
13084,40,3.328,2.708,3.172
13090,23,2.537,2.571,2.532
13091,23,2.326,2.517,2.493
13096,23,1.901,2.468,2.473
13097,23,1.745,2.454,2.463
13099,23,1.564,2.429,2.458
13100,23,1.393,2.405,2.449
13102,23,1.232,2.380,2.444
13104,23,1.080,2.366,2.444
13105,23,0.929,2.346,2.444
13111,20,0.547,2.351,2.488
13112,20,0.411,2.424,2.546
13115,20,0.367,2.532,2.634
13116,20,0.386,2.659,2.722
13118,20,0.371,2.727,2.801
13120,20,0.391,2.810,2.854
13121,20,0.376,2.845,2.893
13123,20,0.391,2.884,2.923
13124,20,0.352,2.879,2.928
13126,20,0.332,2.845,2.908
13128,20,0.391,,2.869
13138,34,0.816,2.356,2.463
13140,34,0.929,2.346,2.444
13149,34,2.014,2.463,2.468
13158,49,2.801,2.576,2.732
13160,49,2.913,2.595,2.835
13161,49,3.006,2.605,2.913
13163,49,3.074,2.620,2.977
13165,49,3.118,2.634,3.021
13166,49,3.143,2.634,3.040
13168,49,3.148,2.634,3.045
13169,49,3.133,2.634,3.030
13171,49,3.094,2.625,2.996
13173,49,3.045,2.620,2.952
13174,49,2.981,2.600,2.889
13180,58,2.717,2.542,2.654
13181,58,2.620,2.522,2.571
13183,58,2.522,2.498,2.498
13185,58,2.444,2.488,2.473
13186,58,2.385,2.483,2.463
13191,58,2.258,2.473,2.463
13192,58,2.204,2.463,2.458
13194,58,2.160,2.458,2.458
13195,58,2.131,2.458,2.454
13197,58,2.097,2.449,2.449
13203,59,2.087,2.463,2.463
13205,59,2.077,2.454,2.454
13207,59,2.111,2.463,2.458
13208,59,2.160,2.468,2.463
13210,59,2.214,2.478,2.468
13211,59,2.287,2.488,2.473
13213,59,2.375,2.498,2.483
13215,59,2.473,2.507,2.488
13216,59,2.595,2.532,2.551
13218,59,2.742,2.561,2.678
13220,59,2.908,2.595,2.820
13225,58,3.495,2.737,3.348
13227,58,3.646,2.752,3.490
13239,58,4.756,2.972,4.501
13242,58,4.844,2.986,4.585
13243,58,4.892,2.986,4.619
13249,43,5.000,2.937,4.668
13250,43,5.000,2.859,4.653
13252,43,5.000,2.874,4.653
13253,43,5.000,2.889,4.653
13255,43,5.000,2.933,4.648
13257,43,4.946,2.977,4.638
13258,43,4.897,2.991,4.619
13260,43,4.834,2.991,4.575
13262,43,4.756,2.981,4.497
13263,43,4.673,2.972,4.423
13265,43,4.555,2.947,4.311
13270,31,4.159,2.898,3.925
13272,31,3.954,2.835,3.754
13273,31,3.783,2.805,3.592
13275,31,3.592,2.766,3.416
13280,31,3.055,2.649,2.928
13281,31,2.854,2.600,2.747
13283,31,2.649,2.556,2.571
13285,31,2.473,2.527,2.498
13287,31,2.366,2.517,2.493
13292,24,2.038,2.507,2.498
13294,24,1.877,2.458,2.468
13296,24,1.764,2.439,2.463
13297,24,1.632,2.434,2.458
13299,24,1.540,2.424,2.454
13300,24,1.437,2.414,2.454
13302,24,1.290,2.390,2.444
13304,24,1.197,2.380,2.444
13305,24,1.080,2.366,2.444
13307,24,0.997,2.366,2.449
13308,24,0.899,2.351,2.449
13310,24,0.802,2.336,2.444
13315,24,0.630,2.336,2.463
13320,24,0.547,2.317,2.454
13321,24,0.533,2.312,2.454
13323,24,0.557,2.312,2.449
13325,24,0.582,2.283,2.439
13326,24,0.582,2.302,2.439
13329,24,0.645,2.312,2.434
13330,24,0.679,2.307,2.434
13332,24,0.777,2.322,2.434
13334,24,0.899,2.336,2.434
13339,37,1.285,2.380,2.439
13341,37,1.408,2.375,2.429
13342,37,1.554,2.380,2.419
13344,37,1.681,2.395,2.424
13345,37,1.857,2.419,2.434
13347,37,2.004,2.434,2.439
13349,37,2.146,2.449,2.449
13350,37,2.287,2.468,2.458
13352,37,2.424,2.488,2.468
13354,37,2.556,2.507,2.522
13362,53,3.030,2.610,2.937
13363,53,3.060,2.615,2.962
13365,53,3.074,2.620,2.977
13367,53,3.069,2.620,2.972
13368,53,3.055,2.620,2.957
13371,53,3.025,2.610,2.933
13372,53,2.986,2.600,2.893
13374,53,2.923,2.590,2.840
13376,53,2.859,2.576,2.781
13377,53,2.781,2.561,2.713
13391,58,2.287,2.468,2.463
13395,58,2.190,2.463,2.458
13396,58,2.151,2.458,2.454
13398,58,2.116,2.454,2.449
13399,58,2.107,2.449,2.449
13405,60,2.116,2.458,2.454
13406,60,2.131,2.458,2.454
13408,60,2.175,2.463,2.458
13413,60,2.366,2.493,2.478
13415,60,2.454,2.502,2.483
13417,60,2.566,2.517,2.532
13418,60,2.717,2.551,2.654
13420,60,2.879,2.586,2.796
13422,60,3.055,2.625,2.957
13423,60,3.236,2.664,3.123
13429,58,3.895,2.810,3.715
13430,58,4.086,2.849,3.895
13432,58,4.282,2.884,4.071
13433,58,4.467,2.923,4.247
13435,58,4.648,2.957,4.413
13437,58,4.809,2.977,4.560
13438,58,4.980,2.933,4.648
13440,58,5.000,2.801,4.658
13442,58,5.000,2.674,4.673
13443,58,5.000,2.551,4.668
13445,58,5.000,2.458,4.663
13453,40,5.000,2.287,4.663
13454,40,5.000,2.307,4.668
13457,40,5.000,2.351,4.668
13459,40,5.000,2.405,4.668
13460,40,5.000,2.507,4.673
13462,40,5.000,2.600,4.673
13464,40,5.000,2.742,4.668
13465,40,5.000,2.893,4.663
13467,40,4.897,3.001,4.619
13468,40,4.712,2.977,4.453
13474,29,4.022,2.869,3.798
13475,29,3.715,2.781,3.534
13477,29,3.431,2.727,3.275
13479,29,3.162,2.669,3.030
13480,29,2.869,2.605,2.766
13482,29,2.590,2.542,2.537
13483,29,2.385,2.517,2.493
13485,29,2.224,2.498,2.483
13487,29,2.048,2.483,2.473
13491,29,1.569,2.429,2.458
13496,21,1.056,2.400,2.473
13499,21,0.850,2.351,2.449
13501,21,0.684,2.331,2.444
13502,21,0.513,2.312,2.449
13504,21,0.367,2.429,2.546
13506,21,0.386,2.605,2.669
13507,21,0.342,2.732,2.796
13509,21,0.371,2.864,2.908
13510,21,0.313,2.942,3.006
13512,21,0.371,3.045,3.089
13514,21,0.318,3.099,3.148
13519,26,0.337,3.079,3.133
13520,26,0.327,3.030,3.074
13522,26,0.367,2.942,2.977
13524,26,0.352,2.810,2.849
13525,26,0.362,2.634,2.693
13527,26,0.371,2.405,2.527
13531,26,0.958,2.331,2.429
13533,26,1.207,2.361,2.429
13534,26,1.471,2.390,2.434
13536,26,1.706,2.405,2.429
13542,43,2.595,2.507,2.561
13544,43,2.884,2.571,2.810
13546,43,3.138,2.625,3.045
13547,43,3.348,2.674,3.231
13549,43,3.509,2.708,3.372
13551,43,3.627,2.732,3.480
13552,43,3.710,2.752,3.553
13554,43,3.749,2.761,3.592
13555,43,3.744,2.761,3.587
13557,43,3.719,2.757,3.563
13559,43,3.671,2.747,3.524
13564,61,3.368,2.683,3.236
13566,61,3.226,2.654,3.113
13567,61,3.089,2.625,2.986
13572,61,2.615,2.522,2.566
13573,61,2.454,2.493,2.478
13575,61,2.356,2.483,2.468
13577,61,2.263,2.468,2.463
13578,61,2.170,2.458,2.454
13580,61,2.058,2.444,2.444
13581,61,1.975,2.434,2.439
13588,63,1.701,2.405,2.429
13589,63,1.628,2.395,2.424
13591,63,1.588,2.390,2.424
13593,63,1.579,2.395,2.429
13594,63,1.564,2.390,2.429
13596,63,1.598,2.400,2.434
13597,63,1.632,2.405,2.434
13599,63,1.711,2.419,2.439
13601,63,1.818,2.429,2.444
13602,63,1.960,2.444,2.449
13604,63,2.146,2.463,2.458
13612,58,3.705,2.776,3.543
13621,58,5.000,2.297,4.663
13627,58,5.000,1.691,4.604
13632,41,5.000,1.295,4.565
13633,41,5.000,1.241,4.555
13635,41,5.000,1.256,4.555
13637,41,5.000,1.256,4.560
13638,41,5.000,1.320,4.565
13640,41,5.000,1.393,4.580
13641,41,5.000,1.540,4.594
13643,41,5.000,1.672,4.614
13645,41,5.000,1.857,4.638
13646,41,5.000,2.067,4.653
13648,41,5.000,2.292,4.673
13650,41,5.000,2.542,4.682
13655,25,4.487,2.962,4.228
13656,25,4.125,2.874,3.915
13658,25,3.768,2.796,3.583
13660,25,3.416,2.722,3.260
13664,25,2.473,2.527,2.502
13666,25,2.253,2.502,2.488
13667,25,2.033,2.478,2.473
13670,25,1.823,2.463,2.468
13672,25,1.608,2.439,2.463
13677,14,0.919,2.380,2.473
13679,14,0.699,2.336,2.449
13680,14,0.474,2.356,2.483
13682,14,0.376,2.556,2.639
13683,14,0.391,2.776,2.820
13685,14,0.318,2.962,3.001
13687,14,0.396,3.133,3.138
13688,14,0.401,3.314,3.328
13690,14,0.371,3.431,3.456
13691,14,0.367,3.534,3.568
13693,14,0.381,3.622,3.666
13695,14,0.420,3.675,3.715
13700,25,0.469,3.661,3.666
13704,25,0.367,3.284,3.319
13706,25,0.386,3.094,3.128
13708,25,0.318,2.830,2.898
13709,25,0.386,2.590,2.664
13712,25,0.484,2.307,2.458
13713,25,0.772,2.322,2.444
13715,25,1.051,2.356,2.439
13717,25,1.325,2.380,2.439
13718,25,1.637,2.419,2.444
13724,43,2.537,2.512,2.512
13725,43,2.810,2.571,2.752
13727,43,3.050,2.615,2.967
13728,43,3.245,2.654,3.138
13730,43,3.382,2.683,3.265
13732,43,3.485,2.708,3.358
13733,43,3.548,2.717,3.412
13735,43,3.573,2.727,3.436
13737,43,3.553,2.722,3.412
13745,61,3.162,2.639,3.055
13746,61,3.035,2.615,2.937
13748,61,2.903,2.586,2.815
13749,61,2.757,2.556,2.688
13751,61,2.610,2.522,2.561
13754,61,2.468,2.493,2.478
13755,61,2.385,2.483,2.468
13757,61,2.307,2.473,2.463
13759,61,2.234,2.463,2.458
13760,61,2.155,2.454,2.454
13762,61,2.072,2.444,2.444
13763,61,2.004,2.434,2.439
13769,63,1.823,2.419,2.439
13770,63,1.799,2.419,2.434
13772,63,1.784,2.419,2.439
13774,63,1.784,2.419,2.439
13775,63,1.794,2.419,2.439
13777,63,1.833,2.424,2.444
13779,63,1.896,2.439,2.449
13783,63,2.180,2.468,2.463
13785,63,2.341,2.493,2.473
13790,63,3.084,2.639,2.977
13792,63,3.333,2.688,3.211
13793,63,3.597,2.742,3.451
13795,63,3.861,2.796,3.690
13797,63,4.110,2.849,3.920
13799,63,4.345,2.889,4.135
13801,63,4.575,2.937,4.355
13802,63,4.785,2.972,4.541
13804,63,4.985,2.933,4.643
13806,63,5.000,2.766,4.658
13807,63,5.000,2.639,4.673
13812,49,5.000,2.351,4.668
13814,49,5.000,2.307,4.668
13816,49,5.000,2.283,4.668
13817,49,5.000,2.283,4.658
13819,49,5.000,2.302,4.663
13823,49,5.000,2.463,4.668
13825,49,5.000,2.551,4.673
13827,49,5.000,2.654,4.673
13828,49,5.000,2.771,4.668
13830,49,5.000,2.913,4.653
13835,31,4.501,2.957,4.257
13837,31,4.267,2.898,4.047
13838,31,4.047,2.849,3.847
13841,31,3.817,2.805,3.631
13851,31,2.414,2.517,2.493
13858,22,1.755,2.473,2.483
13860,22,1.530,2.414,2.449
13862,22,1.413,2.410,2.449
13863,22,1.237,2.385,2.444
13865,22,1.075,2.361,2.439
13866,22,0.948,2.351,2.444
13868,22,0.821,2.336,2.444
13870,22,0.694,2.331,2.444
13874,22,0.464,2.385,2.507
13876,22,0.381,2.454,2.561
13882,24,0.371,2.688,2.757
13883,24,0.376,2.742,2.786
13885,24,0.298,2.717,2.791
13887,24,0.362,2.742,2.791
13888,24,0.327,2.703,2.757
13890,24,0.381,2.649,2.703
13892,24,0.347,2.561,2.639
13893,24,0.362,2.444,2.556
13895,24,0.489,2.341,2.473
13896,24,0.543,2.283,2.424
13898,24,0.743,2.312,2.429
13903,36,1.266,2.366,2.434
13905,36,1.437,2.370,2.419
13907,36,1.628,2.390,2.424
13908,36,1.818,2.414,2.434
13910,36,2.019,2.439,2.444
13927,55,3.206,2.649,3.094
13928,55,3.201,2.649,3.089
13930,55,3.187,2.644,3.079
13932,55,3.143,2.639,3.040
13933,55,3.099,2.630,2.996
13935,55,3.035,2.620,2.942
13937,55,2.977,2.600,2.884
13938,55,2.898,2.586,2.810
13940,55,2.820,2.566,2.742
13941,55,2.727,2.546,2.664
13943,55,2.649,2.527,2.595
13948,62,2.419,2.488,2.468
13950,62,2.366,2.478,2.463
13952,62,2.326,2.478,2.463
13953,62,2.273,2.473,2.463
13955,62,2.224,2.463,2.458
13957,62,2.170,2.458,2.454
13958,62,2.131,2.454,2.454
13960,62,2.087,2.444,2.444
13964,62,2.028,2.444,2.449
13966,62,2.014,2.439,2.444
13972,61,2.077,2.463,2.463
13974,61,2.116,2.463,2.463
13975,61,2.185,2.473,2.468
13977,61,2.258,2.478,2.468
13979,61,2.361,2.493,2.478
13980,61,2.473,2.507,2.488
13982,61,2.620,2.532,2.571
13983,61,2.801,2.571,2.727
13985,61,3.001,2.620,2.908
13987,61,3.206,2.664,3.094
13988,61,3.421,2.708,3.284
13994,56,4.159,2.874,3.949
13995,56,4.345,2.898,4.130
13997,56,4.545,2.937,4.321
13999,56,4.736,2.967,4.492
14000,56,4.922,2.967,4.633
14005,56,5.000,2.586,4.668
14006,56,5.000,2.468,4.663
14008,56,5.000,2.361,4.658
14010,56,5.000,2.287,4.658
14012,56,5.000,2.243,4.663
14017,45,5.000,2.165,4.653
14019,45,5.000,2.165,4.658
14021,45,5.000,2.234,4.668
14022,45,5.000,2.268,4.663
14024,45,5.000,2.366,4.663
14026,45,5.000,2.468,4.668
14027,45,5.000,2.571,4.673
14029,45,5.000,2.732,4.668
14030,45,5.000,2.903,4.653
14032,45,4.858,3.001,4.594
14034,45,4.653,3.001,4.413
14039,29,3.959,2.859,3.744
14041,29,3.661,2.771,3.485
14045,29,2.908,2.615,2.801
14047,29,2.610,2.551,2.546
14048,29,2.400,2.517,2.498
14050,29,2.229,2.498,2.483
14051,29,2.072,2.483,2.478
14054,29,1.891,2.463,2.468
14056,29,1.696,2.434,2.458
14057,29,1.510,2.414,2.449
14063,19,0.987,2.380,2.463
14064,19,0.792,2.341,2.444
14066,19,0.611,2.312,2.439
14067,19,0.479,2.351,2.483
14069,19,0.332,2.512,2.605
14071,19,0.342,2.678,2.737
14072,19,0.367,2.835,2.884
14074,19,0.381,2.991,3.011
14075,19,0.406,3.089,3.123
14077,19,0.391,3.177,3.206
14084,24,0.323,3.245,3.284
14089,24,0.367,2.996,3.030
14090,24,0.318,2.830,2.874
14092,24,0.313,2.615,2.688
14093,24,0.411,2.405,2.517
14096,24,0.616,2.302,2.429
14098,24,0.802,2.312,2.424
14099,24,1.061,2.341,2.424
14101,24,1.349,2.375,2.429
14102,24,1.608,2.400,2.434
14108,43,2.468,2.498,2.483
14109,43,2.757,2.551,2.698
14111,43,3.025,2.610,2.937
14113,43,3.250,2.654,3.148
14114,43,3.431,2.693,3.309
14116,43,3.563,2.717,3.426
14118,43,3.661,2.742,3.514
14119,43,3.710,2.752,3.563
14121,43,3.729,2.752,3.573
14129,58,3.402,2.693,3.270
14131,58,3.280,2.669,3.162
14132,58,3.138,2.639,3.030
14134,58,2.981,2.605,2.889
14135,58,2.825,2.571,2.747
14138,58,2.654,2.532,2.595
14140,58,2.483,2.493,2.483
14141,58,2.366,2.478,2.463
14143,58,2.263,2.468,2.463
14145,58,2.151,2.458,2.454
14146,58,2.053,2.449,2.454
14148,58,1.945,2.434,2.444
14153,62,1.701,2.424,2.449
14155,62,1.657,2.419,2.444
14156,62,1.623,2.410,2.439
14158,62,1.613,2.410,2.439
14160,62,1.613,2.405,2.434
14161,62,1.637,2.405,2.434
14166,62,1.877,2.439,2.454
14167,62,2.028,2.458,2.463
14169,62,2.185,2.478,2.468
14174,61,2.972,2.620,2.874
14176,61,3.245,2.674,3.123
14177,61,3.524,2.727,3.382
14179,61,3.798,2.781,3.631
14182,61,4.066,2.835,3.871
14183,61,4.316,2.889,4.106
14185,61,4.560,2.933,4.330
14186,61,4.785,2.972,4.536
14188,61,4.985,2.933,4.643
14190,61,5.000,2.752,4.663
14191,61,5.000,2.605,4.668
14193,61,5.000,2.502,4.673
14198,48,5.000,2.253,4.658
14200,48,5.000,2.214,4.658
14202,48,5.000,2.234,4.653
14206,48,5.000,2.312,4.663
14208,48,5.000,2.390,4.663
14209,48,5.000,2.483,4.668
14211,48,5.000,2.605,4.673
14212,48,5.000,2.737,4.668
14214,48,5.000,2.889,4.658
14219,33,4.482,2.962,4.233
14221,33,4.233,2.884,4.018
14224,33,4.013,2.840,3.812
14225,33,3.778,2.796,3.592
14227,33,3.524,2.737,3.363
14228,33,3.280,2.693,3.143
14230,33,3.030,2.639,2.913
14232,33,2.771,2.586,2.683
14233,33,2.522,2.532,2.507
14235,33,2.346,2.507,2.488
14237,33,2.190,2.483,2.478
14238,33,2.033,2.468,2.468
14244,23,1.515,2.414,2.454
14248,23,1.095,2.356,2.429
14249,23,0.958,2.346,2.434
14251,23,0.792,2.317,2.429
14253,23,0.660,2.307,2.429
14254,23,0.562,2.312,2.439
14256,23,0.455,2.380,2.498
14258,23,0.342,2.493,2.586
14259,23,0.288,2.576,2.664
14264,22,0.318,2.810,2.859
14267,22,0.293,2.830,2.889
14269,22,0.318,2.849,2.893
14270,22,0.318,2.825,2.874
14272,22,0.367,2.771,2.815
14274,22,0.293,2.669,2.742
14275,22,0.288,2.551,2.639
14277,22,0.357,2.449,2.546
14278,22,0.435,2.297,2.444
14280,22,0.587,2.278,2.414
14288,36,1.574,2.400,2.434
14290,36,1.764,2.414,2.439
14291,36,1.994,2.444,2.454
14293,36,2.185,2.463,2.458
14295,36,2.385,2.488,2.473
14296,36,2.581,2.517,2.551
14298,36,2.791,2.561,2.727
14299,36,2.972,2.595,2.889
14314,59,3.402,2.693,3.280
14318,59,3.221,2.654,3.113
14319,59,3.123,2.634,3.021
14321,59,3.016,2.615,2.923
14323,59,2.889,2.586,2.805
14324,59,2.752,2.561,2.683
14326,59,2.605,2.527,2.556
14327,59,2.468,2.502,2.483
14333,61,2.170,2.483,2.473
14334,61,2.063,2.463,2.463
14339,61,1.877,2.439,2.449
14340,61,1.813,2.434,2.449
14342,61,1.799,2.439,2.449
14344,61,1.769,2.419,2.444
14345,61,1.774,2.434,2.449
14347,61,1.799,2.439,2.454
14348,61,1.843,2.444,2.454
14350,61,1.921,2.454,2.458
14356,60,2.419,2.517,2.493
14358,60,2.625,2.537,2.566
14360,60,2.918,2.595,2.825
14361,60,3.245,2.669,3.118
14363,60,3.583,2.737,3.426
14365,60,3.920,2.805,3.739
14366,60,4.277,2.884,4.066
14368,60,4.624,2.947,4.384
14369,60,4.956,2.947,4.638
14371,60,5.000,2.639,4.663
14373,60,5.000,2.346,4.658
14381,54,5.000,1.261,4.550
14382,54,5.000,1.168,4.536
14384,54,5.000,1.129,4.531
14386,54,5.000,1.100,4.531
14387,54,5.000,1.144,4.550
14389,54,5.000,1.139,4.545
14390,54,5.000,1.241,4.560
14392,54,5.000,1.393,4.570
14395,54,5.000,1.549,4.599
14396,54,5.000,1.784,4.624
14401,29,5.000,2.717,4.673
14403,29,4.848,2.981,4.604
14405,29,4.497,2.928,4.282
14406,29,4.106,2.849,3.915
14408,29,3.705,2.771,3.539
14410,29,3.294,2.683,3.167
14411,29,2.879,2.595,2.791
14413,29,2.493,2.512,2.498
14417,29,1.755,2.429,2.449
14419,29,1.471,2.390,2.434
14424,13,0.626,2.322,2.454
14426,13,0.347,2.444,2.537
14427,13,0.323,2.722,2.776
14429,13,0.347,3.025,3.045
14431,13,0.352,3.280,3.304
14432,13,0.430,3.529,3.539
14434,13,0.362,3.729,3.763
14435,13,0.371,3.866,3.930
14438,13,0.459,4.032,4.076
14440,13,0.425,4.150,4.174
14441,13,0.489,4.233,4.247
14447,25,0.430,3.900,4.086
14448,25,0.391,3.891,3.939
14450,25,0.376,3.661,3.719
14451,25,0.430,3.402,3.436
14453,25,0.318,3.055,3.109
14457,25,0.767,2.312,2.424
14459,25,1.134,2.346,2.424
14461,25,1.554,2.380,2.424
14462,25,1.935,2.434,2.444
14464,25,2.331,2.483,2.468
14469,48,3.636,2.752,3.490
14471,48,3.900,2.801,3.734
14472,48,4.096,2.835,3.910
14474,48,4.228,2.869,4.027
14476,48,4.296,2.879,4.091
14477,48,4.296,2.879,4.091
14480,48,4.272,2.874,4.066
14482,48,4.184,2.859,3.983
14483,48,4.062,2.835,3.871
14485,48,3.905,2.805,3.729
14486,48,3.719,2.771,3.553
14492,61,2.933,2.625,2.820
14493,61,2.630,2.546,2.566
14498,61,2.136,2.483,2.473
14499,61,1.960,2.458,2.463
14501,61,1.794,2.439,2.454
14503,61,1.628,2.419,2.444
14504,61,1.471,2.400,2.439
14506,61,1.344,2.385,2.439
14507,61,1.256,2.385,2.444
14509,61,1.173,2.375,2.444
14514,66,1.237,2.400,2.463
14516,66,1.349,2.395,2.444
14518,66,1.549,2.410,2.444
14519,66,1.818,2.439,2.454
14522,66,2.165,2.478,2.468
14524,66,2.571,2.522,2.537
14525,66,3.152,2.639,3.055
14527,66,3.788,2.771,3.631
14528,66,4.413,2.898,4.218
14542,56,5.000,0.239,4.570
14546,56,5.000,0.176,4.785
14550,56,5.000,0.572,4.492
14552,56,5.000,0.787,4.516
14553,56,5.000,1.109,4.541
14555,56,5.000,1.442,4.585
14560,30,5.000,2.639,4.677
14562,30,4.878,2.981,4.619
14563,30,4.457,2.913,4.242
14566,30,4.037,2.830,3.851
14568,30,3.597,2.742,3.446
14569,30,3.138,2.649,3.025
14571,30,2.669,2.546,2.605
14573,30,2.287,2.488,2.478
14574,30,1.999,2.458,2.463
14576,30,1.720,2.429,2.449
14577,30,1.452,2.390,2.434
14583,14,0.616,2.326,2.449
14584,14,0.376,2.493,2.571
14586,14,0.298,2.757,2.825
14598,14,0.415,4.301,4.379
14600,14,0.567,4.413,4.413
14605,25,0.533,4.223,4.252
14608,25,0.479,4.047,4.076
14609,25,0.376,3.803,3.842
14611,25,0.450,3.514,3.553
14613,25,0.381,3.177,3.216
14614,25,0.293,2.781,2.830
14616,25,0.386,2.341,2.488
14617,25,0.797,2.307,2.419
14619,25,1.227,2.361,2.429
14621,25,1.613,2.405,2.434
14622,25,2.028,2.454,2.454
14628,39,3.338,2.688,3.211
14629,39,3.607,2.737,3.460
14631,39,3.822,2.786,3.656
14632,39,3.964,2.810,3.788
14634,39,4.052,2.830,3.866
14638,39,4.013,2.820,3.832
14640,39,3.935,2.805,3.759
14642,39,3.803,2.776,3.631
14643,39,3.651,2.752,3.490
14645,39,3.460,2.713,3.319
14651,63,2.776,2.586,2.688
14653,63,2.512,2.517,2.498
14655,63,2.361,2.498,2.483
14656,63,2.224,2.483,2.473
14658,63,2.087,2.468,2.463
14659,63,1.945,2.449,2.454
14661,63,1.823,2.439,2.454
14663,63,1.696,2.424,2.444
14664,63,1.593,2.414,2.444
14666,63,1.481,2.400,2.439
14667,63,1.427,2.395,2.439
14673,64,1.437,2.414,2.458
14674,64,1.505,2.405,2.444
14676,64,1.642,2.424,2.449
14680,64,2.219,2.488,2.473
14682,64,2.512,2.517,2.498
14684,64,2.923,2.605,2.835
14685,64,3.363,2.693,3.236
14687,64,3.807,2.786,3.641
14688,64,4.252,2.874,4.052
14690,64,4.653,2.952,4.433
14696,54,5.000,2.082,4.643
14698,54,5.000,1.794,4.614
14700,54,5.000,1.608,4.589
14701,54,5.000,1.432,4.565
14703,54,5.000,1.305,4.555
14704,54,5.000,1.256,4.560
14706,54,5.000,1.227,4.560
14708,54,5.000,1.207,4.545
14709,54,5.000,1.276,4.570
14711,54,5.000,1.334,4.565
14713,54,5.000,1.422,4.580
14721,27,5.000,2.395,4.673
14722,27,5.000,2.654,4.677
14724,27,5.000,2.928,4.653
14725,27,4.721,2.977,4.477
14727,27,4.409,2.923,4.189
14729,27,4.081,2.854,3.886
14730,27,3.754,2.791,3.583
14732,27,3.416,2.717,3.275
14734,27,3.069,2.649,2.952
14736,27,2.722,2.571,2.644
14742,19,1.984,2.498,2.493
14743,19,1.706,2.434,2.454
14745,19,1.486,2.405,2.444
14746,19,1.295,2.390,2.444
14748,19,1.100,2.380,2.449
14750,19,0.894,2.356,2.449
14751,19,0.665,2.326,2.444
14753,19,0.503,2.351,2.478
14757,19,0.303,2.879,2.942
14759,19,0.386,3.069,3.084
14764,19,0.376,3.485,3.539
14766,19,0.371,3.563,3.602
14767,19,0.352,3.607,3.651
14769,19,0.371,3.612,3.651
14771,19,0.371,3.592,3.627
14781,19,0.367,2.693,2.742
14789,33,1.447,2.410,2.454
14790,33,1.701,2.419,2.444
14792,33,2.004,2.454,2.458
14794,33,2.287,2.488,2.473
14795,33,2.551,2.517,2.522
14797,33,2.845,2.576,2.771
14799,33,3.109,2.634,3.006
14800,33,3.314,2.678,3.196
14802,33,3.475,2.708,3.338
14803,33,3.587,2.732,3.441
14811,54,3.583,2.742,3.431
14813,54,3.485,2.717,3.343
14815,54,3.382,2.693,3.245
14816,54,3.250,2.669,3.123
14818,54,3.113,2.639,3.006
14821,54,2.972,2.610,2.874
14822,54,2.815,2.576,2.737
14824,54,2.654,2.542,2.595
14825,54,2.502,2.507,2.493
14831,62,2.190,2.483,2.473
14832,62,2.097,2.468,2.463
14834,62,2.009,2.454,2.458
14836,62,1.935,2.449,2.454
14837,62,1.852,2.434,2.449
14839,62,1.808,2.429,2.449
14841,62,1.755,2.424,2.444
14842,62,1.735,2.424,2.444
14844,62,1.716,2.419,2.444
14845,62,1.730,2.424,2.444
14853,64,2.102,2.478,2.473
14855,64,2.229,2.483,2.473
14857,64,2.390,2.502,2.483
14858,64,2.576,2.527,2.537
14860,64,2.815,2.576,2.742
14862,64,3.069,2.634,2.967
14864,64,3.333,2.688,3.206
14866,64,3.578,2.742,3.436
14867,64,3.837,2.791,3.671
14869,64,4.062,2.845,3.876
14871,64,4.311,2.889,4.106
14876,54,4.980,2.957,4.643
14878,54,5.000,2.796,4.668
14879,54,5.000,2.634,4.668
14881,54,5.000,2.512,4.677
14883,54,5.000,2.380,4.663
14884,54,5.000,2.302,4.663
14886,54,5.000,2.258,4.668
14890,54,5.000,2.155,4.653
14892,54,5.000,2.165,4.663
14893,54,5.000,2.199,4.668
14899,39,5.000,2.395,4.668
14900,39,5.000,2.483,4.673
14902,39,5.000,2.639,4.677
14904,39,5.000,2.791,4.668
14906,39,4.951,2.962,4.648
14908,39,4.746,2.977,4.506
14909,39,4.531,2.933,4.306
14911,39,4.311,2.898,4.101
14913,39,4.052,2.849,3.866
14914,39,3.783,2.791,3.617
14916,39,3.490,2.727,3.348
14921,24,2.571,2.542,2.522
14923,24,2.326,2.488,2.473
14925,24,2.141,2.463,2.463
14926,24,1.950,2.449,2.454
14930,24,1.486,2.405,2.439
14932,24,1.310,2.385,2.439
14934,24,1.109,2.356,2.429
14935,24,0.953,2.346,2.429
14937,24,0.811,2.336,2.434
14939,24,0.626,2.302,2.429
14944,20,0.293,2.625,2.708
14945,20,0.327,2.781,2.825
14947,20,0.279,2.874,2.933
14950,20,0.308,2.981,3.021
14951,20,0.318,3.045,3.094
14953,20,0.342,3.084,3.128
14955,20,0.323,3.118,3.162
14956,20,0.313,3.109,3.167
14958,20,0.367,3.113,3.138
14959,20,0.327,3.040,3.079
14961,20,0.327,2.933,2.986
14963,20,0.318,2.801,2.849
14968,31,0.508,2.283,2.429
14972,31,1.109,2.346,2.424
14974,31,1.334,2.366,2.424
14975,31,1.598,2.400,2.434
14977,31,1.872,2.439,2.454
14979,31,2.126,2.463,2.463
14980,31,2.370,2.493,2.478
14982,31,2.625,2.532,2.581
14984,31,2.898,2.586,2.815
14989,52,3.543,2.737,3.402
14990,52,3.636,2.747,3.485
14993,52,3.700,2.761,3.543
14995,52,3.734,2.766,3.573
14996,52,3.729,2.766,3.573
14998,52,3.690,2.757,3.534
15000,52,3.631,2.747,3.485
15013,60,2.556,2.532,2.517
15017,60,2.278,2.483,2.473
15019,60,2.185,2.473,2.463
15023,60,1.955,2.454,2.458
15024,60,1.862,2.439,2.454
15026,60,1.789,2.434,2.449
15028,60,1.740,2.434,2.454
15029,60,1.691,2.424,2.449
15036,65,1.696,2.444,2.463
15037,65,1.706,2.429,2.454
15039,65,1.755,2.434,2.454
15041,65,1.843,2.444,2.454
15042,65,1.965,2.454,2.458
15044,65,2.126,2.478,2.468
15045,65,2.307,2.498,2.478
15047,65,2.512,2.517,2.498
15049,65,2.781,2.571,2.708
15050,65,3.084,2.639,2.977
15052,65,3.392,2.703,3.260
15057,58,4.394,2.913,4.169
15059,58,4.638,2.937,4.409
15063,58,5.000,2.600,4.673
15065,58,5.000,2.410,4.663
15066,58,5.000,2.234,4.658
15068,58,5.000,2.097,4.653
15070,58,5.000,1.965,4.633
15071,58,5.000,1.882,4.638
15073,58,5.000,1.794,4.619
15075,58,5.000,1.760,4.619
15081,44,5.000,1.843,4.629
15082,44,5.000,1.921,4.638
15084,44,5.000,2.019,4.658
15086,44,5.000,2.107,4.658
15087,44,5.000,2.263,4.668
15089,44,5.000,2.444,4.673
15091,44,5.000,2.630,4.677
15092,44,5.000,2.849,4.663
15094,44,4.853,2.981,4.609
15095,44,4.604,2.942,
15103,27,3.353,2.717,3.201
15107,27,2.463,2.512,2.493
15109,27,2.258,2.493,2.478
15110,27,2.067,2.473,2.468
15112,27,1.862,2.449,2.463
15114,27,1.657,2.424,2.454
15115,27,1.452,2.400,2.444
15117,27,1.266,2.380,2.439
15118,27,1.090,2.366,2.434
15121,27,0.885,2.336,2.429
15126,20,0.391,2.410,2.537
15128,20,0.298,2.581,2.654
15130,20,0.332,2.737,2.791
15131,20,0.352,2.874,2.908
15133,20,0.327,2.981,3.025
15134,20,0.357,3.079,3.113
15136,20,0.381,3.162,3.192
15138,20,0.332,3.192,3.245
15139,20,0.367,3.240,3.265
15147,28,0.347,2.967,3.006
15149,28,0.323,2.820,2.879
15150,28,0.347,2.664,2.717
15152,28,0.357,2.454,2.556
15154,28,0.499,2.292,2.434
15155,28,0.718,2.307,2.429
15157,28,0.934,2.331,2.429
15159,28,1.163,2.356,2.429
15160,28,1.417,2.385,2.434
15163,28,1.667,2.419,2.439
15164,28,1.887,2.439,2.449
15166,28,2.126,2.468,2.463
15171,45,2.805,2.581,2.732
15173,45,2.952,2.605,2.869
15175,45,3.079,2.634,2.972
15176,45,3.167,2.649,3.060
15178,45,3.216,2.659,3.104
15179,45,3.245,2.664,3.128
15184,45,3.196,2.654,3.079
15185,45,3.143,2.644,3.030
15187,45,3.074,2.630,2.972
15192,58,2.805,2.581,2.727
15194,58,2.703,2.551,2.639
15196,58,2.605,2.527,2.556
15197,58,2.512,2.512,2.498
15199,58,2.454,2.502,2.483
15201,58,2.414,2.498,2.478
15202,58,2.375,2.493,2.473
15205,58,2.341,2.488,2.473
15206,58,2.302,2.483,2.473
15208,58,2.263,2.483,2.468
15210,58,2.224,2.478,2.468
15211,58,2.190,2.478,2.468
15217,62,2.116,2.483,2.473
15218,62,2.082,2.463,2.463
15220,62,2.072,2.463,2.463
15224,62,2.116,2.468,2.463
15226,62,2.155,2.478,2.468
15227,62,2.219,2.488,2.478
15229,62,2.278,2.493,2.478
15231,62,2.361,2.502,2.483
15232,62,2.454,2.517,2.493
15246,61,3.715,2.781,3.539
15251,61,4.091,2.845,3.895
15252,61,4.233,2.874,4.027
15254,61,4.370,2.903,4.150
15255,61,4.497,2.928,4.272
15261,50,4.839,2.996,4.580
15262,50,4.897,2.977,4.629
15264,50,4.966,2.942,4.648
15266,50,5.000,2.884,4.658
15267,50,5.000,2.859,4.658
15269,50,5.000,2.849,4.658
15271,50,5.000,2.884,4.668
15272,50,5.000,2.869,4.658
15288,37,4.218,2.893,4.013
15291,37,4.022,2.840,3.837
15293,37,3.847,2.805,3.675
15294,37,3.675,2.766,3.514
15296,37,3.485,2.722,3.343
15297,37,3.289,2.688,3.162
15299,37,3.089,2.639,2.977
15301,37,2.879,2.595,2.786
15306,25,2.366,2.517,2.498
15308,25,2.234,2.483,2.473
15309,25,2.121,2.468,2.468
15311,25,2.033,2.468,2.468
15313,25,1.911,2.449,2.463
15314,25,1.804,2.434,2.454
15316,25,1.701,2.424,2.449
15317,25,1.603,2.414,2.444
15319,25,1.496,2.405,2.439
15321,25,1.383,2.361,2.419
15329,23,0.958,2.361,2.454
15330,23,0.831,2.322,2.429
15333,23,0.748,2.307,2.429
15335,23,0.694,2.307,2.429
15336,23,0.621,2.297,2.429
15338,23,0.567,2.287,2.424
15339,23,0.518,2.283,2.424
15341,23,0.533,2.297,2.434
15343,23,0.533,2.297,2.434
15344,23,0.538,2.297,2.439
15346,23,0.503,2.287,2.429
15351,35,0.689,2.307,2.434
15353,35,0.792,2.322,2.429
15354,35,0.865,2.317,2.424
15356,35,0.973,2.331,2.424
15358,35,1.070,2.341,2.424
15359,35,1.222,2.351,2.424
15361,35,1.373,2.375,2.424
15365,35,1.750,2.419,2.439
15367,35,1.891,2.434,2.449
15368,35,2.048,2.458,2.458
15374,46,2.473,2.507,2.488
15376,46,2.576,2.517,2.551
15378,46,2.688,2.542,2.625
15380,46,2.776,2.561,2.708
15381,46,2.849,2.576,2.771
15383,46,2.903,2.590,2.820
15384,46,2.937,2.595,2.849
15386,46,2.962,2.600,2.874
15388,46,2.967,2.605,2.879
15389,46,2.957,2.600,2.874
15391,46,2.937,2.595,2.854
15396,58,2.805,2.571,2.737
15398,58,2.742,2.551,2.683
15400,58,2.678,2.537,2.625
15401,58,2.610,2.522,2.566
15403,58,2.537,2.507,2.507
15407,58,2.400,2.493,2.473
15409,58,2.366,2.493,2.478
15410,58,2.326,2.488,2.478
15412,58,2.292,2.483,2.473
15414,58,2.253,2.478,2.468
15420,58,2.180,2.478,2.468
15422,58,2.165,2.463,2.458
15423,58,2.180,2.473,2.463
15425,58,2.199,2.478,2.468
15426,58,2.224,2.478,2.468
15428,58,2.273,2.488,2.473
15430,58,2.326,2.493,2.478
15431,58,2.400,2.502,2.483
15433,58,2.483,2.507,2.493
15435,58,2.586,2.527,2.542
15436,58,2.717,2.556,2.654
15442,57,3.231,2.674,3.109
15443,57,3.377,2.698,3.250
15448,57,3.817,2.791,3.651
15449,57,3.978,2.820,3.798
15451,57,4.135,2.849,3.944
15452,57,4.286,2.889,4.076
15454,57,4.418,2.908,4.203
15456,57,4.545,2.933,4.326
15457,57,4.668,2.957,4.438
15459,57,4.775,2.972,4.536
15465,48,5.000,2.898,4.653
15467,48,5.000,2.859,4.658
15469,48,5.000,2.854,4.658
15470,48,5.000,2.859,4.658
15472,48,5.000,2.874,4.658
15473,48,5.000,2.918,4.658
15487,32,4.218,2.898,4.008
15491,32,3.783,2.796,3.612
15492,32,3.578,2.752,3.421
15494,32,3.372,2.708,3.236
15498,32,2.776,2.576,2.698
15500,32,2.556,2.522,2.517
15502,32,2.395,2.502,2.483
15504,32,2.273,2.488,2.478
15506,32,2.121,2.449,2.449
15511,24,1.760,2.458,2.478
15513,24,1.579,2.405,2.444
15514,24,1.457,2.390,2.439
15516,24,1.329,2.375,2.434
15518,24,1.212,2.361,2.429
15519,24,1.109,2.351,2.429
15521,24,0.987,2.336,2.424
15522,24,0.890,2.322,2.424
15524,24,0.855,2.326,2.429
15526,24,0.743,2.312,2.429
15527,24,0.718,2.322,2.434
15533,25,0.538,2.307,2.449
15534,25,0.503,2.302,2.444
15539,25,0.557,2.307,2.439
15540,25,0.601,2.307,2.439
15542,25,0.616,2.297,2.434
15543,25,0.723,2.322,2.434
15546,25,0.831,2.331,2.439
15548,25,0.875,2.326,2.434
15549,25,1.007,2.346,2.439
15551,25,1.129,2.356,2.439
15556,39,1.584,2.410,2.439
15558,39,1.720,2.419,2.444
15559,39,1.848,2.429,2.444
15561,39,1.994,2.449,2.454
15563,39,2.116,2.463,2.463
15564,39,2.243,2.483,2.473
15566,39,2.346,2.493,2.478
15568,39,2.434,2.502,2.483
15569,39,2.512,2.517,2.498
15571,39,2.586,2.527,2.542
15572,39,2.639,2.537,2.590
15581,55,2.683,2.551,2.620
15582,55,2.639,2.532,2.581
15584,55,2.600,2.527,2.556
15585,55,2.561,2.517,2.522
15587,55,2.522,2.512,2.502
15590,55,2.493,2.507,2.488
15591,55,2.468,2.507,2.488
15593,55,2.449,2.502,2.483
15595,55,2.434,2.502,2.483
15596,55,2.419,2.498,2.483
15601,60,2.414,2.502,2.483
15603,60,2.414,2.498,2.478
15605,60,2.434,2.498,2.478
15606,60,2.463,2.502,2.483
15608,60,2.498,2.507,2.493
15610,60,2.542,2.517,2.517
15611,60,2.605,2.532,2.561
15613,60,2.674,2.546,2.620
15617,60,2.884,2.590,2.805
15623,55,3.172,2.654,3.060
15624,55,3.245,2.664,3.128
15626,55,3.328,2.688,3.206
15627,55,3.407,2.708,3.280
15629,55,3.485,2.722,3.348
15632,55,3.548,2.737,3.407
15633,55,3.622,2.752,3.470
15635,55,3.675,2.766,3.519
15637,55,3.719,2.771,3.558
15638,55,3.744,2.776,3.578
15640,55,3.768,2.786,3.602
15641,55,3.763,2.781,3.597
15647,44,3.754,2.796,3.573
15648,44,3.700,2.776,3.534
15650,44,3.656,2.766,3.490
15652,44,3.602,2.757,3.441
15653,44,3.534,2.742,3.382
15658,44,3.328,2.698,3.192
15659,44,3.245,2.678,3.113
15661,44,3.148,2.659,3.030
15663,44,3.065,2.639,2.952
15668,29,2.781,2.595,2.688
15670,29,2.654,2.556,2.586
15671,29,2.561,2.532,2.517
15674,29,2.498,2.522,2.498
15675,29,2.468,2.517,2.493
15677,29,2.439,2.512,2.493
15679,29,2.410,2.507,2.483
15680,29,2.385,2.507,2.483
15682,29,2.366,2.502,2.483
15684,29,2.346,2.498,2.483
15685,29,2.326,2.498,2.483
15687,29,2.302,2.493,2.478
15692,37,2.278,2.517,2.498
15694,37,2.229,2.488,2.478
15695,37,2.209,2.483,2.473
15700,37,2.185,2.483,2.473
15701,37,2.180,2.483,2.468
15703,37,2.165,2.478,2.468
15705,37,2.155,2.473,2.468
15719,38,2.248,2.507,2.488
15723,38,2.258,2.488,2.473
15724,38,2.268,2.488,2.478
15726,38,2.287,2.493,2.478
15728,38,2.297,2.498,2.483
15729,38,2.317,2.498,2.483
15731,38,2.336,2.502,2.483
15736,32,2.405,2.532,2.502
15738,32,2.390,2.507,2.488
15740,32,2.410,2.507,2.488
15741,32,2.424,2.507,2.488
15743,32,2.444,2.512,2.488
15744,32,2.468,2.517,2.493
15746,32,2.488,2.517,2.498
15750,32,2.542,2.532,2.512
15752,32,2.556,2.532,2.517
15754,32,2.561,2.537,2.522
15760,41,2.576,2.556,2.532
15762,41,2.546,2.532,2.512
15763,41,2.546,2.532,2.512
15765,41,2.546,2.532,2.517
15767,41,2.551,2.532,2.517
15768,41,2.551,2.532,2.517
15770,41,2.556,2.537,2.517
15771,41,2.556,2.537,2.522
15773,41,2.556,2.537,2.517
15775,41,2.551,2.532,2.517
15776,41,2.551,2.532,2.517
15782,35,2.576,2.551,2.532
15783,35,2.546,2.532,2.512
15785,35,2.546,2.532,2.512
15786,35,2.542,2.532,2.512
15791,35,2.542,2.537,2.517
15792,35,2.542,2.532,2.512
15794,35,2.537,2.532,2.512
15796,35,2.537,2.532,2.512
15797,35,2.532,2.532,2.507
15799,35,2.532,2.527,2.507
15805,41,2.556,2.551,2.527
15807,41,2.532,2.532,2.507
15809,41,2.532,2.532,2.507
15810,41,2.527,2.532,2.507
15812,41,2.527,2.532,2.512
15813,41,2.527,2.532,2.512
15815,41,2.527,2.532,2.507
15817,41,2.522,2.527,2.507
15818,41,2.512,2.527,2.502
15820,41,2.507,2.527,2.502
15821,41,2.498,2.522,2.498
15827,41,2.498,2.546,2.517
15831,41,2.454,2.522,2.502
15833,41,2.454,2.522,2.502
15834,41,2.449,2.522,2.498
15836,41,2.449,2.522,2.498
15838,41,2.449,2.517,2.498
15839,41,2.454,2.517,2.498
15841,41,2.454,2.517,2.493
15843,41,2.463,2.517,2.498
15845,41,2.463,2.517,2.498
15851,37,2.537,2.551,2.522
15852,37,2.517,2.532,2.507
15854,37,2.532,2.532,2.507
15855,37,2.542,2.532,2.512
15857,37,2.556,2.537,2.517
15859,37,2.561,2.532,2.517
15860,37,2.556,2.532,2.517
15862,37,2.556,2.532,2.517
15864,37,2.546,2.532,2.512
15865,37,2.551,2.532,2.517
15873,45,2.590,2.561,2.537
15875,45,2.556,2.537,2.517
15876,45,2.556,2.532,2.517
15878,45,2.556,2.532,2.517
15880,45,2.556,2.532,2.517
15881,45,2.556,2.532,2.517
15883,45,2.551,2.532,2.517
15885,45,2.556,2.532,2.517
15886,45,2.556,2.532,2.517
15889,45,2.556,2.537,2.517
15890,45,2.556,2.537,2.517
15896,48,2.590,2.561,2.537
15897,48,2.556,2.532,2.517
15899,48,2.551,2.532,2.517
15901,48,2.551,2.527,2.512
15902,48,2.551,2.532,2.512
15904,48,2.551,2.532,2.512
15905,48,2.556,2.532,2.517
15910,48,2.556,2.537,2.517
15911,48,2.556,2.537,2.517
15917,50,2.590,2.561,2.537
15918,50,2.551,2.532,2.512
15920,50,2.551,2.532,2.512
15922,50,2.546,2.527,2.512
15923,50,2.551,2.532,2.512
15925,50,2.556,2.532,2.517
15927,50,2.556,2.537,2.517
15928,50,2.556,2.537,2.517
15931,50,2.556,2.537,2.517
15932,50,2.556,2.537,2.517
15934,50,2.556,2.537,2.517
15947,47,2.590,2.561,2.537
15951,47,2.561,2.537,2.522
15953,47,2.561,2.537,2.517
15954,47,2.561,2.537,2.517
15956,47,2.556,2.537,2.517
15973,49,2.600,2.566,2.542
15975,49,2.561,2.537,2.522
15976,49,2.561,2.537,2.517
15978,49,2.561,2.537,2.517
15980,49,2.561,2.537,2.517
15985,44,2.595,2.561,2.537
15987,44,2.561,2.537,2.517
15988,44,2.566,2.537,2.522
15990,44,2.566,2.542,2.522
15991,44,2.566,2.542,2.522
15993,44,2.566,2.542,2.522
15995,44,2.566,2.542,2.522
15996,44,2.566,2.542,2.522
15998,44,2.566,2.537,2.522
16000,44,2.566,2.537,2.522
16001,44,2.566,2.537,2.522
16003,44,2.566,2.542,2.522
16008,48,2.615,2.576,2.551
16010,48,2.576,2.546,2.527
16014,48,2.576,2.546,2.527
16017,48,2.576,2.546,2.527
16018,48,2.576,2.546,2.527
16020,48,2.576,2.551,2.532
16022,48,2.581,2.551,2.532
16023,48,2.581,2.556,2.532
16025,48,2.586,2.556,2.537
16030,47,2.654,2.610,2.576
16032,47,2.595,2.566,2.542
16033,47,2.595,2.566,2.542
16035,47,2.595,2.566,2.542
16037,47,2.595,2.566,2.542
16038,47,2.595,2.566,2.542
16040,47,2.600,2.566,2.542
16042,47,2.600,2.566,2.542
16043,47,2.600,2.566,2.546
16045,47,2.605,2.571,2.546
16046,47,2.605,2.571,2.546
16055,48,2.654,2.610,2.576
16056,48,2.595,2.566,2.542
16059,48,2.590,2.561,2.537
16060,48,2.590,2.561,2.537
16062,48,2.586,2.561,2.537
16064,48,2.586,2.556,2.537
16065,48,2.586,2.556,2.537
16067,48,2.586,2.556,2.532
16069,48,2.586,2.556,2.537
16070,48,2.581,2.556,2.532
16076,48,2.620,2.581,2.551
16077,48,2.576,2.546,2.527
16079,48,2.571,2.542,2.522
16080,48,2.571,2.542,2.522
16082,48,2.571,2.542,2.522
16084,48,2.561,2.537,2.522
16085,48,2.571,2.542,2.522
16087,48,2.571,2.542,2.522
16091,48,2.571,2.546,2.527
16093,48,2.571,2.542,2.522
16098,48,2.610,2.571,2.546
16101,48,2.566,2.537,2.517
16102,48,2.566,2.542,2.522
16104,48,2.566,2.542,2.522
16106,48,2.571,2.542,2.522
16107,48,2.571,2.542,2.522
16109,48,2.571,2.546,2.527
16111,48,2.571,2.546,2.527
16112,48,2.571,2.546,2.527
16114,48,2.571,2.546,2.527
16115,48,2.571,2.542,2.522
16121,48,2.610,2.571,2.546
16122,48,2.571,2.542,2.522
16124,48,2.571,2.542,2.522
16126,48,2.571,2.546,2.522
16127,48,2.571,2.546,2.527
16132,48,2.576,2.551,2.532
16133,48,2.576,2.546,2.532
16135,48,2.576,2.546,2.532
16136,48,2.576,2.546,2.527
16138,48,2.576,2.546,2.527
16144,47,2.625,2.586,2.556
16146,47,2.576,2.551,2.532
16148,47,2.576,2.551,2.532
16149,47,2.576,2.551,2.532
16151,47,2.581,2.556,2.532
16153,47,2.581,2.556,2.537
16154,47,2.581,2.556,2.532
16156,47,2.581,2.556,2.532
16157,47,2.576,2.551,2.532
16159,47,2.576,2.551,2.532
16161,47,2.576,2.546,2.527
16166,47,2.630,2.590,2.561
16168,47,2.576,2.546,2.532
16169,47,2.576,2.551,2.532
16174,47,2.576,2.551,2.532
16175,47,2.576,2.551,2.532
16177,47,2.576,2.546,2.532
16191,46,2.620,2.581,2.556
16195,46,2.571,2.546,2.527
16197,46,2.571,2.546,2.527
16198,46,2.571,2.542,2.522
16200,46,2.571,2.546,2.522
16202,46,2.571,2.542,2.522
16203,46,2.571,2.542,2.522
16205,46,2.571,2.542,2.522
16206,46,2.571,2.546,2.522
16212,49,2.620,2.581,2.556
16213,49,2.576,2.546,2.527
16215,49,2.571,2.546,2.527
16217,49,2.571,2.546,2.527
16218,49,2.571,2.542,2.522
16220,49,2.571,2.542,2.522
16224,49,2.571,2.546,2.527
16226,49,2.571,2.546,2.527
16229,49,2.576,2.546,2.527
16234,51,2.620,2.581,2.556
16235,51,2.576,2.546,2.532
16237,51,2.571,2.546,2.527
16239,51,2.571,2.546,2.527
16240,51,2.566,2.542,2.522
16242,51,2.566,2.542,2.522
16244,51,2.566,2.542,2.527
16245,51,2.566,2.542,2.527
16247,51,2.566,2.542,2.527
16248,51,2.566,2.546,2.527
16250,51,2.566,2.542,2.527
16252,51,2.561,2.542,2.522
16257,46,2.595,2.566,2.542
16259,46,2.561,2.537,2.522
16260,46,2.561,2.537,2.522
16265,46,2.556,2.537,2.517
16266,46,2.556,2.537,2.522
16268,46,2.561,2.537,2.522
16270,46,2.561,2.537,2.522
16272,46,2.561,2.537,2.522
16274,46,2.561,2.537,2.522
16279,45,2.595,2.566,2.542
16281,45,2.561,2.537,2.522
16282,45,2.561,2.537,2.522
16284,45,2.561,2.537,2.522
16286,45,2.561,2.537,2.522
16287,45,2.561,2.537,2.522
16289,45,2.561,2.542,2.522
16290,45,2.566,2.542,2.527
16292,45,2.566,2.542,2.527
16294,45,2.566,2.542,2.527
16295,45,2.566,2.542,2.522
16297,45,2.561,2.542,2.522
16302,42,2.600,2.566,2.542
16307,42,2.561,2.537,2.517
16308,42,2.561,2.542,2.522
16310,42,2.566,2.542,2.527
16312,42,2.561,2.542,2.522
16314,42,2.561,2.542,2.522
16316,42,2.561,2.537,2.522
16317,42,2.561,2.537,2.522
16319,42,2.556,2.537,2.517
16324,41,2.571,2.546,2.532
16326,41,2.546,2.532,2.517
16328,41,2.537,2.522,2.512
16329,41,2.537,2.522,2.512
16331,41,2.537,2.522,2.512
16332,41,2.532,2.517,2.507
16334,41,2.532,2.517,2.507
16336,41,2.527,2.512,2.502
16337,41,2.527,2.512,2.502
16339,41,2.522,2.512,2.502
16347,39,2.507,2.498,2.493
16349,39,2.507,2.498,2.488
16350,39,2.507,2.498,2.493
16352,39,2.507,2.498,2.493
16353,39,2.507,2.498,2.493
16355,39,2.507,2.498,2.493
16358,39,2.507,2.498,2.493
16359,39,2.507,2.498,2.488
16361,39,2.512,2.498,2.493
16363,39,2.542,2.522,2.512
16364,39,2.537,2.522,2.507
16370,45,2.546,2.522,2.507
16371,45,2.527,2.507,2.498
16373,45,2.527,2.512,2.498
16374,45,2.527,2.512,2.498
16376,45,2.532,2.512,2.502
16378,45,2.532,2.517,2.502
16379,45,2.537,2.517,2.507
16384,45,2.537,2.517,2.507
16385,45,2.532,2.517,2.502
16387,45,2.532,2.512,2.502
16392,44,2.527,2.507,2.498
16394,44,2.517,2.502,2.493
16395,44,2.522,2.507,2.498
16397,44,2.522,2.507,2.498
16400,44,2.522,2.507,2.498
16401,44,2.527,2.512,2.502
16403,44,2.527,2.512,2.502
16405,44,2.527,2.512,2.502
16406,44,2.522,2.507,2.498
16419,47,2.522,2.512,2.498
16423,47,2.522,2.507,2.502
16425,47,2.517,2.507,2.498
16427,47,2.517,2.502,2.493
16428,47,2.507,2.498,2.488
16430,47,2.507,2.493,2.488
16438,46,2.522,2.512,2.502
16440,46,2.517,2.507,2.498
16442,46,2.517,2.507,2.502
16444,46,2.517,2.507,2.498
16446,46,2.517,2.502,2.498
16447,46,2.512,2.502,2.493
16449,46,2.507,2.498,2.488
16450,46,2.507,2.498,2.483
16452,46,2.502,2.498,2.488
16454,46,2.502,2.493,2.483
16455,46,2.507,2.498,2.488
16461,45,2.522,2.512,2.502
16462,45,2.517,2.507,2.498
16464,45,2.517,2.507,2.498
16465,45,2.512,2.502,2.498
16467,45,2.512,2.502,2.493
16469,45,2.502,2.498,2.488
16470,45,2.502,2.493,2.483
16472,45,2.498,2.493,2.483
16476,45,2.498,2.498,2.488
16478,45,2.502,2.502,2.493
16483,48,2.493,2.502,2.488
16486,48,2.483,2.498,2.483
16488,48,2.473,2.498,2.478
16489,48,2.463,2.493,2.473
16491,48,2.454,2.483,2.468
16492,48,2.439,2.483,2.468
16494,48,2.429,2.483,2.468
16496,48,2.414,2.483,2.468
16497,48,2.405,2.488,2.468
16499,48,2.395,2.488,2.473
16501,48,2.380,2.488,2.478
16506,46,2.326,2.483,2.468
16508,46,2.302,2.473,2.463
16509,46,2.283,2.468,2.458
16511,46,2.268,2.463,2.454
16512,46,2.258,2.463,2.454
16517,46,2.229,2.463,2.458
16518,46,2.234,2.468,2.463
16520,46,2.229,2.473,2.463
16522,46,2.224,2.468,2.463
16523,46,2.224,2.468,2.463
16530,48,2.234,2.458,2.454
16531,48,2.234,2.458,2.454
16533,48,2.248,2.463,2.454
16534,48,2.263,2.463,2.454
16536,48,2.283,2.468,2.458
16538,48,2.307,2.478,2.463
16539,48,2.326,2.478,2.468
16541,48,2.356,2.488,2.473
16543,48,2.375,2.493,2.478
16544,48,2.395,2.493,2.478
16546,48,2.414,2.488,2.473
16551,48,2.493,2.493,2.478
16553,48,2.517,2.498,2.493
16557,48,2.590,2.517,2.546
16559,48,2.620,2.527,2.571
16560,48,2.659,2.537,2.605
16562,48,2.693,2.546,2.639
16564,48,2.732,2.556,2.669
16565,48,2.771,2.561,2.708
16567,48,2.820,2.566,2.747
16573,50,3.016,2.610,2.918
16575,50,3.089,2.625,2.986
16577,50,3.172,2.644,3.065
16578,50,3.260,2.669,3.143
16580,50,3.343,2.688,3.221
16581,50,3.431,2.713,3.299
16583,50,3.524,2.727,3.382
16585,50,3.617,2.747,3.470
16586,50,3.715,2.766,3.553
16588,50,3.807,2.781,3.636
16590,50,3.900,2.801,3.724
16591,50,3.978,2.815,3.798
16599,48,4.296,2.889,4.086
16601,48,4.321,2.898,4.110
16602,48,4.340,2.903,4.125
16604,48,4.335,2.903,4.120
16606,48,4.330,2.893,4.115
16607,48,4.291,2.884,4.081
16609,48,4.262,2.884,4.057
16611,48,4.194,2.869,3.988
16613,48,4.135,2.849,3.935
16619,37,3.842,2.801,3.666
16620,37,3.724,2.776,3.558
16622,37,3.607,2.752,3.451
16623,37,3.465,2.722,3.324
16625,37,3.328,2.693,3.196
16627,37,3.167,2.654,3.050
16628,37,3.006,2.610,2.908
16630,37,2.835,2.576,2.752
16632,37,2.678,2.537,2.620
16648,31,1.701,2.405,2.429
16649,31,1.593,2.380,2.419
16653,31,1.403,2.361,2.410
16654,31,1.334,2.351,2.410
16657,31,1.285,2.346,2.414
16659,31,1.202,2.341,2.414
16664,38,1.080,2.326,2.419
16665,38,1.046,2.326,2.414
16667,38,1.012,2.312,2.410
16669,38,0.982,2.302,2.405
16670,38,0.997,2.302,2.405
16672,38,1.041,2.312,2.405
16673,38,1.026,2.302,2.400
16675,38,1.080,2.317,2.405
16677,38,1.114,2.326,2.410
16678,38,1.188,2.336,2.419
16680,38,1.251,2.346,2.419
16682,38,1.329,2.356,2.419
16690,41,1.789,2.405,2.429
16691,41,1.872,2.414,2.429
16693,41,1.960,2.424,2.434
16694,41,2.048,2.439,2.444
16696,41,2.121,2.449,2.449
16699,41,2.204,2.468,2.463
16700,41,2.268,2.468,2.463
16702,41,2.336,2.483,2.468
16704,41,2.390,2.488,2.473
16709,51,2.517,2.502,2.493
16711,51,2.537,2.498,2.507
16712,51,2.561,2.502,2.522
16714,51,2.571,2.507,2.532
16715,51,2.581,2.512,2.537
16717,51,2.581,2.517,2.542
16719,51,2.576,2.517,2.537
16720,51,2.571,2.517,2.537
16722,51,2.556,2.517,2.522
16726,51,2.512,2.502,2.493
16732,54,2.483,2.493,2.478
16733,54,2.468,2.488,2.473
16735,54,2.468,2.493,2.473
16736,54,2.468,2.493,2.478
16738,54,2.468,2.498,2.483
16741,54,2.468,2.498,2.483
16742,54,2.468,2.498,2.483
16744,54,2.468,2.498,2.483
16746,54,2.468,2.498,2.483
16747,54,2.478,2.498,2.478
16749,54,2.483,2.493,2.478
16754,57,2.542,2.502,2.507
16756,57,2.571,2.507,2.532
16757,57,2.605,2.517,2.561
16759,57,2.649,2.532,2.595
16761,57,2.698,2.551,2.644
16762,57,2.747,2.561,2.688
16764,57,2.805,2.571,2.737
16768,57,2.962,2.595,2.874
16770,57,3.030,2.610,2.933
16772,57,3.109,2.625,3.001
16777,54,3.392,2.693,3.260
16779,54,3.475,2.717,3.343
16780,54,3.573,2.742,3.426
16782,54,3.656,2.761,3.509
16784,54,3.739,2.776,3.583
16786,54,3.812,2.791,3.646
16788,54,3.876,2.801,3.705
16789,54,3.935,2.805,3.754
16791,54,3.978,2.815,3.793
16793,54,4.037,2.825,3.851
16794,54,4.081,2.835,3.891
16800,44,4.179,2.869,3.978
16801,44,4.174,2.869,3.978
16803,44,4.159,2.869,3.964
16804,44,4.140,2.864,3.944
16809,44,4.022,2.830,3.832
16810,44,3.969,2.815,3.783
16812,44,3.905,2.805,3.724
16814,44,3.832,2.791,3.661
16815,44,3.739,2.776,3.573
16817,44,3.646,2.757,3.485
16822,36,3.275,2.683,3.143
16824,36,3.152,2.654,3.040
16826,36,3.021,2.625,2.923
16828,36,2.903,2.595,2.810
16830,36,2.766,2.561,2.688
16831,36,2.630,2.527,2.571
16833,36,2.502,2.498,2.483
16835,36,2.429,2.488,2.468
16836,36,2.375,2.483,2.468
16838,36,2.326,2.483,2.468
16839,36,2.273,2.478,2.468
16845,27,2.102,2.463,2.458
16849,27,1.945,2.434,2.439
16851,27,1.882,2.419,2.434
16852,27,1.838,2.414,2.434
16854,27,1.799,2.414,2.434
16856,27,1.750,2.405,2.429
16857,27,1.720,2.410,2.434
16859,27,1.676,2.405,2.434
16861,27,1.637,2.400,2.434
16862,27,1.608,2.395,2.434
16867,37,1.515,2.375,2.424
16870,37,1.515,2.380,2.424
16880,37,1.520,2.385,2.429
16884,37,1.554,2.385,2.429
16885,37,1.579,2.390,2.429
16891,39,1.696,2.400,2.424
16892,39,1.725,2.400,2.424
16894,39,1.784,2.410,2.429
16895,39,1.818,2.419,2.434
16897,39,1.857,2.424,2.439
16901,39,1.979,2.444,2.454
16903,39,2.019,2.444,2.454
16905,39,2.053,2.449,2.454
16906,39,2.082,2.449,2.454
16908,39,2.126,2.454,2.449
16914,50,2.234,2.463,2.458
16916,50,2.263,2.468,2.458
16917,50,2.307,2.478,2.463
16919,50,2.336,2.483,2.473
16921,50,2.361,2.493,2.478
16922,50,2.385,2.493,2.478
16924,50,2.405,2.498,2.478
16926,50,2.419,2.498,2.478
16927,50,2.434,2.498,2.478
16929,50,2.444,2.493,2.473
16930,50,2.454,2.493,2.473
16936,52,2.502,2.502,2.488
16937,52,2.512,2.507,2.498
16942,52,2.537,2.512,2.512
16943,52,2.542,2.512,2.517
16945,52,2.551,2.512,2.517
16947,52,2.561,2.512,2.522
16948,52,2.571,2.512,2.532
16950,52,2.586,2.512,2.542
16951,52,2.610,2.517,2.561
16954,52,2.630,2.522,2.576
16959,52,2.761,2.561,2.693
16961,52,2.810,2.576,2.737
16963,52,2.864,2.586,2.781
16964,52,2.923,2.595,2.835
16966,52,2.981,2.610,2.889
16968,52,3.055,2.620,2.957
16969,52,3.133,2.639,3.025
16971,52,3.221,2.654,3.104
16972,52,3.314,2.674,3.187
16974,52,3.407,2.698,3.275
16982,50,3.944,2.825,3.763
16984,50,4.047,2.845,3.861
16985,50,4.145,2.859,3.944
16987,50,4.238,2.874,4.032
16989,50,4.316,2.884,4.101
16990,50,4.409,2.908,4.189
16992,50,4.482,2.923,4.257
16994,50,4.555,2.933,4.321
16995,50,4.614,2.947,4.379
16998,50,4.663,2.957,4.423
17003,43,4.731,2.981,4.477
17005,43,4.712,2.977,4.472
17006,43,4.687,2.967,4.443
17008,43,4.643,2.952,4.399
17010,43,4.580,2.947,4.340
17011,43,4.492,2.928,4.257
17013,43,4.374,2.903,4.150
17015,43,4.262,2.884,4.047
17019,43,3.861,2.810,3.675
17021,43,3.675,2.771,3.509
17026,33,2.962,2.610,2.859
17027,33,2.722,2.556,2.649
17029,33,2.493,2.502,2.483
17031,33,2.326,2.478,2.463
17032,33,2.185,2.463,2.458
17034,33,2.043,2.444,2.444
17036,33,1.906,2.429,2.444
17037,33,1.750,2.414,2.439
17040,33,1.613,2.395,2.434
17041,33,1.481,2.385,2.434
17043,33,1.349,2.366,2.429
17048,25,0.978,2.322,2.414
17050,25,0.846,2.302,2.414
17052,25,0.753,2.234,2.400
17053,25,0.626,2.263,2.414
17055,25,0.591,2.273,2.414
17056,25,0.518,2.263,2.419
17061,25,0.494,2.331,2.468
17062,25,0.513,2.331,2.463
17064,25,0.474,2.283,2.444
17066,25,0.543,2.268,2.424
17071,35,0.914,2.302,2.410
17073,35,0.997,2.307,2.410
17074,35,1.134,2.322,2.410
17076,35,1.295,2.351,2.419
17077,35,1.422,2.366,2.424
17079,35,1.564,2.385,2.429
17082,35,1.720,2.410,2.439
17083,35,1.857,2.429,2.444
17085,35,1.989,2.439,2.449
17086,35,2.102,2.454,2.454
17088,35,2.224,2.463,2.458
17093,49,2.527,2.502,2.498
17095,49,2.595,2.517,2.551
17097,49,2.649,2.532,2.595
17101,49,2.698,2.551,2.639
17111,49,2.483,2.493,2.478
17118,56,2.414,2.493,2.478
17120,56,2.410,2.493,2.478
17122,56,2.410,2.493,2.478
17123,56,2.414,2.493,2.478
17126,56,2.424,2.493,2.478
17127,56,2.439,2.493,2.473
17129,56,2.463,2.493,2.473
17131,56,2.502,2.493,2.483
17132,56,2.551,2.502,2.517
17134,56,2.620,2.517,2.571
17139,57,2.893,2.590,2.810
17141,57,2.991,2.615,2.898
17143,57,3.084,2.634,2.981
17144,57,3.172,2.654,3.065
17146,57,3.260,2.669,3.143
17147,57,3.338,2.683,3.211
17152,57,3.524,2.717,3.382
17153,57,3.573,2.732,3.426
17155,57,3.622,2.742,3.470
17157,57,3.651,2.752,3.500
17162,49,3.675,2.766,3.514
17164,49,3.651,2.761,3.500
17165,49,3.607,2.747,3.456
17168,49,3.558,2.732,3.407
17169,49,3.490,2.717,3.348
17171,49,3.416,2.698,3.280
17173,49,3.333,2.678,3.201
17174,49,3.250,2.664,3.133
17176,49,3.152,2.644,3.040
17178,49,3.055,2.625,2.942
17179,49,2.952,2.605,2.859
17185,42,2.605,2.532,2.556
17186,42,2.502,2.502,2.493
17188,42,2.444,2.488,2.473
17189,42,2.410,2.483,2.468
17194,42,2.317,2.468,2.458
17195,42,2.297,2.473,2.463
17197,42,2.273,2.473,2.463
17199,42,2.263,2.478,2.463
17200,42,2.248,2.478,2.468
17202,42,2.243,2.478,2.468
17207,42,2.248,2.473,2.463
17210,42,2.253,2.468,2.458
17212,42,2.268,2.463,2.458
17213,42,2.297,2.473,2.463
17215,42,2.326,2.478,2.463
17216,42,2.356,2.483,2.468
17218,42,2.395,2.493,2.478
17220,42,2.429,2.498,2.483
17221,42,2.473,2.512,2.493
17223,42,2.507,2.517,2.498
17225,42,2.546,2.522,2.512
17230,43,2.586,2.522,2.537
17234,43,2.595,2.522,2.546
17236,43,2.615,2.532,2.561
17237,43,2.625,2.537,2.571
17239,43,2.634,2.537,2.576
17241,43,2.639,2.546,2.581
17242,43,2.644,2.546,2.586
17244,43,2.649,2.546,2.586
17246,43,2.649,2.542,2.586
17247,43,2.639,2.537,2.576
17254,41,2.620,2.532,2.561
17255,41,2.600,2.527,2.546
17257,41,2.590,2.527,2.537
17258,41,2.576,2.532,2.532
17260,41,2.561,2.527,2.517
17262,41,2.546,2.527,2.512
17263,41,2.537,2.522,2.507
17265,41,2.532,2.522,2.507
17267,41,2.527,2.517,2.502
17275,40,2.517,2.512,2.493
17276,40,2.512,2.507,2.493
17278,40,2.512,2.517,2.498
17279,40,2.512,2.517,2.498
17281,40,2.502,2.517,2.498
17283,40,2.498,2.517,2.498
17284,40,2.483,2.512,2.493
17286,40,2.468,2.507,2.488
17288,40,2.454,2.498,2.478
17289,40,2.439,2.498,2.478
17291,40,2.419,2.493,2.473
17292,40,2.405,2.488,2.468
17299,40,2.375,2.502,2.483
17300,40,2.361,2.498,2.483
17302,40,2.341,2.493,2.483
17304,40,2.336,2.493,2.483
17305,40,2.312,2.488,2.473
17307,40,2.307,2.483,2.468
17323,46,2.263,2.483,2.473
17325,46,2.263,2.478,2.468
17326,46,2.263,2.478,2.463
17328,46,2.263,2.468,2.458
17329,46,2.268,2.468,2.458
17331,46,2.273,2.468,2.458
17333,46,2.278,2.468,2.458
17334,46,2.283,2.468,2.458
17336,46,2.297,2.473,2.463
17339,46,2.307,2.478,2.468
17346,45,2.356,2.488,2.473
17347,45,2.366,2.483,2.468
17349,45,2.380,2.483,2.468
17351,45,2.390,2.478,2.463
17352,45,2.405,2.483,2.463
17354,45,2.424,2.483,2.468
17356,45,2.439,2.488,2.473
17357,45,2.463,2.493,2.478
17359,45,2.483,2.498,2.483
17367,47,2.522,2.507,2.498
17369,47,2.512,2.498,2.493
17370,47,2.502,2.493,2.483
17372,47,2.502,2.493,2.483
17373,47,2.507,2.498,2.488
17375,47,2.512,2.498,2.493
17377,47,2.512,2.502,2.493
17378,47,2.517,2.502,2.498
17381,47,2.522,2.507,2.502
17383,47,2.517,2.507,2.502
17388,46,2.517,2.502,2.493
17389,46,2.507,2.498,2.488
17391,46,2.502,2.493,2.483
17393,46,2.502,2.493,2.483
17394,46,2.507,2.498,2.488
17396,46,2.507,2.498,2.488
17398,46,2.517,2.507,2.498
17399,46,2.517,2.507,2.498
17404,46,2.517,2.507,2.498
17405,46,2.517,2.507,2.498
17411,47,2.507,2.498,2.488
17412,47,2.507,2.493,2.483
17414,47,2.502,2.498,2.488
17415,47,2.507,2.502,2.488
17417,47,2.517,2.507,2.498
17419,47,2.517,2.507,2.498
17420,47,2.522,2.512,2.502
17422,47,2.522,2.512,2.502
17425,47,2.522,2.512,2.502
17426,47,2.517,2.507,2.498
17428,47,2.517,2.502,2.493
17433,51,2.527,2.507,2.498
17435,51,2.522,2.507,2.493
17436,51,2.532,2.512,2.502
17438,51,2.537,2.517,2.507
17440,51,2.537,2.517,2.507
17444,51,2.551,2.527,2.517
17446,51,2.551,2.527,2.512
17447,51,2.556,2.522,2.512
17449,51,2.561,2.522,2.517
17450,51,2.566,2.522,2.517
17456,49,2.620,2.546,2.551
17457,49,2.620,2.546,2.561
17459,49,2.630,2.551,2.571
17461,49,2.649,2.561,2.581
17462,49,2.659,2.561,2.595
17464,49,2.674,2.561,2.600
17467,49,2.674,2.561,2.600
17468,49,2.669,2.556,2.595
17470,49,2.669,2.551,2.595
17471,49,2.664,2.551,2.590
17473,49,2.664,2.551,2.590
17478,44,2.674,2.571,2.595
17480,44,2.654,2.561,2.581
17482,44,2.649,2.561,2.581
17486,44,2.644,2.556,2.576
17488,44,2.630,2.546,2.566
17489,44,2.634,2.546,2.566
17491,44,2.620,2.537,2.556
17493,44,2.615,2.537,2.546
17494,44,2.605,2.537,2.542
17496,44,2.595,2.537,2.537
17501,44,2.576,2.556,2.532
17503,44,2.561,2.542,2.522
17504,44,2.561,2.542,2.517
17506,44,2.561,2.537,2.517
17509,44,2.556,2.532,2.507
17510,44,2.556,2.532,2.507
17512,44,2.551,2.527,2.507
17513,44,2.551,2.527,2.507
17515,44,2.556,2.532,2.512
17517,44,2.561,2.532,2.512
17518,44,2.571,2.542,2.522
17526,45,2.581,2.551,2.532
17528,45,2.561,2.532,2.512
17530,45,2.551,2.527,2.507
17531,45,2.556,2.532,2.512
17533,45,2.556,2.532,2.512
17535,45,2.556,2.532,2.512
17536,45,2.561,2.532,2.512
17538,45,2.561,2.537,2.517
17539,45,2.561,2.537,2.517
17541,45,2.566,2.537,2.522
17546,45,2.576,2.542,2.522
17548,45,2.556,2.532,2.512
17550,45,2.551,2.527,2.507
17552,45,2.551,2.527,2.507
17554,45,2.551,2.527,2.507
17555,45,2.556,2.532,2.512
17557,45,2.556,2.532,2.517
17559,45,2.561,2.537,2.517
17575,48,2.566,2.537,2.517
17579,48,2.571,2.542,2.522
17580,48,2.571,2.546,2.527
17582,48,2.576,2.546,2.527
17584,48,2.571,2.546,2.527
17585,48,2.571,2.542,2.522
17591,45,2.576,2.542,2.517
17592,45,2.561,2.532,2.512
17595,45,2.561,2.537,2.512
17596,45,2.566,2.537,2.517
17598,45,2.576,2.542,2.522
17600,45,2.571,2.542,2.522
17601,45,2.581,2.551,2.532
17603,45,2.581,2.551,2.532
17605,45,2.581,2.551,2.532
17606,45,2.576,2.546,2.527
17608,45,2.576,2.542,2.522
17609,45,2.571,2.542,2.522
17617,46,2.600,2.561,2.537
17619,46,2.581,2.551,2.527
17621,46,2.586,2.556,2.532
17622,46,2.586,2.556,2.532
17624,46,2.586,2.556,2.532
17626,46,2.581,2.551,2.532
17627,46,2.581,2.546,2.522
17629,46,2.576,2.542,2.522
17630,46,2.576,2.537,2.517
17637,44,2.600,2.561,2.532
17638,44,2.586,2.551,2.532
17640,44,2.586,2.556,2.532
17642,44,2.581,2.551,2.532
17643,44,2.590,2.556,2.537
17645,44,2.586,2.556,2.532
17647,44,2.586,2.551,2.532
17648,44,2.576,2.546,2.522
17650,44,2.576,2.542,2.517
17651,44,2.576,2.537,2.517
17659,47,2.605,2.566,2.537
17661,47,2.586,2.556,2.532
17663,47,2.586,2.556,2.532
17664,47,2.586,2.551,2.532
17666,47,2.576,2.546,2.522
17668,47,2.576,2.542,2.522
17669,47,2.576,2.542,2.522
17671,47,2.571,2.537,2.517
17672,47,2.571,2.537,2.517
17674,47,2.576,2.542,2.517
17676,47,2.576,2.546,2.522
17682,45,2.605,2.566,2.537
17684,45,2.586,2.556,2.532
17685,45,2.586,2.551,2.527
17687,45,2.581,2.546,2.527
17689,45,2.576,2.542,2.522
17690,45,2.576,2.542,2.517
17692,45,2.576,2.542,2.517
17696,45,2.581,2.546,2.522
17698,45,2.586,2.551,2.532
17699,45,2.586,2.556,2.532
17705,43,2.610,2.566,2.537
17706,43,2.586,2.551,2.532
17708,43,2.581,2.546,2.522
17710,43,2.571,2.542,2.517
17711,43,2.576,2.542,2.522
17713,43,2.576,2.546,2.522
17715,43,2.581,2.546,2.527
17716,43,2.581,2.546,2.527
17718,43,2.586,2.556,2.532
17719,43,2.586,2.551,2.532
17722,43,2.586,2.556,2.532
17727,47,2.600,2.561,2.537
17729,47,2.576,2.546,2.522
17731,47,2.576,2.537,2.517
17732,47,2.576,2.542,2.522
17737,47,2.576,2.546,2.522
17738,47,2.586,2.551,2.532
17740,47,2.581,2.551,2.527
17741,47,2.586,2.551,2.532
17743,47,2.586,2.551,2.532
17745,47,2.586,2.551,2.527
17750,44,2.590,2.551,2.527
17752,44,2.576,2.542,2.517
17753,44,2.571,2.542,2.517
17755,44,2.576,2.542,2.522
17757,44,2.576,2.546,2.522
17758,44,2.581,2.546,2.527
17760,44,2.586,2.556,2.532
17761,44,2.586,2.556,2.537
17763,44,2.590,2.556,2.537
17766,44,2.586,2.556,2.532
17767,44,2.581,2.551,2.532
17773,47,2.586,2.551,2.527
17774,47,2.576,2.542,2.522
17779,47,2.581,2.551,2.532
17780,47,2.590,2.561,2.537
17782,47,2.590,2.556,2.537
17784,47,2.590,2.561,2.537
17785,47,2.586,2.556,2.537
17787,47,2.586,2.556,2.532
17788,47,2.576,2.546,2.527
17790,47,2.576,2.542,2.522
17803,45,2.615,2.576,2.546
17808,45,2.586,2.551,2.527
17810,45,2.581,2.546,2.527
17812,45,2.576,2.542,2.522
17813,45,2.581,2.546,2.522
17818,45,2.615,2.576,2.546
17820,45,2.595,2.561,2.537
17822,45,2.595,2.566,2.542
17823,45,2.595,2.566,2.542
17825,45,2.595,2.561,2.537
17829,45,2.586,2.551,2.527
17831,45,2.576,2.546,2.522
17833,45,2.581,2.546,2.522
17834,45,2.576,2.546,2.522
17836,45,2.581,2.546,2.527
17841,46,2.615,2.576,2.551
17843,46,2.595,2.566,2.542
17844,46,2.590,2.561,2.537
17846,46,2.590,2.561,2.537
17848,46,2.576,2.542,2.522
17850,46,2.576,2.546,2.522
17852,46,2.576,2.542,2.522
17854,46,2.576,2.546,2.522
17855,46,2.576,2.546,2.522
17857,46,2.581,2.551,2.527
17858,46,2.590,2.561,2.537
17864,47,2.615,2.576,2.551
17865,47,2.590,2.561,2.537
17870,47,2.576,2.546,2.522
17871,47,2.571,2.537,2.517
17873,47,2.571,2.537,2.517
17875,47,2.576,2.542,2.522
17876,47,2.576,2.546,2.522
17878,47,2.586,2.556,2.537
17879,47,2.581,2.556,2.537
17885,44,2.600,2.566,2.542
17886,44,2.576,2.551,2.527
17888,44,2.571,2.537,2.522
17890,44,2.566,2.537,2.512
17891,44,2.561,2.537,2.512
17894,44,2.561,2.537,2.512
17896,44,2.571,2.537,2.517
17897,44,2.571,2.542,2.522
17899,44,2.581,2.551,2.532
17900,44,2.581,2.556,2.537
17902,44,2.586,2.556,2.537
17910,46,2.571,2.542,2.517
17912,46,2.551,2.527,2.507
17913,46,2.551,2.527,2.507
17915,46,2.556,2.532,2.512
17917,46,2.556,2.532,2.512
17918,46,2.571,2.546,2.527
17920,46,2.571,2.546,2.532
17921,46,2.571,2.551,2.532
17923,46,2.571,2.551,2.532
17925,46,2.566,2.542,2.522
17930,45,2.561,2.532,2.512
17932,45,2.537,2.517,2.498
17933,45,2.542,2.517,2.502
17936,45,2.546,2.522,2.507
17938,45,2.546,2.527,2.512
17939,45,2.556,2.537,2.517
17941,45,2.566,2.542,2.527
17942,45,2.561,2.542,2.527
17944,45,2.561,2.537,2.527
17948,45,2.537,2.517,2.502
17954,45,2.537,2.517,2.502
17955,45,2.527,2.512,2.498
17957,45,2.532,2.517,2.502
17959,45,2.537,2.522,2.512
17960,45,2.542,2.527,2.517
17962,45,2.542,2.527,2.517
17963,45,2.537,2.522,2.512
17965,45,2.532,2.517,2.507
17967,45,2.527,2.512,2.502
17968,45,2.517,2.502,2.493
17970,45,2.512,2.498,2.483
17975,45,2.522,2.507,2.493
17978,45,2.517,2.507,2.498
17980,45,2.527,2.512,2.502
17981,45,2.537,2.522,2.512
17983,45,2.537,2.522,2.512
17984,45,2.532,2.522,2.512
18000,49,2.537,2.527,2.512
18002,49,2.527,2.522,2.507
18004,49,2.522,2.517,2.507
18005,49,2.517,2.517,2.502
18007,49,2.507,2.507,2.493
18008,49,2.502,2.498,2.488
18010,49,2.493,2.493,2.478
18012,49,2.493,2.493,2.478
18013,49,2.493,2.493,2.478
18015,49,2.502,2.498,2.483
18021,45,2.532,2.527,2.507
18023,45,2.517,2.517,2.507
18025,45,2.517,2.517,2.502
18026,45,2.512,2.512,2.498
18028,45,2.502,2.502,2.488
18029,45,2.498,2.498,2.483
18031,45,2.493,2.493,2.478
18035,45,2.502,2.493,
18045,49,2.537,2.522,2.507
18047,49,2.522,2.512,2.498
18048,49,2.512,2.498,2.493
18050,49,2.507,2.493,2.483
18052,49,2.507,2.493,2.483
18053,49,2.507,2.498,2.488
18055,49,2.512,2.502,2.493
18057,49,2.517,2.507,2.498
18058,49,2.527,2.517,2.507
18060,49,2.537,2.522,2.512
18061,49,2.532,2.522,2.512
18068,48,2.522,2.512,2.498
18069,48,2.512,2.502,2.493
18071,48,2.507,2.493,2.483
18073,48,2.502,2.493,2.483
18074,48,2.507,2.498,2.488
18076,48,2.512,2.502,2.488
18078,48,2.517,2.507,2.498
18079,48,2.517,2.507,2.498
18084,48,2.522,2.512,2.502
18089,49,2.517,2.502,2.493
18090,49,2.507,2.493,2.483
18092,49,2.507,2.498,2.488
18094,49,2.507,2.498,2.488
18095,49,2.512,2.502,2.493
18097,49,2.517,2.502,2.498
18099,49,2.517,2.507,2.498
18100,49,2.522,2.512,2.502
18102,49,2.527,2.512,2.502
18103,49,2.522,2.512,2.502
18106,49,2.517,2.507,2.498
18108,49,2.517,2.502,2.493
18113,49,2.512,2.502,2.488
18115,49,2.507,2.498,2.488
18116,49,2.512,2.502,2.493
18118,49,2.517,2.507,2.498
18120,49,2.517,2.507,2.498
18124,49,2.522,2.512,2.502
18125,49,2.517,2.507,2.498
18127,49,2.517,2.502,2.493
18129,49,2.512,2.502,2.493
18134,50,2.517,2.502,2.493
18136,50,2.512,2.502,2.493
18137,50,2.517,2.507,2.498
18139,50,2.517,2.507,2.498
18141,50,2.522,2.512,2.502
18142,50,2.522,2.512,2.502
18144,50,2.522,2.512,2.502
18145,50,2.517,2.507,2.498
18147,50,2.517,2.502,2.493
18150,50,2.512,2.502,2.493
18151,50,2.507,2.498,2.488
18153,50,2.507,2.498,2.488
18158,46,2.527,2.512,2.502
18160,46,2.522,2.512,2.502
18164,46,2.522,2.512,2.502
18166,46,2.517,2.507,2.498
18167,46,2.517,2.502,2.493
18169,46,2.512,2.502,2.493
18171,46,2.507,2.498,2.488
18172,46,2.507,2.498,2.488
18174,46,2.507,2.498,2.488
18179,49,2.527,2.512,2.502
18181,49,2.522,2.512,2.502
18183,49,2.522,2.512,2.502
18184,49,2.522,2.507,2.502
18186,49,2.517,2.507,2.498
18187,49,2.512,2.502,2.493
18189,49,2.512,2.498,2.493
18192,49,2.507,2.498,2.488
18193,49,2.512,2.498,2.488
18195,49,2.512,2.498,2.488
18197,49,2.512,2.502,2.493
18198,49,2.522,2.507,2.498
18206,48,2.522,2.512,2.498
18208,48,2.512,2.502,2.493
18209,48,2.507,2.502,2.493
18211,48,2.512,2.498,2.488
18213,48,2.507,2.498,2.488
18214,48,2.507,2.498,2.488
18216,48,2.512,2.502,2.493
18218,48,2.517,2.507,2.498
18219,48,2.517,2.507,2.498
18225,46,2.522,2.512,2.498
18226,46,2.517,2.507,2.498
18228,46,2.512,2.498,2.493
18229,46,2.507,2.498,2.488
18231,46,2.507,2.498,2.488
18234,46,2.507,2.498,2.488
18235,46,2.512,2.502,2.493
18237,46,2.512,2.502,2.493
18239,46,2.517,2.507,2.498
18243,46,2.522,2.507,2.502
18248,47,2.517,2.502,2.493
18250,47,2.512,2.498,2.488
18251,47,2.507,2.498,2.488
18253,47,2.507,2.498,2.488
18255,47,2.507,2.498,2.488
18256,47,2.512,2.502,2.493
18270,48,2.512,2.502,2.488
18274,48,2.507,2.498,2.488
18275,48,2.512,2.502,2.493
18278,48,2.517,2.507,2.498
18279,48,2.517,2.507,2.498
18281,48,2.527,2.517,2.507
18283,48,2.527,2.517,2.507
18284,48,2.527,2.517,2.507
18286,48,2.522,2.507,2.502
18288,48,2.517,2.502,2.493
18293,49,2.512,2.498,2.488
18297,49,2.517,2.502,2.498
18299,49,2.522,2.507,2.498
18301,49,2.527,2.517,2.507
18302,49,2.527,2.517,2.507
18304,49,2.527,2.517,2.507
18305,49,2.522,2.512,2.502
18307,49,2.517,2.507,2.498
18309,49,2.507,2.498,2.488
18310,49,2.502,2.493,2.483
18316,49,2.517,2.507,2.493
18317,49,2.522,2.507,2.502
18320,49,2.522,2.507,2.502
18321,49,2.532,2.517,2.507
18323,49,2.527,2.517,2.507
18325,49,2.527,2.517,2.507
18326,49,2.522,2.507,2.498
18328,49,2.512,2.502,2.493
18330,49,2.512,2.502,2.493
18334,49,2.507,2.498,2.488
18339,50,2.527,2.517,2.502
18341,50,2.532,2.517,2.507
18343,50,2.532,2.517,2.507
18344,50,2.527,2.512,2.507
18346,50,2.522,2.507,2.498
18347,50,2.512,2.502,2.493
18349,50,2.512,2.498,2.493
18351,50,2.507,2.493,2.483
18352,50,2.507,2.498,2.488
18354,50,2.517,2.498,2.493
18356,50,2.532,2.507,2.502
18362,48,2.537,2.522,2.512
18363,48,2.517,2.512,2.502
18365,48,2.522,2.512,2.502
18367,48,2.517,2.507,2.498
18368,48,2.507,2.498,2.488
18370,48,2.512,2.498,2.488
18372,48,2.507,2.498,2.488
18376,48,2.517,2.502,2.493
18378,48,2.517,2.507,2.498
18383,47,2.532,2.517,2.507
18384,47,2.527,2.512,2.507
18386,47,2.517,2.507,2.498
18388,47,2.512,2.498,2.493
18389,47,2.512,2.498,2.488
18391,47,2.507,2.498,2.488
18393,47,2.507,2.498,2.488
18394,47,2.512,2.502,2.493
18396,47,2.517,2.507,2.498
18398,47,2.522,2.512,2.502
18399,47,2.522,2.517,2.502
18401,47,2.527,2.517,2.507
18407,48,2.522,2.512,2.498
18409,48,2.507,2.498,2.488
18410,48,2.507,2.498,2.488
18412,48,2.507,2.498,2.488
18416,48,2.517,2.502,2.498
18418,48,2.522,2.512,2.502
18420,48,2.522,2.512,2.502
18421,48,2.527,2.517,2.507
18423,48,2.522,2.512,2.502
18428,47,2.512,2.502,2.488
18430,47,2.507,2.498,2.488
18431,47,2.507,2.498,2.488
18433,47,2.507,2.498,2.488
18435,47,2.507,2.498,2.488
18436,47,2.512,2.502,2.493
18438,47,2.522,2.512,2.502
18440,47,2.527,2.517,2.507
18441,47,2.532,2.517,2.507
18443,47,2.527,2.517,2.507
18444,47,2.522,2.512,2.502
18446,47,2.522,2.507,2.498
18452,46,2.512,2.498,2.488
18457,46,2.517,2.502,2.498
18458,46,2.522,2.512,2.502
18460,46,2.522,2.512,2.502
18462,46,2.527,2.512,2.507
18463,46,2.522,2.512,2.502
18465,46,2.522,2.507,2.502
18466,46,2.517,2.507,2.498
18468,46,2.507,2.498,2.488
18473,47,2.517,2.502,2.493
18475,47,2.512,2.502,2.493
18477,47,2.517,2.502,2.498
18478,47,2.522,2.512,2.502
18480,47,2.527,2.517,2.507
18482,47,2.522,2.512,2.502
18483,47,2.522,2.512,2.502
18485,47,2.517,2.507,2.498
18499,46,2.527,2.517,2.502
18503,46,2.522,2.512,2.502
18505,46,2.522,2.512,2.502
18509,46,2.507,2.498,2.488
18511,46,2.502,2.493,2.483
18512,46,2.507,2.498,2.483
18514,46,2.507,2.498,2.488
18519,46,2.522,2.512,2.502
18521,46,2.522,2.517,2.507
18522,46,2.522,2.512,2.502
18524,46,2.522,2.512,2.502
18526,46,2.517,2.507,2.498
18527,46,2.512,2.502,2.493
18529,46,2.507,2.502,2.493
18530,46,2.502,2.493,2.483
18533,46,2.507,2.498,2.488
18535,46,2.512,2.498,2.488
18536,46,2.517,2.502,2.493
18542,46,2.532,2.517,2.507
18543,46,2.522,2.512,2.502
18545,46,2.522,2.507,2.502
18549,46,2.512,2.498,2.493
18551,46,2.507,2.493,2.483
18553,46,2.507,2.498,2.488
18554,46,2.512,2.498,2.488
18556,46,2.517,2.502,2.493
18557,46,2.517,2.507,2.498
18559,46,2.517,2.507,2.498
18564,47,2.527,2.512,2.502
18566,47,2.517,2.502,2.498
18568,47,2.507,2.498,2.488
18569,47,2.507,2.498,2.488
18571,47,2.507,2.498,2.488
18573,47,2.507,2.498,2.488
18574,47,2.507,2.502,2.493
18577,47,2.512,2.502,2.493
18578,47,2.517,2.507,2.498
18580,47,2.517,2.507,2.498
18582,47,2.517,2.507,2.498
18590,50,2.512,2.502,2.493
18591,50,2.507,2.498,2.488
18593,50,2.507,2.498,2.488
18595,50,2.512,2.498,2.493
18596,50,2.512,2.502,2.493
18598,50,2.517,2.507,2.498
18599,50,2.517,2.502,2.498
18601,50,2.517,2.502,2.498
18603,50,2.512,2.502,2.493
18604,50,2.512,2.502,2.493
18610,47,2.507,2.498,2.488
18611,47,2.507,2.498,2.488
18613,47,2.507,2.498,2.488
18615,47,2.512,2.502,2.493
18616,47,2.512,2.502,2.493
18619,47,2.517,2.502,2.498
18620,47,2.517,2.502,2.498
18622,47,2.512,2.502,2.493
18626,47,2.507,2.498,2.493
18628,47,2.507,2.498,2.488
18633,48,2.512,2.502,2.493
18635,48,2.507,2.502,2.493
18637,48,2.512,2.502,2.493
18638,48,2.512,2.502,2.498
18640,48,2.512,2.502,2.498
18641,48,2.512,2.502,2.493
18643,48,2.512,2.502,2.493
18645,48,2.512,2.502,2.493
18646,48,2.507,2.502,2.493
18648,48,2.507,2.498,2.488
18650,48,2.507,2.498,2.488
18655,46,2.517,2.502,2.493
18657,46,2.512,2.502,2.493
18658,46,2.512,2.502,2.493
18661,46,2.512,2.502,2.498
18662,46,2.512,2.502,2.493
18664,46,2.512,2.502,2.493
18680,46,2.517,2.502,2.498
18682,46,2.512,2.502,2.493
18683,46,2.507,2.502,2.493
18685,46,2.507,2.498,2.488
18686,46,2.507,2.498,2.493
18688,46,2.507,2.498,2.488
18690,46,2.507,2.498,2.488
18691,46,2.507,2.498,2.493
18693,46,2.507,2.498,2.493
18695,46,2.507,2.498,2.493
18700,47,2.517,2.502,2.498
18702,47,2.512,2.498,2.493
18704,47,2.507,2.498,2.493
18706,47,2.507,2.498,2.488
18708,47,2.507,2.498,2.488
18709,47,2.507,2.498,2.488
18711,47,2.507,2.498,2.488
18712,47,2.507,2.498,2.493
18717,47,2.507,2.502,2.493
18718,47,2.512,2.502,2.493
18724,50,2.512,2.502,2.493
18725,50,2.507,2.498,2.493
18727,50,2.507,2.498,2.488
18729,50,2.507,2.498,2.488
18738,50,2.512,2.502,2.493
18747,46,2.507,2.502,2.493
18748,46,2.502,2.498,2.488
18750,46,2.502,2.498,2.488
18752,46,2.502,2.498,2.488
18753,46,2.502,2.498,2.488
18755,46,2.502,2.498,2.488
18757,46,2.502,2.498,2.488
18758,46,2.502,2.502,2.493
18760,46,2.502,2.502,2.488
18761,46,2.502,2.498,2.488
18763,46,2.502,2.498,2.488
18771,49,2.512,2.502,2.493
18773,49,2.507,2.498,2.488
18774,49,2.507,2.498,2.493
18776,49,2.507,2.502,2.493
18778,49,2.512,2.502,2.493
18779,49,2.512,2.502,2.493
18781,49,2.512,2.502,2.493
18783,49,2.512,2.498,2.493
18784,49,2.507,2.498,2.493
18786,49,2.507,2.498,2.488
18792,47,2.512,2.502,2.493
18794,47,2.507,2.498,2.493
18795,47,2.507,2.502,2.493
18797,47,2.507,2.502,2.493
18799,47,2.512,2.502,2.493
18800,47,2.512,2.502,2.493
18802,47,2.507,2.502,2.493
18803,47,2.507,2.502,2.493
18805,47,2.507,2.498,2.493
18813,50,2.512,2.502,2.493
18815,50,2.512,2.502,2.493
18816,50,2.507,2.498,2.493
18818,50,2.512,2.502,2.498
18820,50,2.512,2.502,2.493
18821,50,2.512,2.502,2.493
18823,50,2.512,2.502,2.493
18824,50,2.512,2.502,2.493
18826,50,2.507,2.498,2.493
18828,50,2.507,2.498,2.488
18829,50,2.507,2.498,2.488
18836,48,2.517,2.502,2.493
18837,48,2.512,2.502,2.493
18839,48,2.512,2.502,2.493
18841,48,2.512,2.502,2.493
18842,48,2.512,2.502,2.493
18844,48,2.512,2.502,2.493
18845,48,2.507,2.502,2.493
18850,48,2.507,2.498,2.488
18851,48,2.507,2.498,2.488
18853,48,2.507,2.498,2.493
18858,49,2.517,2.507,2.498
18860,49,2.517,2.502,2.498
18862,49,2.512,2.502,2.493
18863,49,2.512,2.502,2.493
18865,49,2.512,2.502,2.493
18867,49,2.507,2.498,2.493
18868,49,2.507,2.498,2.488
18870,49,2.507,2.498,2.488
18871,49,2.507,2.498,2.488
18874,49,2.507,2.498,2.493
18876,49,2.512,2.498,2.493
18881,47,2.517,2.507,2.498
18883,47,2.512,2.502,2.498
18884,47,2.512,2.502,2.493
18886,47,2.512,2.502,2.493
18890,47,2.507,2.498,2.488
18892,47,2.507,2.498,2.493
18894,47,2.507,2.498,2.493
18895,47,2.512,2.498,2.493
18897,47,2.512,2.502,2.493
18898,47,2.517,2.502,2.498
18904,46,2.517,2.502,2.493
18905,46,2.507,2.498,2.493
18907,46,2.507,2.498,2.488
18909,46,2.507,2.498,2.488
18910,46,2.507,2.498,2.488
18912,46,2.507,2.498,2.488
18914,46,2.507,2.498,2.493
18915,46,2.512,2.502,2.493
18918,46,2.512,2.502,2.493
18919,46,2.512,2.502,2.493
18921,46,2.517,2.502,2.498
18926,47,2.512,2.502,2.493
18931,47,2.507,2.498,2.488
18932,47,2.507,2.498,2.488
18934,47,2.507,2.498,2.493
18936,47,2.507,2.502,2.493
18937,47,2.512,2.502,2.493
18939,47,2.512,2.502,2.493
18940,47,2.512,2.507,2.498
18942,47,2.512,2.502,2.493
18944,47,2.512,2.502,2.493
18949,50,2.512,2.502,2.493
18951,50,2.507,2.498,2.488
18952,50,2.507,2.498,2.488
18954,50,2.507,2.498,2.488
18956,50,2.512,2.502,2.493
18957,50,2.512,2.502,2.493
18971,47,2.512,2.502,2.493
18975,47,2.512,2.502,2.493
18977,47,2.512,2.502,2.493
18979,47,2.512,2.502,2.498
18983,47,2.512,2.502,2.493
18985,47,2.512,2.502,2.493
18986,47,2.512,2.498,2.493
18988,47,2.507,2.498,2.488
18989,47,2.507,2.498,2.488
18995,46,2.517,2.502,2.493
18996,46,2.512,2.502,2.493
18998,46,2.517,2.502,2.498
19000,46,2.517,2.507,2.498
19002,46,2.512,2.502,2.493
19004,46,2.512,2.502,2.493
19006,46,2.512,2.502,2.493
19007,46,2.512,2.498,2.493
19009,46,2.507,2.498,2.488
19010,46,2.507,2.498,2.488
19012,46,2.507,2.498,2.488
19017,48,2.517,2.502,2.498
19019,48,2.512,2.502,2.493
19023,48,2.517,2.502,2.498
19025,48,2.512,2.498,2.493
19027,48,2.512,2.502,2.493
19028,48,2.507,2.498,2.488
19030,48,2.507,2.498,2.488
19031,48,2.507,2.498,2.488
19033,48,2.507,2.498,2.488
19035,48,2.507,2.498,2.493
19040,48,2.517,2.507,2.498
19042,48,2.512,2.502,2.493
19043,48,2.512,2.502,2.493
19046,48,2.512,2.502,2.493
19048,48,2.507,2.498,2.488
19049,48,2.507,2.498,2.488
19051,48,2.507,2.498,2.488
19052,48,2.507,2.498,2.488
19054,48,2.507,2.498,2.493
19056,48,2.512,2.502,2.493
19064,47,2.517,2.502,2.498
19065,47,2.512,2.502,2.493
19067,47,2.507,2.498,2.493
19069,47,2.507,2.498,2.488
19070,47,2.507,2.498,2.488
19072,47,2.507,2.498,2.488
19074,47,2.512,2.498,2.493
19075,47,2.512,2.502,2.493
19077,47,2.512,2.502,2.493
19078,47,2.517,2.502,2.498
19084,46,2.517,2.502,2.498
19085,46,2.512,2.502,2.493
19088,46,2.507,2.498,2.493
19090,46,2.512,2.498,2.493
19091,46,2.507,2.498,2.488
19093,46,2.512,2.498,2.493
19095,46,2.517,2.502,2.493
19096,46,2.517,2.502,2.493
19098,46,2.517,2.502,2.498
19102,46,2.512,2.502,2.493
19107,48,2.517,2.502,2.493
19109,48,2.507,2.498,2.493
19111,48,2.507,2.498,2.488
19112,48,2.507,2.498,2.493
19114,48,2.507,2.498,2.493
19116,48,2.512,2.502,2.493
19117,48,2.512,2.502,2.493
19119,48,2.512,2.502,2.493
19120,48,2.517,2.502,2.498
19122,48,2.512,2.502,2.493
19124,48,2.512,2.502,2.493
19130,46,2.512,2.502,2.493
19132,46,2.507,2.498,2.488
19133,46,2.507,2.498,2.488
19135,46,2.507,2.498,2.488
19137,46,2.512,2.502,2.493
19138,46,2.512,2.502,2.493
19143,46,2.512,2.502,2.493
19144,46,2.512,2.502,2.493
19146,46,2.512,2.502,2.493
19147,46,2.507,2.498,2.488
19153,46,2.512,2.502,2.493
19154,46,2.507,2.498,2.493
19156,46,2.507,2.502,2.493
19158,46,2.512,2.502,2.493
19159,46,2.512,2.502,2.493
19161,46,2.512,2.502,2.498
19162,46,2.512,2.502,2.493
19164,46,2.512,2.502,2.493
19166,46,2.512,2.502,2.493
19167,46,2.507,2.498,2.488
19169,46,2.507,2.498,2.493
19175,47,2.512,2.502,2.493
19177,47,2.512,2.498,2.493
19179,47,2.512,2.502,2.493
19183,47,2.512,2.502,2.493
19185,47,2.512,2.502,2.493
19186,47,2.507,2.498,2.493
19188,47,2.507,2.498,2.488
19189,47,2.507,2.498,2.488
19203,47,2.512,2.502,2.493
19207,47,2.512,2.498,2.493
19208,47,2.507,2.498,2.488
19210,47,2.502,2.498,2.488
19212,47,2.507,2.498,2.488
19213,47,2.507,2.498,2.488
19216,47,2.507,2.502,2.493
19221,46,2.517,2.507,2.498
19223,46,2.512,2.502,2.493
19224,46,2.512,2.502,2.493
19226,46,2.512,2.498,2.493
19228,46,2.507,2.498,2.493
19229,46,2.507,2.498,2.493
19234,46,2.507,2.498,2.488
19235,46,2.512,2.502,2.493
19237,46,2.512,2.502,2.493
19238,46,2.512,2.502,2.493
19244,47,2.517,2.502,2.493
19245,47,2.512,2.498,2.493
19247,47,2.507,2.498,2.493
19249,47,2.507,2.498,2.488
19250,47,2.507,2.498,2.488
19252,47,2.507,2.498,2.488
19254,47,2.507,2.498,2.488
19255,47,2.512,2.502,2.493
19258,47,2.512,2.502,2.493
19259,47,2.512,2.502,2.493
19261,47,2.517,2.502,2.498
19266,48,2.517,2.502,2.493
19268,48,2.507,2.498,2.488
19270,48,2.507,2.498,2.493
19271,48,2.507,2.498,2.488
19276,48,2.507,2.498,2.493
19277,48,2.512,2.498,2.493
19279,48,2.512,2.502,2.493
19281,48,2.512,2.502,2.493
19282,48,2.512,2.502,2.493
19284,48,2.512,2.502,2.493
19289,48,2.512,2.502,2.493
19291,48,2.507,2.498,2.488
19292,48,2.507,2.498,2.488
19294,48,2.507,2.498,2.488
19296,48,2.507,2.498,2.493
19297,48,2.512,2.502,2.493
19299,48,2.512,2.502,2.493
19301,48,2.512,2.502,2.498
19303,48,2.512,2.502,2.493
19305,48,2.512,2.502,2.493
19306,48,2.507,2.498,2.493
19312,48,2.507,2.498,2.488
19316,48,2.512,2.502,2.493
19318,48,2.512,2.502,2.493
19319,48,2.512,2.502,2.493
19321,48,2.512,2.502,2.498
19322,48,2.512,2.502,2.493
19324,48,2.512,2.502,2.493
19326,48,2.507,2.498,2.493
19327,48,2.507,2.498,2.488
19329,48,2.507,2.498,2.488
19334,50,2.512,2.502,2.493
19336,50,2.512,2.502,2.493
19338,50,2.512,2.502,2.493
19339,50,2.512,2.502,2.493
19341,50,2.517,2.502,2.498
19342,50,2.512,2.502,2.493
19345,50,2.517,2.502,2.493
19347,50,2.512,2.502,2.498
19348,50,2.507,2.498,2.493
19364,47,2.522,2.507,2.502
19366,47,2.512,2.502,2.498
19367,47,2.507,2.498,2.493
19369,47,2.507,2.498,2.488
19371,47,2.502,2.493,2.483
19372,47,2.502,2.493,2.483
19374,47,2.502,2.498,2.488
19379,47,2.517,2.507,2.498
19381,47,2.517,2.507,2.498
19383,47,2.517,2.507,2.498
19384,47,2.517,2.507,2.498
19387,47,2.512,2.502,2.498
19388,47,2.507,2.498,2.493
19390,47,2.507,2.498,2.488
19392,47,2.502,2.493,2.488
19393,47,2.502,2.493,2.483
19395,47,2.507,2.498,2.488
19397,47,2.507,2.498,2.488
19402,45,2.522,2.507,2.502
19406,45,2.512,2.502,2.493
19408,45,2.507,2.498,2.488
19410,45,2.507,2.498,2.488
19411,45,2.507,2.498,2.488
19413,45,2.507,2.498,2.488
19414,45,2.507,2.498,2.488
19416,45,2.507,2.498,2.493
19418,45,2.512,2.502,2.498
19419,45,2.512,2.502,2.493
19425,49,2.517,2.507,2.498
19426,49,2.512,2.502,2.493
19429,49,2.507,2.498,2.488
19431,49,2.507,2.498,2.488
19440,49,2.517,2.502,2.498
19448,47,2.512,2.502,2.493
19449,47,2.507,2.498,2.493
19451,47,2.507,2.498,2.488
19453,47,2.507,2.493,2.488
19457,47,2.512,2.502,2.493
19459,47,2.517,2.502,2.498
19460,47,2.517,2.507,2.498
19462,47,2.517,2.507,2.498
19464,47,2.517,2.507,2.498
19469,48,2.517,2.502,2.493
19472,48,2.502,2.498,2.488
19473,48,2.502,2.498,2.488
19475,48,2.507,2.493,2.488
19476,48,2.507,2.498,2.493
19478,48,2.512,2.502,2.493
19480,48,2.512,2.502,2.493
19481,48,2.517,2.507,2.498
19483,48,2.517,2.507,2.498
19485,48,2.517,2.507,2.498
19486,48,2.512,2.502,2.498
19488,48,2.512,2.498,2.493
19493,50,2.512,2.498,2.488
19497,50,2.512,2.502,2.493
19499,50,2.517,2.502,2.498
19501,50,2.517,2.507,2.498
19502,50,2.517,2.507,2.498
19504,50,2.517,2.507,2.498
19506,50,2.517,2.502,2.498
19507,50,2.512,2.502,2.493
19509,50,2.507,2.498,2.493
19515,49,2.512,2.498,2.493
19517,49,2.507,2.498,2.493
19518,49,2.512,2.502,2.493
19520,49,2.512,2.502,2.493
19522,49,2.517,2.507,2.498
19523,49,2.517,2.507,2.498
19525,49,2.517,2.507,2.498
19527,49,2.512,2.502,2.493
19528,49,2.507,2.498,2.488
19530,49,2.507,2.498,2.488
19538,45,2.517,2.507,2.498
19539,45,2.512,2.502,2.493
19541,45,2.517,2.507,2.498
19543,45,2.517,2.507,2.498
19544,45,2.517,2.507,2.498
19546,45,2.512,2.502,2.493
19548,45,2.507,2.498,2.493
19549,45,2.507,2.498,2.488
19551,45,2.507,2.498,2.488
19552,45,2.507,2.498,2.488
19554,45,2.507,2.498,2.488
19560,48,2.522,2.507,2.502
19562,48,2.517,2.507,2.498
19564,48,2.517,2.507,2.498
19565,48,2.517,2.507,2.498
19567,48,2.517,2.502,2.498
19569,48,2.512,2.502,2.493
19570,48,2.512,2.498,2.493
19572,48,2.507,2.498,2.488
19576,48,2.512,2.502,2.493
19578,48,2.517,2.502,2.493
19583,44,2.522,2.502,2.498
19585,44,2.522,2.502,2.498
19586,44,2.522,2.502,2.498
19588,44,2.517,2.498,2.493
19590,44,2.517,2.498,2.493
19591,44,2.517,2.502,2.493
19593,44,2.512,2.498,2.493
19595,44,2.512,2.498,2.493
19596,44,2.512,2.502,2.493
19598,44,2.512,2.502,2.493
19600,44,2.512,2.502,2.493
19606,45,2.522,2.507,2.498
19607,45,2.517,2.502,2.493
19609,45,2.517,2.502,2.493
19611,45,2.512,2.498,2.488
19612,45,2.507,2.498,2.488
19617,45,2.512,2.502,2.493
19618,45,2.517,2.502,2.498
19620,45,2.517,2.502,2.498
19621,45,2.517,2.507,2.498
19623,45,2.517,2.507,2.498
19628,48,2.517,2.502,2.493
19630,48,2.507,2.498,2.488
19632,48,2.507,2.498,2.488
19633,48,2.512,2.498,2.493
19635,48,2.512,2.502,2.493
19637,48,2.517,2.502,2.493
19638,48,2.522,2.507,2.502
19640,48,2.522,2.507,2.498
19642,48,2.517,2.502,2.498
19644,48,2.517,2.502,2.498
19646,48,2.512,2.498,2.493
19651,48,2.517,2.502,2.493
19653,48,2.512,2.502,2.493
19657,48,2.517,2.502,2.493
19659,48,2.517,2.502,2.498
19660,48,2.517,2.507,2.498
19662,48,2.517,2.502,2.493
19675,45,2.517,2.502,2.493
19679,45,2.517,2.502,2.493
19681,45,2.517,2.507,2.498
19682,45,2.517,2.507,2.498
19685,45,2.517,2.502,2.498
19687,45,2.517,2.502,2.493
19688,45,2.512,2.502,2.493
19690,45,2.512,2.502,2.493
19691,45,2.512,2.498,2.488
19697,49,2.517,2.502,2.493
19698,49,2.517,2.502,2.498
19700,49,2.517,2.507,2.498
19702,49,2.517,2.507,2.498
19703,49,2.517,2.507,2.498
19705,49,2.517,2.507,2.498
19709,49,2.512,2.502,2.493
19711,49,2.512,2.498,2.493
19713,49,2.512,2.498,2.493
19718,51,2.522,2.507,2.498
19719,51,2.517,2.502,2.498
19721,51,2.517,2.507,2.498
19723,51,2.517,2.507,2.498
19724,51,2.512,2.502,2.493
19726,51,2.512,2.502,2.493
19729,51,2.512,2.502,2.493
19730,51,2.512,2.502,2.493
19732,51,2.512,2.502,2.493
19733,51,2.512,2.502,2.493
19735,51,2.512,2.502,2.493
19737,51,2.512,2.502,2.493
19742,47,2.522,2.507,2.498
19744,47,2.512,2.502,2.493
19745,47,2.512,2.502,2.493
19750,47,2.512,2.498,2.493
19751,47,2.512,2.502,2.493
19753,47,2.517,2.502,2.493
19755,47,2.512,2.502,2.493
19756,47,2.517,2.502,2.493
19758,47,2.517,2.502,2.498
19763,47,2.522,2.507,2.498
19765,47,2.517,2.502,2.493
19766,47,2.517,2.502,2.493
19768,47,2.507,2.498,2.493
19771,47,2.512,2.498,2.493
19772,47,2.507,2.498,2.488
19774,47,2.507,2.498,2.488
19775,47,2.507,2.498,2.493
19777,47,2.512,2.502,2.493
19779,47,2.517,2.507,2.498
19780,47,2.517,2.507,2.498
19782,47,2.517,2.507,2.498
19790,46,2.512,2.502,2.493
19792,46,2.507,2.498,2.488
19793,46,2.507,2.498,2.488
19795,46,2.507,2.498,2.493
19797,46,2.512,2.502,2.493
19798,46,2.517,2.507,2.498
19800,46,2.517,2.507,2.498
19801,46,2.517,2.507,2.498
19803,46,2.517,2.502,2.498
19808,48,2.517,2.502,2.493
19810,48,2.507,2.498,2.488
19813,48,2.507,2.498,2.488
19814,48,2.512,2.498,2.493
19816,48,2.512,2.502,2.493
19818,48,2.517,2.502,2.498
19819,48,2.522,2.507,2.498
19821,48,2.527,2.507,2.502
19822,48,2.532,2.507,2.507
19827,48,2.537,2.507,2.507
19832,45,2.556,2.507,2.517
19834,45,2.561,2.507,2.522
19835,45,2.561,2.512,2.527
19837,45,2.566,2.512,2.532
19839,45,2.571,2.517,2.532
19840,45,2.576,2.517,2.537
19842,45,2.586,2.522,2.546
19843,45,2.595,2.522,2.556
19845,45,2.610,2.522,2.566
19847,45,2.620,2.532,2.576
19848,45,2.620,2.522,2.576
19854,50,2.639,2.527,2.590
19856,50,2.649,2.532,2.595
19858,50,2.654,2.532,2.600
19860,50,2.659,2.537,2.605
19861,50,2.664,2.537,2.615
19863,50,2.664,2.537,2.615
19864,50,2.669,2.537,2.615
19869,50,2.659,2.532,2.610
19870,50,2.659,2.532,2.605
19872,50,2.654,2.532,2.605
19877,43,2.649,2.532,2.595
19879,43,2.639,2.532,2.590
19881,43,2.634,2.532,2.586
19882,43,2.625,2.532,2.576
19884,43,2.610,2.522,2.566
19885,43,2.595,2.517,2.551
19887,43,2.576,2.512,2.537
19889,43,2.561,2.507,2.522
19890,43,2.542,2.502,2.512
19905,45,2.517,2.502,2.498
19909,45,2.507,2.498,2.488
19910,45,2.507,2.498,2.488
19912,45,2.502,2.498,2.488
19913,45,2.502,2.498,2.488
19915,45,2.507,2.498,2.493
19923,39,2.512,2.502,2.498
19925,39,2.507,2.502,2.493
19926,39,2.507,2.498,2.493
19928,39,2.502,2.498,2.488
19930,39,2.502,2.493,2.488
19931,39,2.502,2.498,2.488
19933,39,2.502,2.498,2.488
19935,39,2.502,2.498,2.488
19936,39,2.502,2.498,2.488
19938,39,2.502,2.502,2.493
19939,39,2.498,2.502,2.488
19946,42,2.483,2.498,2.483
19947,42,2.468,2.493,2.478
19949,42,2.458,2.488,2.473
19951,42,2.444,2.483,2.468
19952,42,2.439,2.488,2.468
19954,42,2.424,2.483,2.468
19956,42,2.414,2.488,2.468
19960,42,2.366,2.483,2.468
19962,42,2.346,2.483,2.468
19967,44,2.278,2.468,2.463
19968,44,2.248,2.463,2.458
19970,44,2.219,2.458,2.454
19972,44,2.199,2.458,2.454
19973,44,2.170,2.454,2.454
19975,44,2.160,2.454,2.454
19977,44,2.126,2.444,2.454
19978,44,2.121,2.454,2.454
19980,44,2.092,2.449,2.454
19981,44,2.087,2.449,2.454
19984,44,2.067,2.444,2.449
19986,44,2.063,2.444,2.449
19991,49,2.048,2.439,2.444
19993,49,2.058,2.439,2.444
19994,49,2.067,2.439,2.444
19996,49,2.072,2.444,2.449
19998,49,2.092,2.444,2.449
20002,49,2.151,2.454,2.458
20004,49,2.175,2.458,2.458
20005,49,2.204,2.463,2.458
20007,49,2.234,2.463,2.458
20012,50,2.351,2.478,2.463
20014,50,2.380,2.483,2.468
20015,50,2.424,2.488,2.473
20017,50,2.458,2.493,2.478
20019,50,2.493,2.498,2.488
20020,50,2.527,2.507,2.502
20022,50,2.561,2.512,2.527
20024,50,2.586,2.517,2.546
20026,50,2.610,2.522,2.566
20028,50,2.625,2.527,2.576
20029,50,2.639,2.527,2.586
20031,50,2.639,2.522,2.590
20036,51,2.625,2.527,2.576
20038,51,2.605,2.522,2.561
20050,51,2.444,2.488,2.468
20052,51,2.434,2.488,2.468
20057,61,2.405,2.488,2.473
20059,61,2.400,2.488,2.468
20061,61,2.405,2.488,2.473
20062,61,2.410,2.488,2.473
20064,61,2.419,2.488,2.473
20065,61,2.444,2.493,2.473
20067,61,2.478,2.493,2.478
20070,61,2.522,2.498,2.498
20071,61,2.590,2.512,2.551
20073,61,2.678,2.532,2.625
20075,61,2.781,2.556,2.713
20076,61,2.903,2.586,2.820
20082,56,3.407,2.703,3.280
20083,56,3.583,2.742,3.436
20085,56,3.773,2.781,3.612
20086,56,3.974,2.820,3.793
20091,56,4.541,2.933,4.311
20092,56,4.741,2.967,4.497
20094,56,4.946,2.908,4.609
20096,56,5.000,2.752,4.629
20097,56,5.000,2.571,4.629
20103,46,5.000,2.146,4.619
20104,46,5.000,2.048,4.599
20106,46,5.000,1.975,4.594
20107,46,5.000,1.926,4.594
20109,46,5.000,1.950,4.604
20112,46,5.000,1.984,4.609
20113,46,5.000,2.023,4.614
20115,46,5.000,2.092,4.614
20117,46,5.000,2.170,4.624
20118,46,5.000,2.312,4.643
20120,46,5.000,2.444,4.638
20121,46,5.000,2.625,4.633
20127,30,4.599,2.957,4.365
20131,30,3.925,2.815,3.744
20133,30,3.641,2.752,3.480
20134,30,3.358,2.693,3.226
20148,21,1.544,2.380,2.424
20152,21,1.080,2.326,2.414
20154,21,0.914,2.307,2.414
20156,21,0.762,2.292,2.414
20157,21,0.577,2.268,2.414
20159,21,0.445,2.361,2.488
20161,21,0.323,2.522,2.595
20162,21,0.386,2.693,2.737
20164,21,0.371,2.845,2.874
20165,21,0.342,2.933,2.986
20171,20,0.391,3.216,3.240
20172,20,0.386,3.245,3.284
20174,20,0.425,3.265,3.289
20176,20,0.362,3.245,3.284
20177,20,0.411,3.206,3.226
20179,20,0.352,3.089,3.138
20183,20,0.303,2.693,2.766
20185,20,0.347,2.507,2.595
20186,20,0.499,2.317,2.458
20188,20,0.699,2.273,2.410
20193,36,1.393,2.356,2.419
20195,36,1.598,2.380,2.424
20198,36,1.833,2.410,2.434
20199,36,2.058,2.439,2.449
20201,36,2.292,2.473,2.463
20202,36,2.507,2.498,2.493
20204,36,2.771,2.556,2.713
20206,36,3.006,2.610,2.918
20207,36,3.211,2.654,3.104
20209,36,3.377,2.688,3.255
20211,36,3.514,2.717,3.377
20216,55,3.724,2.771,3.563
20217,55,3.724,2.771,3.563
20219,55,3.695,2.761,3.534
20223,55,3.509,2.727,3.363
20225,55,3.402,2.703,3.265
20227,55,3.284,2.674,3.162
20228,55,3.148,2.644,3.040
20230,55,3.016,2.615,2.913
20232,55,2.874,2.581,2.791
20233,55,2.717,2.546,2.654
20240,65,2.326,2.483,2.468
20241,65,2.239,2.468,2.463
20243,65,2.151,2.458,2.458
20244,65,2.053,2.444,2.449
20246,65,1.989,2.439,2.444
20248,65,1.911,2.424,2.439
20249,65,1.852,2.414,2.434
20251,65,1.764,2.400,2.424
20253,65,1.716,2.395,2.424
20254,65,1.672,2.390,2.424
20256,65,1.642,2.385,2.424
20264,64,1.764,2.405,2.429
20265,64,1.843,2.410,2.429
20267,64,1.960,2.424,2.434
20269,64,2.107,2.439,2.444
20270,64,2.268,2.458,2.454
20272,64,2.458,2.483,2.468
20274,64,2.717,2.537,2.664
20275,64,3.016,2.605,2.928
20277,64,3.319,2.674,3.201
20278,64,3.631,2.742,3.480
20285,55,4.648,2.952,4.413
20286,55,4.922,2.937,4.609
20288,55,5.000,2.674,4.633
20290,55,5.000,2.502,4.648
20291,55,5.000,2.185,4.609
20293,55,5.000,1.970,4.589
20294,55,5.000,1.818,4.580
20296,55,5.000,1.672,4.550
20298,55,5.000,1.559,4.541
20302,55,5.000,1.452,4.526
20307,41,5.000,1.564,4.560
20309,41,5.000,1.618,4.565
20311,41,5.000,1.745,4.575
20312,41,5.000,1.887,4.599
20314,41,5.000,2.038,4.614
20315,41,5.000,2.243,4.629
20317,41,5.000,2.449,4.638
20319,41,5.000,2.674,4.638
20320,41,5.000,2.903,4.629
20322,41,4.746,2.991,4.506
20323,41,4.492,2.937,4.257
20330,22,3.519,2.737,3.368
20331,22,3.177,2.654,3.060
20333,22,2.854,2.586,2.766
20335,22,2.507,2.507,2.493
20336,22,2.283,2.473,2.463
20338,22,2.082,2.454,2.458
20342,22,1.544,2.390,2.434
20344,22,1.310,2.356,2.424
20346,22,1.114,2.326,2.414
20347,22,0.982,2.322,2.419
20352,20,0.396,2.380,2.498
20354,20,0.318,2.551,2.630
20356,20,0.347,2.732,2.776
20357,20,0.347,2.889,2.933
20359,20,0.396,3.030,3.055
20361,20,0.371,3.148,3.187
20362,20,0.357,3.231,3.299
20376,24,0.381,3.260,3.309
20380,24,0.308,2.903,2.967
20382,24,0.337,2.683,2.747
20384,24,0.342,2.424,2.556
20385,24,0.543,2.263,2.429
20387,24,0.758,2.283,2.419
20388,24,0.982,2.302,2.414
20396,42,2.165,2.454,2.454
20398,42,2.370,2.483,2.468
20400,42,2.566,2.507,2.537
20401,42,2.781,2.561,2.722
20403,42,2.967,2.600,2.884
20405,42,3.118,2.639,3.021
20406,42,3.231,2.659,3.123
20408,42,3.319,2.674,3.201
20410,42,3.372,2.688,3.245
20412,42,3.407,2.693,3.280
20414,42,3.416,2.698,3.284
20415,42,3.402,2.698,3.275
20421,57,3.236,2.669,3.118
20422,57,3.148,2.649,3.040
20424,57,3.050,2.625,2.952
20426,57,2.942,2.600,2.845
20427,57,2.830,2.576,2.752
20429,57,2.708,2.546,2.644
20433,57,2.434,2.488,2.468
20435,57,2.375,2.483,2.468
20436,57,2.322,2.478,2.463
20442,66,2.131,2.458,2.458
20443,66,2.067,2.449,2.454
20445,66,2.028,2.439,2.449
20447,66,1.979,2.434,2.439
20448,66,1.960,2.429,2.439
20450,66,1.921,2.419,2.434
20451,66,1.911,2.419,2.434
20454,66,1.911,2.424,2.434
20456,66,1.921,2.424,2.439
20457,66,1.921,2.424,2.439
20459,66,1.965,2.434,2.444
20461,66,1.994,2.434,2.439
20466,64,2.243,2.463,2.458
20468,64,2.341,2.473,2.463
20469,64,2.458,2.488,2.468
20471,64,2.605,2.512,2.566
20475,64,3.104,2.630,3.006
20477,64,3.299,2.674,3.182
20478,64,3.500,2.717,3.363
20480,64,3.700,2.766,3.548
20482,64,3.900,2.810,3.729
20487,55,4.501,2.933,4.282
20489,55,4.668,2.952,4.428
20490,55,4.824,2.981,4.565
20492,55,4.966,2.903,4.609
20493,55,5.000,2.757,4.624
20496,55,5.000,2.644,4.629
20498,55,5.000,2.527,4.633
20499,55,5.000,2.454,4.633
20501,55,5.000,2.366,4.624
20503,55,5.000,2.302,4.624
20504,55,5.000,2.253,4.624
20506,55,5.000,2.263,4.629
20511,42,5.000,2.307,4.633
20515,42,5.000,2.493,4.638
20517,42,5.000,2.586,4.638
20519,42,5.000,2.722,4.633
20520,42,5.000,2.859,4.629
20522,42,4.883,2.981,4.599
20524,42,4.692,2.977,4.448
20525,42,4.482,2.933,4.252
20527,42,4.267,2.889,4.057
20532,26,3.402,2.708,3.260
20534,26,3.118,2.639,3.006
20535,26,2.869,2.586,2.781
20538,26,2.595,2.522,2.546
20540,26,2.380,2.488,2.473
20541,26,2.229,2.468,2.463
20543,26,2.067,2.449,2.454
20545,26,1.916,2.434,2.444
20546,26,1.740,2.414,2.439
20548,26,1.559,2.385,2.424
20556,20,0.718,2.287,2.434
20557,20,0.552,2.263,2.434
20559,20,0.474,2.331,2.483
20561,20,0.352,2.468,2.576
20562,20,0.327,2.615,2.693
20564,20,0.347,2.737,2.805
20565,20,0.371,2.869,2.913
20567,20,0.323,2.933,3.006
20569,20,0.323,3.001,3.069
20570,20,0.371,3.084,3.123
20572,20,0.308,3.089,3.152
20577,27,0.347,3.016,3.089
20579,27,0.386,2.972,3.016
20581,27,0.283,2.835,2.913
20583,27,0.342,2.722,2.786
20585,27,0.308,2.532,2.625
20586,27,0.396,2.326,2.488
20588,27,0.596,2.263,2.424
20590,27,0.826,2.297,2.424
20594,27,1.403,2.361,2.424
20607,46,3.250,2.659,3.138
20611,46,3.583,2.732,3.441
20613,46,3.651,2.747,3.500
20614,46,3.690,2.757,3.534
20616,46,3.695,2.757,3.539
20618,46,3.675,2.776,3.529
20624,61,3.431,2.713,3.289
20626,61,3.304,2.688,3.162
20627,61,3.172,2.654,3.055
20629,61,3.016,2.620,2.918
20630,61,2.859,2.581,2.776
20632,61,2.678,2.537,2.620
20634,61,2.517,2.502,2.498
20635,61,2.390,2.488,2.468
20637,61,2.297,2.473,2.463
20639,61,2.195,2.463,2.463
20640,61,2.107,2.454,2.454
20648,67,1.725,2.400,2.424
20650,67,1.676,2.390,2.419
20652,67,1.657,2.390,2.419
20653,67,1.637,2.380,2.419
20655,67,1.667,2.390,2.424
20656,67,1.676,2.390,2.424
20658,67,1.750,2.405,2.429
20660,67,1.823,2.414,2.434
20661,67,1.935,2.424,2.439
20663,67,2.067,2.444,2.444
20669,60,2.727,2.542,2.669
20671,60,3.011,2.605,2.928
20672,60,3.309,2.674,3.196
20674,60,3.612,2.737,3.465
20676,60,3.920,2.805,3.749
20677,60,4.213,2.869,4.013
20679,60,4.511,2.928,4.286
20681,60,4.775,2.977,4.531
20685,60,5.000,2.458,4.619
20687,60,5.000,2.278,4.614
20692,49,5.000,1.882,4.575
20693,49,5.000,1.813,4.570
20695,49,5.000,1.789,4.565
20697,49,5.000,1.745,4.565
20698,49,5.000,1.760,4.570
20700,49,5.000,1.818,4.570
20702,49,5.000,1.891,4.594
20703,49,5.000,1.955,4.594
20705,49,5.000,2.072,4.609
20706,49,5.000,2.195,4.619
20709,49,5.000,2.361,4.629
20714,32,4.878,2.981,4.594
20716,32,4.648,2.962,4.409
20718,32,4.404,2.923,4.184
20719,32,4.150,2.869,3.944
20721,32,3.881,2.810,3.700
20737,23,1.540,2.385,2.429
20739,23,1.364,2.366,2.429
20740,23,1.168,2.336,2.424
20742,23,1.012,2.326,2.429
20743,23,0.865,2.312,2.429
20745,23,0.684,2.273,2.424
20747,23,0.562,2.283,2.434
20748,23,0.396,2.380,2.507
20750,23,0.371,2.546,2.625
20752,23,0.298,2.659,2.747
20754,23,0.357,2.820,2.879
20759,21,0.371,3.118,3.162
20761,21,0.298,3.109,3.201
20763,21,0.367,3.148,3.221
20764,21,0.288,3.118,3.211
20766,21,0.318,3.089,3.172
20768,21,0.332,3.011,3.094
20769,21,0.274,2.913,3.006
20771,21,0.342,2.835,2.898
20775,21,0.347,2.405,2.542
20777,21,0.484,2.263,2.444
20782,34,1.119,2.326,2.429
20784,34,1.329,2.351,2.424
20785,34,1.530,2.375,2.424
20787,34,1.755,2.405,2.434
20788,34,1.955,2.424,2.439
20790,34,2.165,2.454,2.449
20792,34,2.346,2.473,2.463
20794,34,2.532,2.498,2.507
20796,34,2.732,2.546,2.678
20798,34,2.908,2.586,2.830
20799,34,3.060,2.620,2.967
20805,51,3.324,2.683,3.201
20806,51,3.343,2.688,3.216
20808,51,3.338,2.683,3.211
20809,51,3.314,2.678,3.187
20811,51,3.265,2.669,3.143
20815,51,3.069,2.625,2.967
20817,51,2.981,2.610,2.889
20819,51,2.884,2.590,2.801
20820,51,2.776,2.566,2.708
20822,51,2.669,2.542,2.615
20827,60,2.405,2.488,2.473
20829,60,2.341,2.478,2.463
20830,60,2.292,2.468,2.463
20832,60,2.224,2.463,2.458
20834,60,2.180,2.458,2.454
20844,60,1.979,2.434,2.444
20852,68,2.038,2.434,2.439
20854,68,2.077,2.439,2.439
20855,68,2.136,2.449,2.449
20857,68,2.209,2.458,2.454
20858,68,2.302,2.473,2.463
20860,68,2.385,2.483,2.468
20862,68,2.478,2.498,2.483
20866,68,2.835,2.571,2.761
20868,68,2.977,2.600,2.889
20873,53,3.470,2.713,3.333
20875,53,3.617,2.742,3.470
20876,53,3.768,2.776,3.607
20878,53,3.925,2.815,3.749
20881,53,4.062,2.845,3.871
20882,53,4.203,2.879,4.003
20884,53,4.340,2.898,4.125
20885,53,4.467,2.923,4.242
20887,53,4.580,2.947,4.345
20889,53,4.697,2.962,4.457
20890,53,4.804,2.981,4.545
20896,48,5.000,2.776,4.619
20897,48,5.000,2.713,4.624
20899,48,5.000,2.654,4.633
20900,48,5.000,2.600,4.629
20902,48,5.000,2.566,4.629
20904,48,5.000,2.551,4.629
20908,48,5.000,2.566,4.643
20910,48,5.000,2.586,4.633
20911,48,5.000,2.634,4.633
20913,48,5.000,2.717,4.629
20918,32,4.848,2.996,4.580
20920,32,4.697,2.972,4.453
20923,32,4.541,2.942,4.311
20924,32,4.374,2.913,4.159
20926,32,4.198,2.874,3.993
20927,32,3.993,2.830,3.807
20929,32,3.788,2.781,3.617
20931,32,3.568,2.737,3.416
20932,32,3.338,2.688,3.206
20934,32,3.104,2.634,2.991
20936,32,2.859,2.581,2.776
20941,20,2.243,2.473,2.463
20942,20,2.097,2.449,2.454
20944,20,1.945,2.429,2.444
20949,20,1.500,2.370,2.424
20950,20,1.369,2.361,2.419
20952,20,1.188,2.331,2.414
20953,20,1.056,2.322,2.419
20955,20,0.914,2.307,2.419
20957,20,0.767,2.283,2.419
20962,20,0.367,2.434,2.546
20963,20,0.318,2.561,2.654
20966,20,0.318,2.703,2.761
20968,20,0.396,2.820,2.864
20969,20,0.323,2.879,2.942
20971,20,0.313,2.937,3.006
20973,20,0.401,3.016,3.055
20974,20,0.415,3.069,3.089
20976,20,0.318,3.035,3.089
20977,20,0.318,3.011,3.074
20979,20,0.347,2.967,3.025
20981,20,0.376,2.903,2.947
20989,30,0.635,2.263,2.405
20990,30,0.826,2.283,2.405
20992,30,1.017,2.302,2.405
20993,30,1.241,2.331,2.405
20995,30,1.491,2.366,2.414
20997,30,1.760,2.405,2.429
20998,30,2.009,2.439,2.444
21000,30,2.263,2.468,2.463
21002,30,2.507,2.498,2.493
21003,30,2.801,2.561,2.737
21010,51,3.558,2.732,3.416
21011,51,3.700,2.757,3.543
21013,51,3.817,2.786,3.646
21014,51,3.886,2.805,3.715
21016,51,3.920,2.815,3.739
21018,51,3.915,2.815,3.734
21019,51,3.891,2.810,3.710
21021,51,3.832,2.801,3.656
21025,51,3.573,2.742,3.416
21031,61,3.089,2.634,2.977
21032,61,2.908,2.595,2.815
21034,61,2.732,2.556,2.664
21036,61,2.556,2.512,2.517
21037,61,2.414,2.493,2.473
21039,61,2.326,2.478,2.468
21040,61,2.234,2.468,2.463
21042,61,2.136,2.458,2.458
21044,61,2.028,2.439,2.449
21045,61,1.945,2.429,2.444
21047,61,1.838,2.414,2.434
21050,61,1.789,2.410,2.429
21055,65,1.603,2.385,2.424
21056,65,1.588,2.385,2.424
21058,65,1.564,2.375,2.424
21060,65,1.544,2.375,2.419
21061,65,1.588,2.385,2.424
21063,65,1.603,2.385,2.424
21079,62,3.123,2.639,3.021
21083,62,3.803,2.781,3.636
21084,62,4.062,2.840,3.876
21086,62,4.321,2.889,4.110
21088,62,4.560,2.933,4.335
21089,62,4.795,2.981,4.550
21091,62,5.000,2.849,4.614
21094,62,5.000,2.639,4.629
21099,51,5.000,2.146,4.609
21101,51,5.000,2.053,4.604
21102,51,5.000,1.940,4.589
21104,51,5.000,1.891,4.594
21105,51,5.000,1.828,4.570
21107,51,5.000,1.808,4.570
21109,51,5.000,1.896,4.599
21110,51,5.000,1.813,4.575
21112,51,5.000,1.867,4.580
21113,51,5.000,1.935,4.594
21121,33,5.000,2.595,4.648
21123,33,5.000,2.766,4.629
21125,33,4.917,2.972,4.604
21126,33,4.682,2.972,4.443
21128,33,4.428,2.923,4.203
21130,33,4.164,2.893,3.969
21131,33,3.891,2.805,3.710
21133,33,3.612,2.747,3.456
21134,33,3.324,2.688,3.196
21137,33,3.035,2.625,2.933
21139,33,2.727,2.556,2.659
21144,19,2.014,2.444,2.454
21146,19,1.828,2.419,2.439
21147,19,1.652,2.400,2.434
21149,19,1.452,2.375,2.424
21151,19,1.217,2.331,2.414
21152,19,1.046,2.317,2.414
21154,19,0.894,2.312,2.419
21158,19,0.420,2.414,2.532
21160,19,0.288,2.576,2.674
21161,19,0.357,2.766,2.830
21167,17,0.381,3.236,3.304
21168,17,0.347,3.319,3.402
21170,17,0.274,3.358,3.465
21171,17,0.279,3.392,3.500
21173,17,0.406,3.456,3.504
21175,17,0.298,3.372,3.475
21176,17,0.318,3.338,3.441
21179,17,0.347,3.284,3.368
21181,17,0.386,3.192,3.265
21182,17,0.283,3.040,3.133
21184,17,0.357,2.913,2.977
21189,31,0.572,2.268,2.429
21191,31,0.753,2.273,2.414
21192,31,1.012,2.312,2.414
21194,31,1.251,2.341,2.414
21196,31,1.515,2.370,2.424
21200,31,2.160,2.454,2.454
21201,31,2.395,2.488,2.473
21203,31,2.625,2.522,2.586
21205,31,2.874,2.576,2.801
21206,31,3.079,2.625,2.986
21212,53,3.504,2.717,3.363
21213,53,3.553,2.727,3.412
21215,53,3.587,2.737,3.436
21217,53,3.578,2.737,3.436
21218,53,3.553,2.737,3.407
21221,53,3.500,2.727,3.358
21222,53,3.431,2.708,3.299
21224,53,3.353,2.688,3.226
21226,53,3.255,2.674,3.138
21227,53,3.157,2.649,3.040
21229,53,3.040,2.620,2.937
21234,63,2.630,2.532,2.576
21236,63,2.498,2.498,2.488
21240,63,2.302,2.478,2.463
21242,63,2.234,2.468,2.463
21244,63,2.160,2.458,2.458
21245,63,2.097,2.449,2.454
21247,63,2.028,2.439,2.449
21248,63,1.975,2.429,2.439
21250,63,1.906,2.419,2.434
21252,63,1.872,2.414,2.434
21257,66,1.813,2.414,2.434
21259,66,1.804,2.414,2.434
21260,66,1.818,2.419,2.439
21262,66,1.838,2.419,2.439
21264,66,1.872,2.419,2.439
21266,66,1.935,2.429,2.439
21268,66,1.989,2.429,2.439
21269,66,2.087,2.439,2.439
21271,66,2.195,2.454,2.449
21273,66,2.336,2.468,2.458
21281,53,3.319,2.683,3.201
21282,53,3.543,2.732,3.402
21284,53,3.763,2.776,3.602
21285,53,3.988,2.820,3.807
21287,53,4.189,2.869,3.988
21289,53,4.399,2.908,4.184
21290,53,4.594,2.942,4.360
21292,53,4.785,2.977,4.531
21294,53,4.951,2.908,4.599
21308,48,5.000,2.248,4.614
21312,48,5.000,2.292,4.629
21314,48,5.000,2.322,4.629
21315,48,5.000,2.429,4.638
21317,48,5.000,2.512,4.638
21318,48,5.000,2.639,4.643
21320,48,5.000,2.776,4.629
21325,33,4.575,2.957,4.340
21327,33,4.370,2.908,4.154
21331,33,3.793,2.791,3.627
21333,33,3.553,2.737,3.402
21335,33,3.319,2.683,3.192
21336,33,3.079,2.634,2.972
21338,33,2.835,2.581,2.752
21339,33,2.576,2.522,2.537
21341,33,2.390,2.488,2.478
21343,33,2.248,2.468,2.463
21349,22,1.789,2.419,2.439
21351,22,1.618,2.390,2.424
21352,22,1.471,2.366,2.424
21354,22,1.315,2.346,2.419
21355,22,1.178,2.331,2.419
21357,22,1.085,2.326,2.419
21359,22,0.958,2.317,2.419
21360,22,0.816,2.292,2.419
21362,22,0.689,2.273,2.414
21364,22,0.640,2.283,2.419
21365,22,0.547,2.287,2.434
21373,20,0.313,2.615,2.693
21375,20,0.352,2.644,2.713
21376,20,0.357,2.644,2.713
21378,20,0.337,2.634,2.703
21380,20,0.303,2.610,2.683
21381,20,0.342,2.576,2.654
21383,20,0.342,2.507,2.600
21384,20,0.367,2.444,2.546
21386,20,0.459,2.351,2.478
21388,20,0.528,2.263,2.419
21394,33,0.938,2.302,2.410
21396,33,1.051,2.307,2.410
21397,33,1.232,2.336,2.414
21399,33,1.369,2.356,2.419
21400,33,1.540,2.375,2.424
21402,33,1.720,2.400,2.434
21404,33,1.862,2.414,2.439
21405,33,2.028,2.439,2.444
21421,51,2.967,2.610,2.879
21423,51,2.967,2.605,2.879
21425,51,2.962,2.605,2.869
21426,51,2.933,2.595,2.845
21428,51,2.893,2.586,2.805
21430,51,2.840,2.576,2.761
21431,51,2.776,2.561,2.708
21434,51,2.713,2.546,2.649
21439,61,2.493,2.502,2.488
21441,61,2.449,2.498,2.478
21442,61,2.410,2.488,2.473
21444,61,2.380,2.483,2.473
21446,61,2.341,2.478,2.468
21447,61,2.322,2.478,2.463
21449,61,2.287,2.468,2.458
21451,61,2.273,2.463,2.458
21452,61,2.253,2.463,2.458
21454,61,2.234,2.463,2.458
21462,64,2.263,2.473,2.463
21464,64,2.283,2.473,2.463
21465,64,2.312,2.473,2.463
21467,64,2.351,2.478,2.463
21468,64,2.390,2.478,2.463
21470,64,2.439,2.483,2.468
21472,64,2.502,2.493,2.488
21473,64,2.576,2.512,2.542
21475,64,2.674,2.532,2.620
21477,64,2.766,2.556,2.703
21479,64,2.869,2.581,2.791
21484,55,3.221,2.659,3.104
21486,55,3.319,2.683,3.196
21488,55,3.421,2.703,3.289
21489,55,3.524,2.722,3.382
21491,55,3.631,2.742,3.475
21493,55,3.739,2.766,3.578
21494,55,3.847,2.796,3.675
21496,55,3.944,2.815,3.763
21500,55,4.194,2.874,3.988
21506,49,4.418,2.913,4.198
21507,49,4.467,2.923,4.247
21509,49,4.516,2.933,4.286
21510,49,4.545,2.937,4.316
21512,49,4.570,2.942,4.335
21514,49,4.570,2.942,4.335
21515,49,4.575,2.942,4.340
21517,49,4.565,2.942,4.330
21520,49,4.555,2.947,4.321
21521,49,4.536,2.947,4.306
21523,49,4.487,2.933,4.257
21524,49,4.433,2.923,4.208
21530,35,4.233,2.874,4.022
21531,35,4.140,2.859,3.939
21533,35,4.047,2.840,3.851
21535,35,3.930,2.815,3.749
21544,35,3.128,2.644,3.016
21555,23,2.258,2.468,2.458
21556,23,2.151,2.454,2.454
21558,23,2.053,2.444,2.454
21560,23,1.945,2.429,2.444
21562,23,1.848,2.419,2.439
21564,23,1.760,2.410,2.439
21565,23,1.681,2.400,2.434
21567,23,1.574,2.380,2.424
21569,23,1.471,2.366,2.419
21574,26,1.222,2.341,2.419
21576,26,1.109,2.326,2.429
21577,26,1.051,2.326,2.439
21579,26,1.007,2.322,2.444
21580,26,0.914,2.307,2.444
21582,26,0.899,2.312,2.458
21584,26,0.811,2.297,2.458
21585,26,0.821,2.302,2.468
21587,26,0.782,2.287,2.458
21591,26,0.811,2.292,2.439
21596,32,0.841,2.297,2.434
21598,32,0.919,2.307,2.429
21600,32,0.929,2.297,2.424
21601,32,1.036,2.326,2.429
21603,32,1.109,2.331,2.429
21606,32,1.168,2.331,2.424
21607,32,1.281,2.346,2.424
21609,32,1.334,2.346,2.419
21610,32,1.471,2.366,2.424
21612,32,1.579,2.380,2.424
21614,32,1.696,2.390,2.424
21619,47,2.116,2.454,2.454
21621,47,2.224,2.463,2.463
21622,47,2.351,2.483,2.468
21624,47,2.463,2.498,2.483
21625,47,2.576,2.517,2.542
21627,47,2.698,2.537,2.644
21631,47,2.933,2.590,2.849
21633,47,2.991,2.600,2.898
21635,47,3.030,2.615,2.933
21636,47,3.055,2.620,2.957
21642,58,3.021,2.625,2.928
21643,58,2.972,2.610,2.884
21645,58,2.918,2.595,2.830
21648,58,2.845,2.581,2.766
21649,58,2.766,2.556,2.693
21651,58,2.683,2.537,2.625
21652,58,2.605,2.517,2.561
21654,58,2.527,2.502,2.498
21656,58,2.463,2.488,2.473
21657,58,2.424,2.488,2.468
21659,58,2.390,2.488,2.473
21664,60,2.258,2.468,2.463
21666,60,2.219,2.463,2.458
21667,60,2.185,2.454,2.449
21669,60,2.151,2.444,2.444
21673,60,2.121,2.444,2.444
21675,60,2.121,2.444,2.444
21677,60,2.136,2.449,2.449
21678,60,2.165,2.458,2.454
21680,60,2.195,2.458,2.458
21682,60,2.248,2.468,2.463
21687,59,2.468,2.493,2.478
21690,59,2.561,2.502,2.532
21691,59,2.678,2.527,2.625
21693,59,2.810,2.561,2.737
21694,59,2.947,2.590,2.859
21696,59,3.089,2.625,2.986
21698,59,3.236,2.659,3.123
21699,59,3.377,2.693,3.250
21701,59,3.514,2.727,3.372
21703,59,3.651,2.757,3.500
21704,59,3.783,2.781,3.617
21710,52,4.213,2.874,4.003
21714,52,4.506,2.928,4.277
21715,52,4.599,2.952,4.365
21717,52,4.673,2.962,4.428
21719,52,4.751,2.981,4.501
21720,52,4.824,2.986,4.565
21722,52,4.883,2.977,4.599
21724,52,4.922,2.942,4.599
21725,52,4.946,2.933,4.609
21727,52,4.951,2.923,4.604
21733,41,4.863,2.977,4.585
21735,41,4.819,2.981,4.560
21737,41,4.721,2.972,4.477
21738,41,4.658,2.967,4.413
21740,41,4.545,2.947,4.311
21741,41,4.433,2.933,4.203
21743,41,4.316,2.903,4.101
21745,41,4.164,2.869,3.959
21746,41,4.027,2.845,3.837
21754,26,3.035,2.620,2.933
21756,26,2.830,2.576,2.752
21758,26,2.634,2.532,2.581
21759,26,2.434,2.493,2.478
21761,26,2.341,2.483,2.473
21762,26,2.234,2.473,2.463
21764,26,2.111,2.454,2.458
21766,26,1.994,2.439,2.449
21780,24,1.046,2.322,2.419
21784,24,0.836,2.297,2.419
21786,24,0.777,2.287,2.419
21787,24,0.674,2.273,2.414
21789,24,0.626,2.263,2.405
21790,24,0.572,2.253,2.405
21792,24,0.533,2.258,2.410
21794,24,0.567,2.268,2.414
21795,24,0.513,2.258,2.414
21801,35,0.621,2.268,2.419
21802,35,0.699,2.283,2.419
21806,35,0.880,2.283,2.405
21808,35,1.036,2.312,2.410
21810,35,1.114,2.322,2.410
21811,35,1.241,2.331,2.405
21813,35,1.369,2.351,2.414
21815,35,1.491,2.366,2.414
21816,35,1.603,2.380,2.419
21819,35,1.755,2.405,2.429
21824,47,2.175,2.463,2.458
21826,47,2.283,2.468,2.463
21827,47,2.385,2.483,2.468
21829,47,2.478,2.488,2.478
21831,47,2.571,2.507,2.537
21832,47,2.654,2.527,2.605
21834,47,2.722,2.542,2.664
21835,47,2.771,2.556,2.708
21837,47,2.805,2.566,2.737
21839,47,2.820,2.576,2.747
21847,53,2.664,2.537,2.610
21848,53,2.595,2.517,2.551
21850,53,2.537,2.502,2.507
21852,53,2.478,2.488,2.478
21853,53,2.444,2.483,2.468
21855,53,2.410,2.483,2.463
21857,53,2.380,2.478,2.463
21858,53,2.351,2.483,2.468
21861,53,2.331,2.478,2.468
21862,53,2.312,2.478,2.468
21868,58,2.297,2.473,2.463
21869,58,2.307,2.468,2.458
21871,58,2.326,2.463,2.454
21873,58,2.375,2.473,2.463
21874,58,2.439,2.483,2.468
21876,58,2.517,2.498,2.498
21878,58,2.625,2.522,2.581
21879,58,2.752,2.556,2.693
21884,58,3.157,2.644,3.050
21885,58,3.324,2.683,3.201
21890,57,3.910,2.805,3.739
21892,57,4.091,2.845,3.900
21894,57,4.257,2.874,4.052
21895,57,4.433,2.913,4.213
21897,57,4.594,2.942,4.360
21899,57,4.741,2.981,4.497
21900,57,4.883,2.972,4.589
21902,57,4.990,2.879,4.609
21904,57,5.000,2.796,4.614
21906,57,5.000,2.722,4.619
21908,57,5.000,2.693,4.629
21913,43,5.000,2.693,4.619
21915,43,5.000,2.761,4.614
21916,43,5.000,2.835,4.614
21918,43,4.956,2.918,4.604
21920,43,4.829,2.991,4.565
21924,43,4.443,2.928,4.213
21926,43,4.242,2.889,4.032
21927,43,4.047,2.849,3.851
21929,43,3.812,2.796,3.636
21930,43,3.587,2.742,3.431
21936,32,2.781,2.566,2.708
21937,32,2.527,2.507,2.498
21939,32,2.346,2.483,2.473
21941,32,2.219,2.468,2.463
21942,32,2.067,2.454,2.458
21944,32,1.935,2.434,2.449
21946,32,1.784,2.419,2.444
21948,32,1.637,2.395,2.434
21950,32,1.515,2.380,2.424
21951,32,1.344,2.351,2.419
21953,32,1.212,2.331,2.419
21958,29,0.880,2.307,2.434
21960,29,0.797,2.297,2.439
21961,29,0.704,2.292,2.444
21966,29,0.533,2.287,2.458
21967,29,0.469,2.302,2.468
21969,29,0.425,2.326,2.483
21971,29,0.440,2.336,2.488
21972,29,0.411,2.322,2.478
21974,29,0.474,2.307,2.463
21975,29,0.494,2.258,2.439
21981,33,0.787,2.287,2.444
21982,33,0.899,2.302,2.439
21984,33,1.022,2.312,2.434
21986,33,1.168,2.331,2.429
21987,33,1.320,2.346,2.424
21990,33,1.491,2.366,2.424
21991,33,1.662,2.385,2.424
21993,33,1.823,2.405,2.429
21995,33,1.994,2.429,2.439
22008,50,3.006,2.610,2.913
22012,50,3.040,2.620,2.947
22016,50,2.947,2.600,2.859
22018,50,2.879,2.586,2.796
22020,50,2.805,2.571,2.732
22021,50,2.717,2.551,2.654
22026,55,2.449,2.493,2.478
22028,55,2.395,2.483,2.463
22030,55,2.341,2.473,2.463
22032,55,2.287,2.468,2.458
22034,55,2.243,2.463,2.458
22036,55,2.195,2.458,2.454
22037,55,2.165,2.458,2.454
22039,55,2.146,2.458,2.458
22041,55,2.121,2.454,2.454
22042,55,2.116,2.454,2.454
22044,55,2.136,2.454,2.454
22049,61,2.283,2.463,2.458
22051,61,2.356,2.468,2.458
22052,61,2.454,2.483,2.468
22057,61,2.869,2.576,2.796
22058,61,3.055,2.620,2.962
22060,61,3.250,2.664,3.138
22062,61,3.451,2.713,3.319
22063,61,3.651,2.752,3.500
22065,61,3.842,2.796,3.675
22067,61,4.027,2.830,3.842
22072,51,4.589,2.947,4.355
22074,51,4.726,2.967,4.482
22076,51,4.848,2.972,4.575
22078,51,4.961,2.903,4.604
22079,51,5.000,2.830,4.609
22081,51,5.000,2.776,4.614
22083,51,5.000,2.747,4.619
22084,51,5.000,2.722,4.619
22086,51,5.000,2.722,4.619
22087,51,5.000,2.732,4.619
22089,51,5.000,2.791,4.619
22094,39,4.809,2.986,4.545
22107,39,3.446,2.717,3.299
22108,39,3.192,2.659,3.074
22110,39,2.957,2.600,2.859
22112,39,2.698,2.542,2.634
22118,23,2.126,2.458,2.454
22120,23,1.984,2.439,2.449
22121,23,1.848,2.424,2.444
22123,23,1.706,2.410,2.439
22124,23,1.579,2.395,2.434
22126,23,1.408,2.361,2.424
22128,23,1.281,2.351,2.419
22129,23,1.129,2.322,2.410
22131,23,1.031,2.312,2.410
22132,23,0.948,2.307,2.410
22134,23,0.831,2.287,2.410
22139,27,0.577,2.263,2.419
22141,27,0.562,2.268,2.429
22143,27,0.538,2.283,2.439
22147,27,0.528,2.278,2.454
22149,27,0.567,2.268,2.434
22150,27,0.572,2.263,2.429
22152,27,0.616,2.263,2.424
22153,27,0.679,2.268,2.419
22155,27,0.777,2.283,2.429
22157,27,0.899,2.302,2.434
22163,39,1.310,2.351,2.444
22165,39,1.466,2.370,2.434
22166,39,1.603,2.385,2.434
22168,39,1.755,2.400,2.434
22169,39,1.926,2.419,2.439
22171,39,2.072,2.439,2.444
22173,39,2.224,2.458,2.454
22174,39,2.361,2.478,2.463
22176,39,2.493,2.493,2.483
22178,39,2.630,2.522,2.586
22179,39,2.747,2.551,2.688
22187,50,2.942,2.595,2.854
22189,50,2.913,2.586,2.830
22191,50,2.869,2.576,2.791
22192,50,2.810,2.561,2.742
22194,50,2.742,2.551,2.674
22195,50,2.664,2.532,2.610
22197,50,2.581,2.517,2.537
22199,50,2.502,2.502,2.488
22200,50,2.444,2.498,2.478
22203,50,2.405,2.488,2.473
22208,59,2.253,2.463,2.458
22210,59,2.214,2.458,2.454
22212,59,2.190,2.454,2.449
22213,59,2.170,2.454,2.449
22215,59,2.180,2.454,2.449
22216,59,2.199,2.458,2.454
22218,59,2.243,2.463,2.458
22220,59,2.302,2.473,2.463
22224,59,2.561,2.512,2.532
22229,59,3.196,2.649,3.089
22231,59,3.431,2.698,3.304
22233,59,3.675,2.752,3.524
22234,59,3.930,2.805,3.759
22236,59,4.194,2.859,3.998
22237,59,4.438,2.908,4.223
22248,59,5.000,2.307,4.624
22256,45,5.000,2.048,4.599
22257,45,5.000,2.102,4.604
22259,45,5.000,2.151,4.614
22260,45,5.000,2.297,4.629
22262,45,5.000,2.419,4.624
22264,45,5.000,2.551,4.633
22265,45,5.000,2.747,4.633
22267,45,4.976,2.918,4.614
22269,45,4.765,2.986,4.511
22270,45,4.526,2.937,4.286
22276,31,3.671,2.766,3.495
22280,31,2.908,2.600,2.820
22282,31,2.625,2.537,2.571
22283,31,2.395,2.493,2.478
22285,31,2.229,2.473,2.463
22286,31,2.048,2.449,2.454
22289,31,1.882,2.424,2.439
22291,31,1.701,2.400,2.429
22292,31,1.505,2.366,2.414
22298,20,0.992,2.317,2.414
22299,20,0.855,2.307,2.419
22301,20,0.684,2.283,2.419
22302,20,0.552,2.273,2.424
22304,20,0.464,2.361,2.488
22306,20,0.362,2.454,2.556
22307,20,0.332,2.566,2.644
22309,20,0.313,2.659,2.732
22310,20,0.327,2.732,2.796
22312,20,0.308,2.776,2.845
22320,30,0.308,2.654,2.737
22322,30,0.367,2.571,2.639
22323,30,0.406,2.434,2.537
22325,30,0.508,2.287,2.444
22327,30,0.674,2.278,2.414
22328,30,0.782,2.273,2.410
22331,30,1.012,2.312,2.414
22332,30,1.193,2.331,2.410
22334,30,1.403,2.356,2.419
22336,30,1.618,2.385,2.424
22337,30,1.813,2.410,2.434
22339,30,2.028,2.439,2.449
22344,48,2.634,2.532,2.590
22346,48,2.801,2.561,2.732
22347,48,2.937,2.595,2.854
22349,48,3.040,2.615,2.947
22351,48,3.113,2.630,3.006
22352,48,3.157,2.639,3.045
22357,48,3.148,2.644,3.040
22358,48,3.104,2.639,2.996
22360,48,3.045,2.625,2.947
22365,59,2.747,2.561,2.678
22367,59,2.649,2.532,2.595
22369,59,2.532,2.502,2.502
22370,59,2.444,2.488,2.468
22373,59,2.385,2.478,2.463
22374,59,2.336,2.473,2.463
22376,59,2.283,2.468,2.463
22378,59,2.224,2.463,2.458
22379,59,2.175,2.463,2.463
22381,59,2.121,2.458,2.458
22383,59,2.072,2.449,2.454
22384,59,2.058,2.444,2.454
22390,62,2.063,2.439,2.444
22391,62,2.097,2.439,2.444
22393,62,2.146,2.449,2.449
22394,62,2.224,2.458,2.454
22399,62,2.522,2.502,2.502
22400,62,2.698,2.542,2.644
22402,62,2.898,2.586,2.820
22404,62,3.104,2.630,3.006
22405,62,3.319,2.678,3.201
22411,57,4.037,2.825,3.851
22412,57,4.238,2.869,4.037
22414,57,4.453,2.918,4.228
22416,57,4.633,2.952,4.399
22418,57,4.814,2.986,4.565
22420,57,4.961,2.908,4.609
22421,57,5.000,2.776,4.624
22423,57,5.000,2.654,4.629
22425,57,5.000,2.556,4.629
22426,57,5.000,2.493,4.624
22428,57,5.000,2.454,4.629
22429,57,5.000,2.439,4.619
22435,41,5.000,2.468,4.624
22439,41,5.000,2.674,4.629
22441,41,5.000,2.781,4.624
22442,41,4.990,2.903,4.609
22444,41,4.863,2.991,4.585
22446,41,4.707,2.977,4.457
22447,41,4.541,2.947,4.306
22449,41,4.355,2.903,4.135
22450,41,4.169,2.869,3.959
22456,30,3.475,2.722,3.328
22458,30,3.245,2.674,3.123
22460,30,3.035,2.625,2.933
22462,30,2.805,2.576,2.727
22463,30,2.576,2.522,2.537
22465,30,2.390,2.488,2.473
22467,30,2.263,2.473,2.463
22480,22,1.153,2.331,2.419
22484,22,0.865,2.292,2.414
22485,22,0.777,2.283,2.414
22490,22,0.557,2.258,2.410
22491,22,0.543,2.297,2.434
22493,22,0.455,2.331,2.468
22495,22,0.411,2.380,2.498
22496,22,0.381,2.410,2.522
22502,30,0.386,2.463,2.561
22504,30,0.381,2.410,2.532
22506,30,0.406,2.366,2.502
22507,30,0.459,2.292,2.454
22509,30,0.567,2.268,2.419
22511,30,0.640,2.263,2.414
22512,30,0.723,2.273,2.419
22514,30,0.846,2.283,2.419
22515,30,0.987,2.307,2.424
22517,30,1.109,2.317,2.419
22519,30,1.251,2.346,2.429
22524,43,1.764,2.414,2.444
22526,43,1.891,2.419,2.444
22530,43,2.224,2.458,2.454
22531,43,2.336,2.468,2.458
22533,43,2.439,2.483,2.468
22535,43,2.542,2.502,2.512
22536,43,2.644,2.527,2.595
22538,43,2.727,2.546,2.674
22540,43,2.796,2.561,2.727
22541,43,2.840,2.576,2.766
22548,54,2.879,2.586,2.796
22549,54,2.849,2.576,2.776
22551,54,2.825,2.566,2.747
22552,54,2.786,2.561,2.717
22554,54,2.742,2.546,2.674
22556,54,2.693,2.537,2.639
22557,54,2.639,2.527,2.586
22559,54,2.586,2.517,2.546
22561,54,2.532,2.507,2.507
22562,54,2.483,2.502,2.488
22564,54,2.458,2.498,2.483
22572,59,2.326,2.473,2.463
22574,59,2.307,2.468,2.458
22575,59,2.297,2.468,2.458
22577,59,2.292,2.468,2.463
22578,59,2.283,2.473,2.463
22580,59,2.287,2.473,2.468
22582,59,2.287,2.473,2.463
22583,59,2.297,2.478,2.468
22586,59,2.307,2.473,2.463
22588,59,2.326,2.478,2.463
22593,62,2.434,2.483,2.468
22595,62,2.483,2.488,2.478
22596,62,2.546,2.502,2.517
22598,62,2.625,2.522,2.581
22599,62,2.713,2.546,2.654
22601,62,2.805,2.571,2.737
22603,62,2.898,2.590,2.815
22604,62,2.996,2.610,2.908
22609,62,3.265,2.664,3.148
22614,54,3.612,2.747,3.465
22616,54,3.719,2.766,3.558
22617,54,3.827,2.791,3.656
22619,54,3.925,2.810,3.749
22621,54,4.027,2.835,3.842
22622,54,4.115,2.859,3.920
22624,54,4.203,2.869,3.998
22625,54,4.291,2.889,4.081
22627,54,4.365,2.903,4.150
22630,54,4.428,2.913,4.208
22631,54,4.487,2.923,4.257
22633,54,4.526,2.933,4.296
22638,44,4.594,2.952,4.355
22640,44,4.575,2.952,4.340
22641,44,4.541,2.947,4.311
22643,44,4.511,2.942,4.282
22645,44,4.457,2.933,4.233
22649,44,4.311,2.893,4.091
22651,44,4.223,2.874,4.018
22652,44,4.130,2.854,3.925
22654,44,4.027,2.835,3.832
22659,33,3.592,2.747,3.436
22661,33,3.470,2.722,3.328
22663,33,3.343,2.693,3.211
22664,33,3.211,2.664,3.094
22666,33,3.084,2.639,2.977
22667,33,2.918,2.595,2.825
22669,33,2.776,2.561,2.708
22672,33,2.620,2.522,2.571
22673,33,2.493,2.493,2.478
22675,33,2.400,2.478,2.463
22677,33,2.326,2.473,2.463
22678,33,2.258,2.468,2.458
22684,26,1.970,2.439,2.449
22685,26,1.882,2.424,2.444
22687,26,1.784,2.414,2.439
22691,26,1.549,2.380,2.419
22693,26,1.447,2.366,2.414
22694,26,1.334,2.346,2.414
22696,26,1.237,2.336,2.414
22698,26,1.197,2.341,2.419
22711,33,0.792,2.287,2.429
22716,33,0.753,2.283,2.449
22717,33,0.777,2.287,2.454
22719,33,0.816,2.292,2.458
22721,33,0.846,2.292,2.454
22722,33,0.953,2.312,2.458
22728,40,1.246,2.341,2.439
22729,40,1.354,2.351,2.429
22731,40,1.452,2.361,2.429
22732,40,1.569,2.370,2.424
22734,40,1.696,2.390,2.429
22736,40,1.799,2.405,2.434
22737,40,1.935,2.424,2.439
22742,40,2.248,2.468,2.463
22743,40,2.356,2.478,2.468
22745,40,2.454,2.493,2.478
22750,55,2.752,2.551,2.688
22752,55,2.815,2.561,2.742
22753,55,2.864,2.576,2.786
22755,55,2.898,2.586,2.820
22758,55,2.913,2.590,2.830
22759,55,2.923,2.595,2.840
22761,55,2.908,2.595,2.825
22763,55,2.893,2.590,2.810
22764,55,2.854,2.581,2.776
22766,55,2.810,2.571,2.737
22767,55,2.752,2.556,2.688
22773,57,2.537,2.507,2.507
22774,57,2.493,2.498,2.488
22776,57,2.449,2.488,2.468
22778,57,2.419,2.488,2.473
22790,57,2.243,2.463,2.458
22795,63,2.253,2.468,2.458
22797,63,2.268,2.463,2.458
22800,63,2.297,2.473,2.463
22801,63,2.331,2.478,2.468
22803,63,2.366,2.483,2.468
22804,63,2.414,2.488,2.473
22806,63,2.468,2.493,2.478
22808,63,2.532,2.502,2.507
22809,63,2.610,2.517,2.566
22811,63,2.693,2.537,2.639
22813,63,2.791,2.556,2.722
22818,54,3.123,2.639,3.021
22820,54,3.221,2.659,3.109
22821,54,3.324,2.683,3.201
22823,54,3.412,2.703,3.280
22824,54,3.509,2.722,3.368
22826,54,3.587,2.742,3.436
22830,54,3.812,2.781,3.641
22832,54,3.881,2.796,3.705
22834,54,3.959,2.810,3.778
22835,54,4.022,2.830,3.832
22842,48,4.218,2.879,4.013
22843,48,4.267,2.884,4.057
22845,48,4.306,2.893,4.096
22846,48,4.340,2.898,4.125
22848,48,4.360,2.898,4.140
22850,48,4.379,2.908,4.164
22851,48,4.389,2.908,4.164
22853,48,4.389,2.908,4.169
22855,48,4.374,2.903,4.150
22856,48,4.340,2.903,4.120
22858,48,4.311,2.893,4.096
22863,37,4.135,2.869,3.930
22865,37,4.076,2.849,3.881
22866,37,3.978,2.830,3.788
22868,37,3.871,2.805,3.695
22872,37,3.583,2.737,3.426
22874,37,3.470,2.717,3.324
22876,37,3.324,2.688,3.196
22877,37,3.187,2.654,3.069
22879,37,3.055,2.625,2.952
22881,37,2.908,2.600,2.820
22887,27,2.454,2.498,2.483
22889,27,2.380,2.483,2.468
22890,27,2.307,2.473,2.463
22892,27,2.229,2.458,2.454
22893,27,2.155,2.454,2.454
22895,27,2.092,2.444,2.449
22897,27,1.994,2.434,2.444
22898,27,1.931,2.429,2.449
22900,27,1.862,2.424,2.444
22902,27,1.789,2.419,2.444
22903,27,1.701,2.405,2.439
22908,30,1.481,2.375,2.424
22913,30,1.310,2.351,2.424
22914,30,1.266,2.346,2.424
22916,30,1.241,2.366,2.478
22918,30,1.149,2.331,2.439
22919,30,1.109,2.326,2.444
22921,30,1.090,2.336,2.454
22922,30,1.031,2.326,2.458
22924,30,1.022,2.322,2.458
22926,30,1.012,2.322,2.454
22932,32,1.017,2.312,2.444
22934,32,1.036,2.312,2.439
22935,32,1.061,2.317,2.429
22937,32,1.100,2.322,2.429
22938,32,1.153,2.326,2.429
22948,32,1.569,2.380,2.429
22956,45,2.023,2.439,2.444
22957,45,2.111,2.449,2.449
22959,45,2.214,2.463,2.463
22963,45,2.444,2.493,2.478
22965,45,2.532,2.502,2.507
22966,45,2.620,2.522,2.576
22968,45,2.693,2.537,2.634
22971,45,2.757,2.551,2.693
22972,45,2.805,2.561,2.737
22978,52,2.893,2.590,2.810
22979,52,2.889,2.590,2.810
22981,52,2.874,2.586,2.796
22983,52,2.849,2.581,2.776
22984,52,2.810,2.571,2.737
22986,52,2.766,2.561,2.698
22987,52,2.708,2.546,2.644
22989,52,2.644,2.532,2.590
22991,52,2.576,2.512,2.537
22992,52,2.512,2.498,2.493
22994,52,2.468,2.488,2.473
22999,61,2.370,2.488,2.473
23001,61,2.326,2.483,2.473
23005,61,2.248,2.463,2.458
23007,61,2.229,2.463,2.458
23009,61,2.209,2.454,2.449
23010,61,2.204,2.449,2.444
23013,61,2.219,2.454,2.449
23014,61,2.243,2.463,2.454
23016,61,2.268,2.468,2.458
23018,61,2.312,2.468,2.463
23023,63,2.561,2.512,2.527
23025,63,2.674,2.537,2.625
23026,63,2.810,2.566,2.742
23028,63,2.957,2.595,2.874
23030,63,3.118,2.634,3.016
23031,63,3.280,2.669,3.162
23033,63,3.456,2.708,3.324
23034,63,3.631,2.742,3.480
23036,63,3.812,2.781,3.646
23038,63,3.988,2.825,3.807
23046,53,4.765,2.977,4.516
23047,53,4.883,2.972,4.594
23049,53,4.995,2.874,4.609
23051,53,5.000,2.766,4.619
23052,53,5.000,2.693,4.619
23054,53,5.000,2.620,4.629
23057,53,5.000,2.566,4.629
23058,53,5.000,2.556,4.629
23060,53,5.000,2.542,4.629
23061,53,5.000,2.556,4.633
23063,53,5.000,2.595,4.629
23068,40,5.000,2.810,4.619
23070,40,4.951,2.928,4.604
23072,40,4.844,2.986,4.570
23073,40,4.707,2.967,4.457
23075,40,4.555,2.942,4.316
23076,40,4.370,2.913,4.150
23078,40,4.223,2.884,4.013
23083,40,3.671,2.771,3.504
23084,40,3.460,2.722,3.324
23089,23,2.698,2.542,2.634
23091,23,2.458,2.488,2.473
23093,23,2.312,2.468,2.458
23094,23,2.170,2.454,2.449
23096,23,2.043,2.439,2.444
23099,23,1.887,2.429,2.444
23100,23,1.735,2.405,2.434
23102,23,1.574,2.390,2.434
23103,23,1.442,2.375,2.429
23105,23,1.261,2.346,2.419
23107,23,1.149,2.336,2.424
23108,23,0.997,2.312,2.414
23114,22,0.596,2.268,2.424
23115,22,0.474,2.302,2.468
23117,22,0.386,2.400,2.581
23118,22,0.342,2.517,2.630
23123,22,0.323,2.698,2.801
23124,22,0.249,2.703,2.825
23126,22,0.244,2.713,2.825
23128,22,0.283,2.722,2.801
23129,22,0.342,2.693,2.781
23135,28,0.332,2.380,2.546
23136,28,0.464,2.268,2.468
23138,28,0.591,2.258,2.434
23139,28,0.758,2.278,2.429
23142,28,0.958,2.307,2.429
23144,28,1.163,2.336,2.429
23145,28,1.344,2.351,2.429
23147,28,1.564,2.380,2.429
23148,28,1.750,2.400,2.429
23150,28,1.975,2.429,2.439
23152,28,2.175,2.449,2.444
23153,28,2.375,2.473,2.458
23159,49,3.060,2.625,2.967
23160,49,3.211,2.654,3.109
23165,49,3.465,2.713,3.333
23166,49,3.495,2.717,3.358
23168,49,3.495,2.717,3.358
23169,49,3.470,2.713,3.328
23184,60,2.620,2.532,2.571
23188,60,2.346,2.478,2.468
23189,60,2.258,2.463,2.458
23191,60,2.155,2.454,2.449
23193,60,2.077,2.444,2.444
23194,60,1.994,2.429,2.439
23196,60,1.945,2.429,2.444
23197,60,1.872,2.419,2.434
23203,64,1.779,2.405,2.434
23204,64,1.774,2.400,2.429
23206,64,1.813,2.410,2.429
23208,64,1.862,2.414,2.429
23209,64,1.921,2.414,2.429
23211,64,2.014,2.429,2.434
23215,64,2.400,2.483,2.463
23217,64,2.590,2.512,2.556
23218,64,2.835,2.571,2.766
23220,64,3.079,2.630,2.986
23226,57,3.891,2.805,3.719
23228,57,4.115,2.849,3.925
23230,57,4.326,2.889,4.115
23231,57,4.526,2.933,4.301
23233,57,4.702,2.967,4.462
23235,57,4.853,2.977,4.580
23236,57,4.995,2.874,4.609
23238,57,5.000,2.757,4.614
23239,57,5.000,2.678,4.619
23241,57,5.000,2.610,4.624
23243,57,5.000,2.595,4.624
23248,46,5.000,2.649,4.619
23250,46,5.000,2.713,4.619
23251,46,5.000,2.805,4.609
23256,46,4.785,2.986,4.526
23257,46,4.643,2.967,4.394
23259,46,4.497,2.942,4.262
23260,46,4.340,2.908,4.115
23262,46,4.164,2.869,3.954
23264,46,3.998,2.840,3.807
23265,46,3.812,2.801,3.631
23272,30,3.133,2.644,3.021
23273,30,2.923,2.595,2.830
23275,30,2.722,2.546,2.654
23277,30,2.522,2.502,2.498
23278,30,2.390,2.488,2.468
23280,30,2.283,2.478,2.468
23281,30,2.180,2.463,2.463
23283,30,2.067,2.449,2.454
23285,30,1.950,2.434,2.444
23286,30,1.838,2.419,2.439
23288,30,1.730,2.405,2.429
23293,22,1.417,2.361,2.419
23298,22,1.217,2.351,2.429
23299,22,1.168,2.341,2.424
23301,22,1.105,2.336,2.424
23302,22,1.026,2.317,2.419
23304,22,1.017,2.326,2.424
23306,22,0.934,2.302,2.414
23307,22,0.899,2.297,2.414
23309,22,0.880,2.287,2.410
23310,22,0.870,2.283,2.410
23317,34,0.860,2.287,2.414
23318,34,0.885,2.297,2.419
23320,34,0.943,2.307,2.424
23322,34,0.987,2.317,2.429
23323,34,1.012,2.312,2.424
23325,34,1.041,2.312,2.419
23326,34,1.119,2.326,2.419
23328,34,1.188,2.331,2.419
23330,34,1.256,2.341,2.414
23334,34,1.437,2.351,2.414
23339,43,1.720,2.405,2.434
23341,43,1.823,2.419,2.444
23342,43,1.887,2.419,2.439
23344,43,1.970,2.434,2.444
23346,43,2.043,2.439,2.449
23347,43,2.102,2.449,2.454
23349,43,2.175,2.458,2.454
23351,43,2.229,2.458,2.454
23352,43,2.283,2.463,2.458
23355,43,2.331,2.473,2.463
23356,43,2.375,2.478,2.463
23362,51,2.488,2.502,2.488
23363,51,2.507,2.502,2.493
23365,51,2.522,2.502,2.502
23367,51,2.532,2.507,2.507
23368,51,2.537,2.502,2.507
23370,51,2.537,2.502,2.512
23374,51,2.537,2.502,2.507
23376,51,2.532,2.507,2.507
23378,51,2.522,2.502,2.502
23379,51,2.517,2.507,2.498
23384,54,2.502,2.502,2.493
23386,54,2.493,2.498,2.483
23388,54,2.488,2.493,2.483
23389,54,2.483,2.493,2.483
23391,54,2.478,2.493,2.478
23393,54,2.478,2.493,2.478
23394,54,2.478,2.493,2.483
23397,54,2.483,2.493,2.483
23399,54,2.493,2.502,2.488
23412,61,2.654,2.527,2.600
23416,61,2.771,2.556,2.703
23417,61,2.835,2.571,2.757
23419,61,2.898,2.581,2.815
23421,61,2.972,2.600,2.884
23429,53,3.397,2.693,3.265
23430,53,3.485,2.713,3.343
23432,53,3.587,2.737,3.436
23434,53,3.685,2.757,3.524
23435,53,3.793,2.781,3.627
23437,53,3.891,2.801,3.719
23440,53,4.008,2.830,3.822
23441,53,4.106,2.854,3.910
23443,53,4.194,2.879,3.993
23444,53,4.277,2.889,4.062
23446,53,4.345,2.903,4.125
23448,53,4.399,2.913,4.179
23453,46,4.545,2.937,4.311
23455,46,4.550,2.972,4.321
23456,46,4.555,2.947,4.326
23458,46,4.545,2.947,4.316
23459,46,4.526,2.942,4.291
23461,46,4.482,2.937,4.257
23463,46,4.433,2.933,4.213
23479,36,3.324,2.693,3.196
23480,36,3.177,2.659,3.060
23483,36,3.001,2.620,2.903
23485,36,2.840,2.581,2.761
23486,36,2.664,2.542,2.610
23488,36,2.498,2.502,2.488
23489,36,2.385,2.483,2.468
23491,36,2.297,2.468,2.458
23493,36,2.204,2.458,2.454
23498,23,1.887,2.429,2.444
23500,23,1.779,2.410,2.439
23501,23,1.696,2.410,2.439
23503,23,1.593,2.390,2.439
23505,23,1.510,2.380,2.439
23506,23,1.442,2.375,2.434
23508,23,1.320,2.346,2.424
23509,23,1.281,2.351,2.429
23511,23,1.178,2.331,2.424
23519,27,0.914,2.307,2.444
23521,27,0.880,2.297,2.434
23522,27,0.855,2.297,2.434
23525,27,0.865,2.297,2.439
23527,27,0.831,2.292,2.434
23528,27,0.865,2.297,2.439
23530,27,0.904,2.307,2.454
23531,27,0.904,2.326,2.537
23533,27,0.899,2.297,2.444
23535,27,0.943,2.292,2.429
23536,27,1.056,2.312,2.429
23538,27,1.100,2.307,2.414
23543,41,1.466,2.375,2.434
23545,41,1.544,2.380,2.429
23546,41,1.662,2.390,2.429
23548,41,1.779,2.405,2.434
23550,41,1.877,2.414,2.434
23551,41,1.989,2.424,2.439
23556,41,2.287,2.468,2.458
23557,41,2.380,2.483,2.468
23559,41,2.478,2.498,2.483
23564,52,2.757,2.561,2.693
23566,52,2.810,2.566,2.742
23568,52,2.849,2.576,2.776
23570,52,2.879,2.581,2.796
23572,52,2.884,2.576,2.801
23573,52,2.874,2.576,2.796
23575,52,2.869,2.576,2.786
23577,52,2.840,2.576,2.766
23578,52,2.805,2.571,2.737
23580,52,2.761,2.561,2.693
23581,52,2.703,2.551,2.644
23583,52,2.639,2.532,2.586
23588,58,2.444,2.488,2.468
23590,58,2.405,2.483,2.468
23592,58,2.366,2.478,2.463
23593,58,2.331,2.473,2.463
23598,58,2.258,2.473,2.468
23599,58,2.234,2.468,2.463
23601,58,2.229,2.468,2.463
23603,58,2.229,2.463,2.463
23604,58,2.234,2.463,2.458
23611,61,2.331,2.473,2.463
23612,61,2.385,2.478,2.463
23614,61,2.454,2.483,2.468
23615,61,2.546,2.502,2.517
23617,61,2.669,2.532,2.620
23619,61,2.801,2.561,2.737
23620,61,2.947,2.595,2.864
23622,61,3.094,2.630,2.991
23624,61,3.245,2.664,3.133
23625,61,3.402,2.698,3.275
23627,61,3.553,2.732,3.412
23628,61,3.705,2.761,3.548
23634,52,4.169,2.859,3.964
23638,52,4.453,2.923,4.233
23640,52,4.536,2.942,4.301
23641,52,4.599,2.957,4.360
23656,44,4.497,2.937,4.267
23660,44,4.282,2.893,4.062
23661,44,4.154,2.864,3.944
23663,44,4.027,2.849,3.832
23664,44,3.886,2.815,3.705
23666,44,3.734,2.776,3.568
23668,44,3.578,2.742,3.421
23669,44,3.407,2.703,3.270
23671,44,3.240,2.664,3.113
23673,44,3.065,2.625,2.957
23678,30,2.512,2.507,2.493
23680,30,2.400,2.493,2.478
23681,30,2.312,2.483,2.473
23683,30,2.234,2.473,2.463
23684,30,2.141,2.458,2.458
23689,30,1.887,2.419,2.434
23690,30,1.794,2.405,2.429
23692,30,1.711,2.390,2.424
23694,30,1.632,2.380,2.419
23696,30,1.569,2.380,2.424
23702,26,1.388,2.380,2.439
23703,26,1.281,2.346,2.424
23705,26,1.251,2.351,2.424
23706,26,1.217,2.346,2.424
23708,26,1.178,2.326,2.414
23710,26,1.173,2.336,2.429
23711,26,1.114,2.312,2.414
23713,26,1.149,2.331,2.419
23714,26,1.129,2.326,2.424
23716,26,1.153,2.336,2.429
23718,26,1.158,2.331,2.429
23723,41,1.261,2.346,2.439
23725,41,1.285,2.346,2.424
23729,41,1.457,2.366,2.419
23731,41,1.486,2.361,2.414
23732,41,1.593,2.380,2.419
23734,41,1.632,2.380,2.419
23735,41,1.720,2.395,2.429
23738,41,1.784,2.405,2.434
23740,41,1.867,2.419,2.439
23741,41,1.945,2.434,2.444
23747,44,2.141,2.454,2.454
23748,44,2.190,2.458,2.454
23750,44,2.243,2.463,2.458
23751,44,2.278,2.463,2.454
23753,44,2.317,2.468,2.458
23755,44,2.356,2.473,2.463
23756,44,2.390,2.483,2.468
23758,44,2.419,2.488,2.468
23760,44,2.444,2.493,2.478
23761,44,2.463,2.498,2.483
23763,44,2.483,2.498,2.483
23771,52,2.551,2.502,2.517
23772,52,2.561,2.502,2.527
23774,52,2.576,2.507,2.537
23776,52,2.600,2.517,2.561
23777,52,2.620,2.522,2.576
23779,52,2.649,2.532,2.595
23782,52,2.674,2.537,2.620
23783,52,2.703,2.546,2.649
23785,52,2.732,2.551,2.674
23786,52,2.761,2.556,2.693
23792,52,2.879,2.581,2.796
23793,52,2.913,2.590,2.830
23795,52,2.947,2.595,2.864
23797,52,2.986,2.605,2.898
23798,52,3.030,2.620,2.933
23800,52,3.065,2.630,2.967
23802,52,3.109,2.639,3.006
23803,52,3.138,2.644,3.030
23808,52,3.201,2.654,3.089
23809,52,3.216,2.654,3.099
23815,46,3.260,2.669,3.138
23816,46,3.250,2.664,3.133
23818,46,3.250,2.669,3.133
23819,46,3.236,2.669,3.118
23821,46,3.226,2.669,3.109
23824,46,3.196,2.659,3.084
23825,46,3.187,2.654,3.069
23827,46,3.148,2.649,3.040
23829,46,3.118,2.639,3.006
23830,46,3.074,2.630,2.972
23832,46,3.021,2.610,2.923
23837,41,2.859,2.581,2.776
23839,41,2.801,2.571,2.732
23840,41,2.752,2.561,2.683
23842,41,2.688,2.546,2.630
23844,41,2.625,2.532,2.576
23848,41,2.483,2.493,2.478
23850,41,2.463,2.488,2.473
23851,41,2.444,2.483,2.468
23853,41,2.429,2.483,2.468
23854,41,2.424,2.483,2.463
23860,41,2.395,2.488,2.473
23861,41,2.380,2.488,2.473
23863,41,2.375,2.488,2.473
23866,41,2.366,2.483,2.468
23867,41,2.361,2.483,2.468
23869,41,2.356,2.473,2.463
23871,41,2.351,2.473,2.463
23884,43,2.370,2.488,2.473
23888,43,2.375,2.483,2.468
23889,43,2.375,2.478,2.463
23891,43,2.375,2.478,2.463
23893,43,2.385,2.478,2.463
23894,43,2.390,2.478,2.463
23896,43,2.400,2.483,2.468
23904,45,2.454,2.498,2.483
23906,45,2.454,2.493,2.478
23907,45,2.458,2.493,2.478
23910,45,2.463,2.493,2.478
23912,45,2.463,2.488,2.473
23913,45,2.473,2.488,2.478
23915,45,2.483,2.493,2.478
23916,45,2.493,2.498,2.488
23918,45,2.507,2.502,2.493
23920,45,2.512,2.502,2.498
23921,45,2.517,2.507,2.502
23927,43,2.512,2.502,2.493
23928,43,2.502,2.498,2.488
23930,43,2.502,2.498,2.488
23932,43,2.498,2.493,2.483
23933,43,2.502,2.493,2.483
23935,43,2.502,2.493,2.488
23936,43,2.502,2.498,2.488
23941,43,2.512,2.507,2.498
23942,43,2.512,2.502,2.498
23944,43,2.512,2.502,2.498
23949,47,2.502,2.498,2.488
23952,47,2.498,2.488,2.483
23954,47,2.498,2.493,2.483
23955,47,2.498,2.493,2.483
23957,47,2.498,2.498,2.483
23959,47,2.498,2.498,2.488
23960,47,2.498,2.498,2.488
23962,47,2.498,2.498,2.488
23963,47,2.498,2.502,2.488
23965,47,2.493,2.502,2.488
23967,47,2.488,2.498,2.483
23972,45,2.473,2.488,2.473
23974,45,2.463,2.488,2.473
23975,45,2.463,2.488,2.473
23977,45,2.458,2.488,2.473
23981,45,2.454,2.498,2.478
23983,45,2.449,2.498,2.478
23985,45,2.444,2.493,2.478
23986,45,2.439,2.493,2.478
23988,45,2.429,2.483,2.468
23989,45,2.424,2.483,2.468
23996,44,2.414,2.483,2.468
23997,44,2.410,2.483,2.468
23999,44,2.414,2.488,2.473
24001,44,2.419,2.493,2.478
24002,44,2.419,2.493,2.478
24004,44,2.419,2.488,2.478
24006,44,2.419,2.488,2.473
24007,44,2.419,2.488,2.473
24009,44,2.410,2.483,2.463
24010,44,2.414,2.483,2.463
24012,44,2.414,2.483,2.463
24017,44,2.429,2.488,2.473
24022,44,2.454,2.498,2.483
24023,44,2.458,2.498,2.483
24025,44,2.463,2.498,2.483
24027,44,2.458,2.493,2.478
24028,44,2.458,2.488,2.473
24030,44,2.463,2.488,2.473
24032,44,2.468,2.488,2.473
24033,44,2.478,2.488,2.478
24035,44,2.488,2.493,2.478
24041,46,2.517,2.507,2.498
24043,46,2.512,2.502,2.498
24044,46,2.512,2.502,2.498
24046,46,2.512,2.502,2.493
24048,46,2.507,2.498,2.493
24049,46,2.502,2.493,2.488
24051,46,2.502,2.493,2.483
24052,46,2.502,2.493,2.483
24054,46,2.502,2.493,2.483
24056,46,2.507,2.498,2.488
24064,46,2.517,2.507,2.498
24065,46,2.512,2.502,2.493
24067,46,2.507,2.498,2.493
24069,46,2.502,2.493,2.488
24070,46,2.498,2.493,2.483
24072,46,2.502,2.493,2.483
24074,46,2.502,2.493,2.483
24075,46,2.502,2.498,2.488
24077,46,2.507,2.498,2.488
24078,46,2.512,2.502,2.498
24081,46,2.512,2.507,2.498
24086,45,2.512,2.502,2.498
24088,45,2.507,2.498,2.493
24090,45,2.502,2.498,2.488
24091,45,2.502,2.493,2.483
24093,45,2.502,2.493,2.483
24094,45,2.502,2.493,2.483
24096,45,2.502,2.498,2.488
24100,45,2.512,2.502,2.498
24102,45,2.512,2.502,2.498
24115,44,2.507,2.498,2.488
24119,44,2.507,2.502,2.493
24122,44,2.517,2.507,2.498
24124,44,2.512,2.502,2.498
24125,44,2.512,2.502,2.498
24131,46,2.507,2.498,2.488
24132,46,2.502,2.493,2.483
24134,46,2.502,2.493,2.483
24135,46,2.502,2.493,2.488
24137,46,2.507,2.498,2.488
24139,46,2.512,2.502,2.498
24140,46,2.512,2.502,2.498
24142,46,2.512,2.502,2.498
24144,46,2.512,2.502,2.498
24145,46,2.512,2.502,2.498
24147,46,2.507,2.502,2.493
24163,43,2.517,2.507,2.498
24166,43,2.512,2.502,2.498
24167,43,2.507,2.502,2.493
24169,43,2.502,2.498,2.488
24170,43,2.502,2.493,2.488
24172,43,2.502,2.493,2.483
24177,45,2.507,2.498,2.493
24179,45,2.512,2.502,2.498
24181,45,2.512,2.507,2.498
24182,45,2.512,2.502,2.498
24184,45,2.512,2.502,2.498
24185,45,2.512,2.502,2.493
24187,45,2.507,2.502,2.493
24189,45,2.502,2.493,2.488
24190,45,2.502,2.493,2.483
24192,45,2.502,2.493,2.483
24194,45,2.498,2.493,2.483
24199,47,2.517,2.502,2.498
24201,47,2.512,2.502,2.498
24205,47,2.512,2.502,2.493
24208,47,2.507,2.502,2.493
24209,47,2.502,2.493,2.483
24211,47,2.502,2.493,2.483
24212,47,2.502,2.493,2.483
24214,47,2.502,2.493,2.488
24216,47,2.502,2.498,2.488
24221,46,2.517,2.507,2.502
24223,46,2.512,2.507,2.498
24224,46,2.512,2.507,2.498
24226,46,2.512,2.502,2.493
24228,46,2.507,2.502,2.493
24229,46,2.502,2.498,2.488
24231,46,2.502,2.493,2.483
24232,46,2.502,2.493,2.483
24234,46,2.502,2.493,2.488
24236,46,2.507,2.498,2.488
24237,46,2.507,2.498,2.493
24245,47,2.512,2.502,2.498
24247,47,2.507,2.498,2.493
24250,47,2.502,2.498,2.488
24251,47,2.498,2.493,2.483
24253,47,2.498,2.493,2.483
24255,47,2.498,2.493,2.483
24256,47,2.502,2.498,2.488
24258,47,2.507,2.498,2.493
24259,47,2.507,2.502,2.493
24261,47,2.512,2.507,2.498
24266,48,2.512,2.502,2.493
24268,48,2.502,2.498,2.488
24270,48,2.502,2.498,2.488
24271,48,2.498,2.493,2.483
24273,48,2.498,2.493,2.483
24274,48,2.498,2.493,2.483
24276,48,2.502,2.498,2.488
24278,48,2.507,2.498,2.493
24282,48,2.507,2.502,2.498
24284,48,2.507,2.502,2.493
24289,47,2.502,2.498,2.488
24291,47,2.493,2.493,2.483
24293,47,2.493,2.493,2.478
24295,47,2.493,2.493,2.483
24297,47,2.493,2.493,2.483
24298,47,2.498,2.498,2.488
24300,47,2.502,2.502,2.493
24301,47,2.507,2.502,2.493
24303,47,2.507,2.502,2.493
24305,47,2.502,2.502,2.493
24306,47,2.498,2.498,2.488
24312,46,2.488,2.493,2.478
24313,46,2.483,2.493,2.478
24315,46,2.483,2.493,2.478
24317,46,2.483,2.493,2.483
24318,46,2.483,2.498,2.483
24323,46,2.483,2.502,2.488
24324,46,2.478,2.498,2.483
24326,46,2.478,2.498,2.483
24327,46,2.473,2.493,2.478
24329,46,2.468,2.488,2.478
24334,45,2.468,2.493,2.473
24337,45,2.468,2.493,2.478
24339,45,2.473,2.498,2.483
24340,45,2.478,2.498,2.483
24342,45,2.483,2.498,2.488
24344,45,2.488,2.498,2.488
24357,45,2.502,2.498,2.488
24361,45,2.512,2.507,2.498
24362,45,2.512,2.502,2.498
24364,45,2.507,2.502,2.493
24366,45,2.507,2.502,2.493
24367,45,2.502,2.498,2.488
24369,45,2.502,2.498,2.488
24371,45,2.498,2.493,2.483
24380,46,2.512,2.502,2.498
24381,46,2.507,2.502,2.498
24383,46,2.507,2.502,2.493
24385,46,2.507,2.502,2.493
24386,46,2.502,2.498,2.493
24388,46,2.502,2.498,2.488
24389,46,2.498,2.493,2.483
24391,46,2.493,2.493,2.483
24393,46,2.498,2.493,2.483
24394,46,2.498,2.493,2.483
24396,46,2.502,2.498,2.488
24398,46,2.502,2.498,2.488
24403,44,2.507,2.502,2.493
24405,44,2.502,2.502,2.493
24406,44,2.502,2.498,2.488
24408,44,2.498,2.493,2.483
24409,44,2.498,2.493,2.483
24411,44,2.493,2.493,2.483
24415,44,2.498,2.498,2.488
24417,44,2.498,2.498,2.488
24419,44,2.502,2.502,2.493
24425,47,2.502,2.502,2.493
24427,47,2.498,2.498,2.488
24428,47,2.493,2.493,2.483
24430,47,2.493,2.493,2.483
24432,47,2.493,2.493,2.483
24433,47,2.493,2.493,2.483
24435,47,2.493,2.493,2.483
24436,47,2.498,2.493,2.488
24438,47,2.502,2.498,2.493
24440,47,2.498,2.498,2.488
24441,47,2.507,2.502,2.493
24443,47,2.507,2.502,2.493
24448,45,2.502,2.498,2.488
24450,45,2.498,2.493,2.483
24451,45,2.498,2.493,2.483
24456,45,2.502,2.498,2.488
24458,45,2.507,2.498,2.493
24459,45,2.507,2.502,2.493
24461,45,2.512,2.507,2.498
24462,45,2.512,2.502,2.498
24465,45,2.507,2.502,2.498
24470,47,2.502,2.498,2.488
24472,47,2.498,2.493,2.483
24474,47,2.498,2.493,2.483
24475,47,2.498,2.493,2.483
24477,47,2.502,2.498,2.488
24478,47,2.507,2.502,2.493
24480,47,2.507,2.502,2.498
24482,47,2.512,2.507,2.498
24483,47,2.512,2.502,2.498
24485,47,2.507,2.502,2.493
24487,47,2.502,2.502,2.493
24488,47,2.498,2.498,2.483
24494,47,2.498,2.493,2.483
24498,47,2.498,2.498,2.488
24500,47,2.498,2.502,2.488
24501,47,2.498,2.502,2.493
24503,47,2.498,2.502,2.493
24504,47,2.493,2.502,2.488
24507,47,2.493,2.498,2.483
24509,47,2.483,2.493,2.483
24510,47,2.483,2.493,2.478
24516,47,2.478,2.493,2.478
24517,47,2.473,2.493,2.478
24519,47,2.478,2.498,2.483
24521,47,2.473,2.498,2.483
24522,47,2.473,2.498,2.483
24524,47,2.473,2.498,2.483
24525,47,2.468,2.498,2.483
24527,47,2.468,2.493,2.478
24529,47,2.458,2.488,2.473
24530,47,2.458,2.483,2.468
24538,48,2.468,2.498,2.483
24540,48,2.463,2.498,2.483
24542,48,2.463,2.498,2.483
24543,48,2.463,2.498,2.483
24545,48,2.458,2.493,2.478
24547,48,2.458,2.493,2.478
24549,48,2.444,2.483,2.468
24551,48,2.439,2.483,2.468
24552,48,2.439,2.483,2.468
24554,48,2.439,2.483,2.468
24556,48,2.439,2.488,2.468
24561,49,2.458,2.502,2.483
24563,49,2.454,2.498,2.483
24564,49,2.454,2.498,2.483
24566,49,2.454,2.493,2.478
24568,49,2.454,2.493,2.478
24569,49,2.454,2.488,2.473
24571,49,2.449,2.483,2.468
24575,49,2.454,2.488,2.473
24588,50,2.468,2.493,2.478
24594,50,2.468,2.488,2.473
24595,50,2.468,2.488,2.473
24597,50,2.473,2.493,2.478
24598,50,2.478,2.498,2.483
24600,50,2.483,2.498,2.483
24602,50,2.488,2.502,2.488
24607,49,2.498,2.502,2.488
24609,49,2.488,2.493,2.483
24610,49,2.488,2.493,2.483
24612,49,2.488,2.493,2.483
24614,49,2.493,2.493,2.483
24615,49,2.493,2.493,2.483
24617,49,2.498,2.498,2.483
24618,49,2.502,2.502,2.493
24620,49,2.502,2.502,2.493
24622,49,2.502,2.507,2.498
24630,49,2.478,2.493,2.478
24631,49,2.468,2.488,2.473
24634,49,2.468,2.488,2.473
24636,49,2.468,2.488,2.473
24637,49,2.468,2.493,2.478
24639,49,2.478,2.498,2.483
24641,49,2.478,2.498,2.483
24642,49,2.483,2.502,2.488
24644,49,2.483,2.498,2.488
24645,49,2.483,2.498,2.483
24647,49,2.478,2.498,2.483
24652,48,2.473,2.488,2.473
24654,48,2.468,2.488,2.473
24656,48,2.473,2.493,2.478
24657,48,2.473,2.493,2.478
24659,48,2.473,2.498,2.483
24661,48,2.478,2.502,2.483
24662,48,2.473,2.498,2.483
24664,48,2.468,2.498,2.483
24668,48,2.458,2.488,2.473
24674,51,2.463,2.493,2.473
24675,51,2.463,2.493,2.478
24678,51,2.463,2.493,2.478
24679,51,2.468,2.498,2.483
24681,51,2.468,2.498,2.483
24683,51,2.463,2.498,2.483
24684,51,2.463,2.498,2.483
24686,51,2.458,2.493,2.478
24688,51,2.454,2.493,2.478
24689,51,2.449,2.488,2.473
24691,51,2.444,2.483,2.468
24696,48,2.444,2.488,2.473
24698,48,2.444,2.493,2.478
24699,48,2.449,2.493,2.478
24701,48,2.449,2.498,2.483
24703,48,2.449,2.493,2.478
24704,48,2.454,2.493,2.478
24709,48,2.444,2.483,2.468
24710,48,2.444,2.483,2.468
24712,48,2.444,2.483,2.468
24714,48,2.444,2.483,2.468
24720,52,2.463,2.498,2.483
24722,52,2.463,2.498,2.483
24723,52,2.463,2.498,2.483
24725,52,2.468,2.498,2.483
24726,52,2.468,2.493,2.478
24728,52,2.468,2.493,2.478
24730,52,2.468,2.488,2.473
24731,52,2.473,2.488,2.473
24733,52,2.478,2.488,2.478
24735,52,2.483,2.493,2.478
24736,52,2.493,2.498,2.483
24742,48,2.512,2.507,2.498
24743,48,2.507,2.502,2.498
24745,48,2.512,2.502,2.498
24749,48,2.502,2.493,2.488
24751,48,2.502,2.493,2.483
24752,48,2.502,2.493,2.488
24754,48,2.502,2.498,2.488
24756,48,2.507,2.498,2.493
24757,48,2.507,2.502,2.493
24759,48,2.512,2.502,2.498
24765,49,2.512,2.502,2.498
24767,49,2.507,2.498,2.493
24768,49,2.502,2.498,2.488
24770,49,2.502,2.498,2.488
24772,49,2.502,2.493,2.488
24773,49,2.502,2.493,2.488
24775,49,2.502,2.493,2.488
24777,49,2.507,2.498,2.493
24778,49,2.507,2.502,2.493
24780,49,2.512,2.502,2.493
24781,49,2.512,2.502,2.498
24787,51,2.507,2.502,2.493
24791,51,2.502,2.493,2.488
24793,51,2.502,2.493,2.488
24794,51,2.502,2.493,2.488
24796,51,2.507,2.498,2.493
24798,51,2.507,2.502,2.493
24799,51,2.507,2.502,2.498
24801,51,2.512,2.507,2.498
24803,51,2.512,2.502,2.498
24805,51,2.512,2.502,2.498
24818,50,2.512,2.502,2.498
24822,50,2.512,2.502,2.498
24824,50,2.512,2.502,2.498
24826,50,2.507,2.502,2.493
24827,50,2.507,2.498,2.493
24833,50,2.502,2.493,2.488
24834,50,2.502,2.498,2.488
24836,50,2.507,2.498,2.493
24838,50,2.507,2.502,2.493
24851,50,2.498,2.493,2.483
24856,50,2.507,2.498,2.493
24858,50,2.507,2.498,2.493
24860,50,2.507,2.502,2.498
24861,50,2.512,2.502,2.498
24863,50,2.512,2.502,2.498
24864,50,2.512,2.502,2.498
24866,50,2.507,2.502,2.493
24868,50,2.502,2.498,2.488
24869,50,2.502,2.493,2.488
24871,50,2.502,2.493,2.483
24873,50,2.502,2.493,2.488
24878,53,2.512,2.502,2.498
24879,53,2.507,2.502,2.493
24881,53,2.512,2.502,2.498
24883,53,2.512,2.502,2.498
24884,53,2.512,2.502,2.498
24886,53,2.507,2.498,2.493
24891,53,2.502,2.493,2.488
24893,53,2.502,2.493,2.488
24895,53,2.502,2.493,2.488
24896,53,2.502,2.498,2.493
24902,51,2.517,2.507,2.498
24903,51,2.512,2.502,2.498
24905,51,2.507,2.502,2.498
24906,51,2.507,2.498,2.493
24908,51,2.502,2.498,2.488
24910,51,2.502,2.493,2.488
24911,51,2.502,2.493,2.483
24913,51,2.502,2.493,2.488
24915,51,2.502,2.493,2.488
24916,51,2.502,2.498,2.493
24918,51,2.507,2.502,2.498
24923,51,2.517,2.507,2.498
24925,51,2.507,2.502,2.498
24926,51,2.507,2.498,2.493
24931,51,2.502,2.493,2.483
24933,51,2.502,2.493,2.488
24935,51,2.502,2.493,2.488
24937,51,2.502,2.498,2.488
24938,51,2.507,2.502,2.493
24940,51,2.507,2.502,2.493
24945,50,2.512,2.502,2.498
24947,50,2.507,2.498,2.493
24948,50,2.502,2.493,2.488
24950,50,2.502,2.493,2.488
24952,50,2.502,2.493,2.488
24953,50,2.502,2.493,2.488
24955,50,2.502,2.498,2.488
24957,50,2.507,2.498,2.493
24958,50,2.512,2.502,2.498
24960,50,2.512,2.502,2.498
24961,50,2.512,2.507,2.498
24963,50,2.512,2.502,2.498
24968,50,2.502,2.498,2.488
24973,50,2.502,2.493,2.488
24974,50,2.502,2.498,2.488
24977,50,2.507,2.498,2.493
24979,50,2.507,2.502,2.498
24980,50,2.507,2.502,2.498
24982,50,2.512,2.502,2.498
24984,50,2.512,2.502,2.498
24985,50,2.512,2.502,2.493
24990,52,2.502,2.498,2.488
24992,52,2.502,2.493,2.488
24994,52,2.502,2.493,2.488
24995,52,2.502,2.498,2.488
24997,52,2.507,2.498,2.493
24999,52,2.512,2.502,2.498
25000,52,2.512,2.507,2.498
25002,52,2.512,2.502,2.498
25003,52,2.512,2.502,2.498
25005,52,2.507,2.498,2.493
25013,51,2.502,2.498,2.488
25015,51,2.502,2.498,2.493
25016,51,2.507,2.498,2.493
25019,51,2.507,2.502,2.498
25021,51,2.507,2.502,2.498
25022,51,2.512,2.502,2.498
25024,51,2.512,2.502,2.498
25026,51,2.507,2.502,2.493
25027,51,2.507,2.498,2.493
25029,51,2.502,2.493,2.488
25030,51,2.502,2.493,2.488
25036,50,2.507,2.498,2.493
25037,50,2.507,2.498,2.493
25039,50,2.512,2.502,2.498
25041,50,2.512,2.507,2.498
25042,50,2.512,2.502,2.498
25044,50,2.512,2.502,2.498
25045,50,2.507,2.502,2.493
25062,50,2.517,2.507,2.498
25067,50,2.507,2.498,2.493
25068,50,2.502,2.498,2.488
25070,50,2.502,2.498,2.488
25071,50,2.502,2.493,2.488
25073,50,2.502,2.493,2.488
25075,50,2.502,2.493,2.488
25076,50,2.507,2.498,2.488
25082,54,2.512,2.502,2.498
25083,54,2.512,2.502,2.498
25085,54,2.512,2.502,2.498
25087,54,2.507,2.498,2.493
25088,54,2.502,2.493,2.488
25090,54,2.502,2.493,2.488
25091,54,2.502,2.493,2.488
25093,54,2.502,2.493,2.488
25095,54,2.502,2.498,2.488
25096,54,2.507,2.498,2.493
25098,54,2.512,2.502,2.498
25107,52,2.512,2.502,2.493
25109,52,2.502,2.498,2.488
25110,52,2.502,2.498,2.488
25112,52,2.502,2.493,2.488
25113,52,2.502,2.493,2.488
25115,52,2.502,2.498,2.488
25117,52,2.507,2.498,2.493
25118,52,2.507,2.502,2.498
25120,52,2.507,2.502,2.498
25122,52,2.512,2.502,2.498
25127,52,2.507,2.502,2.493
25129,52,2.502,2.493,2.488
25130,52,2.498,2.493,2.483
25132,52,2.498,2.493,2.483
25133,52,2.498,2.493,2.488
25135,52,2.502,2.498,2.488
25137,52,2.507,2.498,2.493
25138,52,2.512,2.502,2.498
25143,52,2.512,2.502,2.498
25149,50,2.502,2.493,2.488
25151,50,2.498,2.493,2.483
25152,50,2.498,2.493,2.483
25154,50,2.502,2.493,2.488
25156,50,2.502,2.498,2.488
25157,50,2.502,2.498,2.488
25159,50,2.507,2.502,2.498
25160,50,2.507,2.502,2.498
25162,50,2.507,2.502,2.498
25164,50,2.507,2.502,2.498
25165,50,2.502,2.498,2.493
25167,50,2.502,2.498,2.488
25172,50,2.498,2.493,2.483
25174,50,2.498,2.493,2.483
25176,50,2.498,2.498,2.488
25177,50,2.498,2.498,2.488
25179,50,2.502,2.502,2.493
25183,50,2.498,2.502,2.488
25185,50,2.488,2.498,2.483
25187,50,2.483,2.493,2.483
25189,50,2.473,2.488,2.478
25194,50,2.463,2.493,2.478
25196,50,2.463,2.493,2.478
25198,50,2.463,2.493,2.478
25199,50,2.458,2.498,2.483
25201,50,2.463,2.498,2.483
25203,50,2.458,2.498,2.483
25204,50,2.458,2.493,2.483
25206,50,2.454,2.493,2.478
25208,50,2.454,2.488,2.473
25209,50,2.449,2.488,2.473
25211,50,2.449,2.483,2.468
25212,50,2.449,2.483,2.468
25218,53,2.458,2.498,2.478
25219,53,2.458,2.493,2.478
25224,53,2.463,2.498,2.483
25225,53,2.463,2.493,2.478
25227,53,2.458,2.493,2.478
25229,53,2.458,2.488,2.473
25230,53,2.458,2.488,2.468
25233,53,2.463,2.488,2.473
25235,53,2.463,2.488,2.473
25240,50,2.483,2.498,2.483
25241,50,2.483,2.498,2.483
25243,50,2.483,2.498,2.483
25245,50,2.483,2.498,2.483
25246,50,2.483,2.498,2.483
25248,50,2.488,2.493,2.483
25250,50,2.488,2.493,2.483
25251,50,2.493,2.493,2.483
25253,50,2.493,2.493,2.483
25255,50,2.498,2.493,2.488
25256,50,2.502,2.498,2.493
25258,50,2.507,2.502,2.493
25266,53,2.507,2.502,2.493
25267,53,2.502,2.498,2.488
25269,53,2.502,2.498,2.488
25271,53,2.502,2.493,2.488
25272,53,2.502,2.493,2.488
25275,53,2.502,2.493,2.488
25277,53,2.502,2.498,2.493
25278,53,2.507,2.502,2.493
25291,52,2.502,2.493,2.488
25295,52,2.507,2.498,2.493
25297,52,2.507,2.498,2.493
25299,52,2.512,2.502,2.498
25300,52,2.512,2.502,2.498
25302,52,2.512,2.502,2.498
25307,53,2.507,2.498,2.493
25309,53,2.502,2.498,2.488
25311,53,2.498,2.493,2.483
25312,53,2.502,2.493,2.488
25318,53,2.507,2.498,2.493
25319,53,2.512,2.502,2.498
25321,53,2.512,2.502,2.498
25322,53,2.512,2.502,2.498
25324,53,2.512,2.502,2.498
25326,53,2.507,2.498,2.493
25331,53,2.502,2.493,2.488
25333,53,2.502,2.493,2.488
25334,53,2.502,2.493,2.488
25336,53,2.502,2.498,2.488
25338,53,2.507,2.498,2.493
25339,53,2.507,2.502,2.493
25341,53,2.512,2.502,2.498
25342,53,2.512,2.502,2.498
25344,53,2.507,2.502,2.498
25346,53,2.507,2.498,2.493
25347,53,2.502,2.498,2.488
25353,52,2.502,2.498,2.488
25357,52,2.507,2.498,2.493
25360,52,2.507,2.502,2.493
25361,52,2.512,2.502,2.498
25363,52,2.507,2.502,2.498
25364,52,2.507,2.502,2.498
25366,52,2.507,2.498,2.493
25368,52,2.507,2.498,2.493
25369,52,2.502,2.498,2.488
25371,52,2.498,2.493,2.483
25376,53,2.507,2.498,2.493
25378,53,2.507,2.502,2.493
25380,53,2.507,2.502,2.493
25381,53,2.512,2.502,2.498
25383,53,2.512,2.502,2.498
25384,53,2.512,2.502,2.493
25386,53,2.507,2.498,2.493
25388,53,2.502,2.498,2.488
25389,53,2.502,2.498,2.488
25391,53,2.498,2.493,2.483
25399,52,2.512,2.502,2.498
25402,52,2.512,2.502,2.498
25403,52,2.512,2.502,2.498
25405,52,2.512,2.502,2.493
25406,52,2.507,2.498,2.493
25408,52,2.502,2.498,2.488
25410,52,2.502,2.498,2.488
25411,52,2.498,2.493,2.483
25413,52,2.502,2.493,2.488
25415,52,2.502,2.498,2.488
25416,52,2.507,2.498,2.493
25422,54,2.517,2.507,2.498
25423,54,2.512,2.502,2.498
25425,54,2.507,2.502,2.498
25426,54,2.507,2.498,2.493
25428,54,2.502,2.493,2.488
25430,54,2.502,2.493,2.488
25431,54,2.502,2.493,2.488
25436,54,2.507,2.498,2.493
25437,54,2.507,2.502,2.493
25443,52,2.512,2.507,2.498
25445,52,2.507,2.502,2.498
25447,52,2.507,2.498,2.493
25449,52,2.502,2.493,2.488
25450,52,2.502,2.498,2.488
25452,52,2.502,2.493,2.488
25453,52,2.502,2.493,2.488
25455,52,2.502,2.498,2.488
25457,52,2.507,2.498,2.493
25458,52,2.507,2.502,2.498
25460,52,2.507,2.502,2.498
25462,52,2.512,2.502,2.498
25467,52,2.507,2.502,2.493
25469,52,2.502,2.493,2.488
25470,52,2.502,2.493,2.488
25472,52,2.502,2.493,2.488
25476,52,2.507,2.498,2.493
25478,52,2.507,2.502,2.498
25479,52,2.507,2.502,2.498
25481,52,2.512,2.502,2.498
25483,52,2.512,2.502,2.498
25489,51,2.502,2.493,2.488
25491,51,2.502,2.493,2.483
25492,51,2.502,2.493,2.488
25494,51,2.502,2.493,2.488
25496,51,2.502,2.498,2.493
25497,51,2.507,2.498,2.493
25499,51,2.512,2.502,2.498
25500,51,2.512,2.502,2.498
25502,51,2.512,2.502,2.498
25504,51,2.512,2.502,2.498
25505,51,2.507,2.502,2.493
25507,51,2.507,2.498,2.493
25520,49,2.517,2.507,2.498
25540,53,2.512,2.502,2.498
25541,53,2.512,2.502,2.498
25543,53,2.512,2.502,2.498
25544,53,2.512,2.502,2.498
25546,53,2.507,2.498,2.493
25548,53,2.502,2.498,2.488
25549,53,2.502,2.498,2.488
25551,53,2.502,2.493,2.488
25556,53,2.507,2.498,2.493
25558,53,2.507,2.502,2.493
25560,53,2.507,2.502,2.498
25561,53,2.512,2.502,2.498
25563,53,2.507,2.502,2.498
25564,53,2.507,2.502,2.498
25566,53,2.507,2.498,2.493
25568,53,2.502,2.498,2.488
25569,53,2.502,2.498,2.488
25571,53,2.502,2.493,2.488
25574,53,2.502,2.493,2.488
25582,53,2.517,2.507,2.498
25583,53,2.512,2.502,2.498
25585,53,2.507,2.502,2.498
25586,53,2.507,2.498,2.493
25588,53,2.502,2.498,2.488
25590,53,2.502,2.498,2.488
25591,53,2.502,2.493,2.488
25593,53,2.502,2.498,2.488
25595,53,2.502,2.493,2.488
25596,53,2.507,2.498,2.493
25602,50,2.512,2.507,2.498
25603,50,2.512,2.502,2.498
25605,50,2.507,2.502,2.493
25607,50,2.507,2.498,2.493
25608,50,2.502,2.493,2.488
25610,50,2.498,2.493,2.488
25611,50,2.498,2.493,2.488
25613,50,2.502,2.493,2.488
25618,50,2.507,2.502,2.493
25620,50,2.507,2.502,2.493
25625,51,2.507,2.502,2.493
25627,51,2.507,2.498,2.493
25629,51,2.502,2.493,2.488
25630,51,2.498,2.493,2.488
25632,51,2.498,2.493,2.483
25633,51,2.498,2.493,2.483
25635,51,2.502,2.498,2.488
25637,51,2.502,2.498,2.488
25638,51,2.507,2.502,2.498
25640,51,2.507,2.502,2.498
25642,51,2.507,2.502,2.498
25647,53,2.507,2.498,2.493
25649,53,2.498,2.493,2.488
25650,53,2.498,2.493,2.483
25652,53,2.498,2.493,2.483
25653,53,2.498,2.493,2.483
25659,53,2.507,2.502,2.493
25660,53,2.507,2.502,2.493
25662,53,2.502,2.502,2.493
25664,53,2.502,2.502,2.493
25665,53,2.502,2.502,2.493
25671,52,2.493,2.493,2.483
25672,52,2.493,2.493,2.483
25674,52,2.493,2.493,2.483
25676,52,2.493,2.498,2.488
25677,52,2.498,2.498,2.488
25679,52,2.498,2.502,2.493
25680,52,2.498,2.502,2.493
25682,52,2.498,2.502,2.493
25684,52,2.493,2.498,2.488
25685,52,2.488,2.498,2.483
25687,52,2.483,2.493,2.483
25692,56,2.478,2.493,2.478
25694,56,2.473,2.493,2.478
25696,56,2.478,2.493,2.478
25701,56,2.483,2.502,2.488
25703,56,2.483,2.502,2.488
25704,56,2.483,2.498,2.483
25706,56,2.483,2.498,2.483
25707,56,2.478,2.493,2.483
25709,56,2.478,2.488,2.478
25711,56,2.473,2.488,2.473
25716,54,2.488,2.498,2.483
25718,54,2.488,2.498,2.483
25719,54,2.493,2.498,2.488
25721,54,2.498,2.502,2.493
25723,54,2.498,2.502,2.493
25724,54,2.498,2.502,2.493
25726,54,2.498,2.498,2.488
25727,54,2.498,2.498,2.488
25729,54,2.498,2.493,2.483
25731,54,2.493,2.493,2.483
25732,54,2.498,2.493,2.483
25740,54,2.517,2.507,2.498
25742,54,2.512,2.502,2.498
25745,54,2.507,2.502,2.498
25746,54,2.507,2.502,2.493
25748,54,2.507,2.498,2.493
25750,54,2.502,2.498,2.488
25751,54,2.502,2.493,2.488
25764,53,2.512,2.502,2.498
25768,53,2.502,2.493,2.488
25770,53,2.502,2.493,2.488
25772,53,2.498,2.493,2.488
25773,53,2.502,2.493,2.488
25775,53,2.502,2.498,2.493
25777,53,2.507,2.498,2.493
25782,54,2.517,2.507,2.498
25784,54,2.512,2.502,2.498
25786,54,2.507,2.502,2.493
25788,54,2.507,2.498,2.493
25792,54,2.502,2.493,2.488
25794,54,2.502,2.493,2.488
25795,54,2.502,2.498,2.488
25797,54,2.502,2.498,2.493
25799,54,2.512,2.502,2.498
25800,54,2.512,2.502,2.498
25806,55,2.512,2.502,2.493
25807,55,2.507,2.498,2.493
25809,55,2.502,2.493,2.488
25810,55,2.498,2.493,2.483
25812,55,2.498,2.493,2.483
25814,55,2.502,2.493,2.488
25815,55,2.502,2.498,2.493
25817,55,2.507,2.498,2.493
25819,55,2.507,2.502,2.498
25820,55,2.512,2.502,2.498
25822,55,2.512,2.502,2.498
25827,57,2.507,2.498,2.493
25833,57,2.502,2.493,2.488
25834,57,2.502,2.493,2.488
25836,57,2.502,2.498,2.488
25837,57,2.507,2.498,2.493
25839,57,2.507,2.502,2.498
25841,57,2.512,2.502,2.498
25842,57,2.512,2.502,2.498
25844,57,2.512,2.502,2.498
25846,57,2.507,2.498,2.493
25851,55,2.502,2.493,2.488
25852,55,2.502,2.493,2.488
25854,55,2.502,2.498,2.488
25856,55,2.502,2.498,2.493
25857,55,2.507,2.498,2.493
25859,55,2.507,2.502,2.493
25861,55,2.512,2.502,2.498
25862,55,2.512,2.502,2.498
25864,55,2.512,2.502,2.498
25865,55,2.507,2.498,2.493
25875,50,2.507,2.498,2.488
25876,50,2.507,2.498,2.493
25878,50,2.507,2.502,2.493
25879,50,2.512,2.502,2.498
25881,50,2.512,2.507,2.498
25883,50,2.512,2.502,2.498
25884,50,2.507,2.502,2.498
25886,50,2.507,2.502,2.493
25887,50,2.502,2.498,2.493
25889,50,2.502,2.493,2.488
25891,50,2.498,2.493,2.483
25896,55,2.507,2.498,2.493
25898,55,2.507,2.502,2.498
25899,55,2.507,2.502,2.498
25901,55,2.512,2.502,2.498
25903,55,2.512,2.502,2.498
25904,55,2.507,2.502,2.498
25906,55,2.507,2.498,2.493
25910,55,2.498,2.493,2.483
25912,55,2.502,2.493,2.488
25914,55,2.502,2.493,2.488
25920,54,2.512,2.502,2.498
25921,54,2.512,2.507,2.498
25923,54,2.512,2.502,2.498
25925,54,2.507,2.502,2.498
25926,54,2.507,2.502,2.493
25928,54,2.502,2.498,2.488
25929,54,2.502,2.493,2.488
25931,54,2.498,2.493,2.483
25933,54,2.502,2.493,2.488
25934,54,2.502,2.493,2.488
25936,54,2.502,2.498,2.493
25941,53,2.517,2.507,2.498
25943,53,2.512,2.502,2.498
25945,53,2.507,2.502,2.498
25946,53,2.507,2.498,2.493
25951,53,2.498,2.493,2.483
25952,53,2.502,2.493,2.488
25954,53,2.502,2.493,2.488
25957,53,2.502,2.498,2.488
25958,53,2.507,2.502,2.493
25960,53,2.507,2.502,2.493
25965,54,2.512,2.502,2.498
25967,54,2.507,2.498,2.493
25968,54,2.502,2.498,2.488
25970,54,2.502,2.493,2.488
25972,54,2.502,2.493,2.483
25973,54,2.502,2.493,2.488
25975,54,2.502,2.493,2.488
25976,54,2.507,2.498,2.493
25978,54,2.512,2.502,2.498
25980,54,2.512,2.502,2.498
25993,55,2.502,2.498,2.488
25997,55,2.507,2.502,2.493
26000,55,2.507,2.502,2.498
26004,55,2.507,2.502,2.498
26009,54,2.507,2.498,2.493
26011,54,2.498,2.493,2.483
26013,54,2.502,2.493,2.488
26014,54,2.502,2.493,2.488
26016,54,2.502,2.498,2.493
26017,54,2.507,2.498,2.493
26019,54,2.507,2.502,2.498
26021,54,2.512,2.502,2.498
26022,54,2.512,2.502,2.498
26024,54,2.512,2.502,2.498
26026,54,2.507,2.502,2.493
26027,54,2.502,2.498,2.493
26032,51,2.502,2.498,2.488
26034,51,2.502,2.493,2.488
26036,51,2.502,2.498,2.493
26037,51,2.507,2.502,2.493
26039,51,2.507,2.502,2.493
26044,51,2.512,2.502,2.498
26046,51,2.507,2.502,2.493
26048,51,2.507,2.498,2.493
26049,51,2.502,2.498,2.488
26055,51,2.507,2.498,2.488
26056,51,2.507,2.498,2.493
26058,51,2.507,2.502,2.498
26059,51,2.507,2.502,2.493
26061,51,2.512,2.502,2.498
26063,51,2.512,2.502,2.498
26064,51,2.512,2.502,2.498
26066,51,2.507,2.502,2.493
26068,51,2.502,2.498,2.488
26069,51,2.502,2.498,2.488
26071,51,2.498,2.493,2.488
26072,51,2.502,2.493,2.488
26078,53,2.512,2.502,2.498
26079,53,2.512,2.502,2.498
26085,53,2.512,2.502,2.498
26086,53,2.507,2.498,2.493
26088,53,2.502,2.498,2.488
26090,53,2.502,2.498,2.488
26091,53,2.498,2.493,2.483
26093,53,2.502,2.493,2.483
26094,53,2.502,2.493,2.488
26100,54,2.512,2.502,2.498
26101,54,2.512,2.502,2.498
26103,54,2.512,2.502,2.498
26105,54,2.507,2.502,2.498
26106,54,2.507,2.498,2.493
26108,54,2.502,2.498,2.488
26110,54,2.502,2.498,2.488
26111,54,2.498,2.493,2.483
26113,54,2.502,2.493,2.488
26114,54,2.502,2.493,2.488
26116,54,2.507,2.498,2.493
26124,56,2.512,2.502,2.498
26126,56,2.507,2.502,2.493
26128,56,2.502,2.498,2.488
26130,56,2.502,2.493,2.488
26132,56,2.502,2.493,2.488
26133,56,2.502,2.493,2.488
26135,56,2.502,2.493,2.488
26136,56,2.507,2.498,2.493
26138,56,2.507,2.502,2.498
26140,56,2.507,2.502,2.498
26145,52,2.512,2.502,2.493
26147,52,2.507,2.498,2.493
26148,52,2.502,2.493,2.488
26150,52,2.502,2.493,2.488
26152,52,2.502,2.493,2.488
26153,52,2.502,2.493,2.488
26155,52,2.502,2.498,2.493
26156,52,2.507,2.498,2.493
26158,52,2.512,2.502,2.498
26162,52,2.512,2.502,2.498
26168,56,2.507,2.498,2.488
26170,56,2.502,2.493,2.488
26172,56,2.502,2.493,2.488
26174,56,2.498,2.493,2.488
26175,56,2.502,2.498,2.488
26177,56,2.502,2.498,2.493
26179,56,2.512,2.502,2.498
26180,56,2.512,2.502,2.498
26182,56,2.512,2.502,2.498
26183,56,2.512,2.502,2.498
26185,56,2.507,2.502,2.493
26190,53,2.502,2.493,2.488
26192,53,2.502,2.493,2.488
26194,53,2.502,2.493,2.488
26195,53,2.502,2.498,2.488
26197,53,2.507,2.498,2.493
26198,53,2.512,2.502,2.498
26216,53,2.507,2.498,2.493
26217,53,2.507,2.498,2.493
26219,53,2.512,2.502,2.498
26220,53,2.512,2.502,2.498
26222,53,2.512,2.502,2.498
26224,53,2.507,2.502,2.498
26237,53,2.507,2.502,2.493
26241,53,2.512,2.502,2.498
26242,53,2.507,2.502,2.498
26244,53,2.507,2.502,2.493
26246,53,2.507,2.498,2.493
26247,53,2.502,2.498,2.488
26249,53,2.502,2.498,2.488
26251,53,2.498,2.493,2.488
26252,53,2.502,2.493,2.488
26259,53,2.512,2.502,2.498
26260,53,2.507,2.502,2.498
26262,53,2.512,2.502,2.498
26266,53,2.507,2.498,2.493
26268,53,2.502,2.498,2.488
26269,53,2.502,2.493,2.488
26271,53,2.502,2.493,2.488
26273,53,2.502,2.493,2.488
26274,53,2.502,2.498,2.488
26276,53,2.502,2.498,2.493
26281,55,2.512,2.502,2.498
26283,55,2.502,2.498,2.493
26285,55,2.502,2.493,2.488
26286,55,2.502,2.493,2.488
26288,55,2.498,2.498,2.488
26289,55,2.502,2.498,2.488
26291,55,2.502,2.498,2.493
26293,55,2.502,2.498,2.488
26294,55,2.502,2.498,2.493
26296,55,2.502,2.498,2.493
26299,55,2.502,2.493,2.493
26304,49,2.502,2.498,2.488
26308,49,2.502,2.498,2.488
26310,49,2.502,2.498,2.488
26312,49,2.502,2.498,2.493
26313,49,2.502,2.498,2.493
26315,49,2.502,2.498,2.493
26316,49,2.502,2.498,2.493
26318,49,2.502,2.498,2.488
26320,49,2.498,2.498,2.488
26321,49,2.498,2.498,2.488
26327,51,2.502,2.498,2.493
26328,51,2.502,2.493,2.488
26330,51,2.502,2.498,2.488
26332,51,2.502,2.498,2.493
26333,51,2.502,2.498,2.488
26335,51,2.502,2.498,2.493
26336,51,2.498,2.498,2.493
26338,51,2.502,2.498,2.488
26341,51,2.502,2.498,2.488
26349,52,2.502,2.498,2.488
26350,52,2.502,2.498,2.493
26352,52,2.502,2.498,2.493
26354,52,2.502,2.493,2.493
26355,52,2.502,2.493,2.493
26357,52,2.502,2.493,2.488
26359,52,2.502,2.493,2.488
26360,52,2.502,2.498,2.488
26362,52,2.502,2.493,2.488
26363,52,2.498,2.498,2.488
26365,52,2.502,2.498,2.488
26367,52,2.498,2.493,2.488
26372,53,2.502,2.498,2.493
26374,53,2.502,2.498,2.488
26375,53,2.502,2.493,2.488
26377,53,2.502,2.498,2.488
26379,53,2.502,2.493,2.488
26380,53,2.498,2.498,2.488
26385,53,2.502,2.498,2.488
26387,53,2.502,2.498,2.488
26389,53,2.502,2.498,2.488
26394,52,2.502,2.498,2.493
26396,52,2.502,2.498,2.488
26397,52,2.502,2.498,2.493
26399,52,2.498,2.498,2.488
26401,52,2.502,2.498,2.488
26402,52,2.498,2.498,2.488
26404,52,2.498,2.493,2.488
26406,52,2.502,2.498,2.488
26407,52,2.502,2.498,2.493
26409,52,2.498,2.498,2.493
26410,52,2.502,2.498,2.488
26416,55,2.502,2.498,2.488
26417,55,2.498,2.498,2.493
26419,55,2.502,2.493,2.488
26421,55,2.502,2.493,2.488
26426,55,2.502,2.493,2.488
26428,55,2.502,2.498,2.493
26429,55,2.502,2.498,2.493
26431,55,2.502,2.493,2.488
26433,55,2.502,2.498,2.493
26434,55,2.502,2.493,2.488
26439,54,2.502,2.498,2.493
26441,54,2.502,2.493,2.488
26443,54,2.498,2.493,2.488
26444,54,2.498,2.493,2.483
26446,54,2.507,2.502,2.498
26448,54,2.498,2.493,2.488
26449,54,2.502,2.493,2.493
26451,54,2.502,2.498,2.493
26453,54,2.502,2.498,2.493
26466,55,2.502,2.493,2.488
26471,55,2.502,2.498,2.493
26472,55,2.498,2.493,2.488
26474,55,2.502,2.498,2.493
26478,55,2.502,2.493,2.488
26480,55,2.502,2.498,2.488
26485,50,2.502,2.498,2.493
26487,50,2.502,2.493,2.488
26489,50,2.502,2.498,2.493
26490,50,2.502,2.498,2.493
26492,50,2.502,2.498,2.493
26493,50,2.498,2.498,2.493
26495,50,2.502,2.498,2.488
26497,50,2.502,2.498,2.493
26498,50,2.498,2.498,2.488
26500,50,2.498,2.493,2.488
26502,50,2.502,2.493,2.488
26507,52,2.502,2.498,2.493
26509,52,2.502,2.498,2.488
26510,52,2.502,2.498,2.493
26513,52,2.502,2.498,2.493
26515,52,2.498,2.498,2.493
26519,52,2.502,2.493,2.488
26521,52,2.498,2.498,2.488
26522,52,2.498,2.498,2.488
26524,52,2.502,2.493,2.488
26525,52,2.498,2.493,2.488
26531,52,2.502,2.498,2.493
26532,52,2.502,2.498,2.493
26534,52,2.498,2.493,2.488
26536,52,2.502,2.498,2.488
26537,52,2.502,2.498,2.488
26539,52,2.498,2.493,2.488
26541,52,2.502,2.498,2.488
26542,52,2.502,2.498,2.488
26544,52,2.502,2.493,2.488
26545,52,2.502,2.498,2.488
26547,52,2.502,2.498,2.488
26552,54,2.502,2.498,2.493
26555,54,2.502,2.498,2.493
26559,54,2.507,2.498,2.493
26561,54,2.507,2.502,2.498
26563,54,2.507,2.502,2.498
26564,54,2.507,2.502,2.493
26566,54,2.507,2.498,2.493
26568,54,2.502,2.498,2.488
26569,54,2.502,2.493,2.488
26574,52,2.502,2.498,2.488
26576,52,2.502,2.498,2.493
26578,52,2.507,2.498,2.493
26579,52,2.507,2.502,2.493
26581,52,2.512,2.502,2.498
26583,52,2.507,2.498,2.493
26584,52,2.507,2.502,2.498
26586,52,2.507,2.498,2.493
26587,52,2.502,2.498,2.488
26589,52,2.502,2.493,2.488
26591,52,2.498,2.493,2.483
26592,52,2.502,2.493,2.488
26601,54,2.512,2.502,2.498
26603,54,2.507,2.502,2.493
26605,54,2.507,2.502,2.493
26606,54,2.507,2.498,2.493
26608,54,2.502,2.493,2.488
26610,54,2.502,2.498,2.488
26611,54,2.498,2.493,2.488
26613,54,2.502,2.498,2.488
26614,54,2.502,2.493,2.488
26620,53,2.512,2.502,2.498
26621,53,2.507,2.502,2.498
26623,53,2.507,2.502,2.498
26625,53,2.507,2.498,2.493
26626,53,2.502,2.498,2.493
26628,53,2.502,2.493,2.488
26630,53,2.498,2.493,2.483
26631,53,2.498,2.493,2.488
26633,53,2.502,2.493,2.488
26637,53,2.507,2.498,2.493
26644,53,2.512,2.502,2.498
26645,53,2.507,2.498,2.493
26647,53,2.507,2.498,2.493
26648,53,2.502,2.493,2.483
26650,53,2.498,2.493,2.488
26652,53,2.498,2.493,2.488
26653,53,2.502,2.493,2.488
26655,53,2.502,2.498,2.488
26657,53,2.502,2.498,2.493
26658,53,2.507,2.502,2.498
26660,53,2.507,2.502,2.498
26665,52,2.507,2.502,2.493
26667,52,2.502,2.498,2.488
26668,52,2.502,2.493,2.488
26670,52,2.498,2.493,2.483
26672,52,2.498,2.493,2.488
26673,52,2.502,2.493,2.488
26678,52,2.507,2.502,2.498
26679,52,2.507,2.502,2.498
26682,52,2.507,2.502,2.498
26683,52,2.507,2.502,2.498
26689,52,2.502,2.498,2.488
26698,52,2.507,2.502,2.498
26702,52,2.507,2.502,2.498
26704,52,2.507,2.502,2.493
26706,52,2.502,2.498,2.493
26711,55,2.502,2.493,2.488
26713,55,2.502,2.493,2.488
26714,55,2.502,2.493,2.488
26716,55,2.502,2.498,2.493
26718,55,2.507,2.502,2.498
26719,55,2.507,2.502,2.498
26721,55,2.507,2.502,2.498
26722,55,2.507,2.502,2.498
26725,55,2.507,2.502,2.493
26729,55,2.502,2.493,2.488
26735,52,2.507,2.498,2.493
26736,52,2.502,2.498,2.493
26738,52,2.507,2.502,2.498
26740,52,2.507,2.502,2.498
26741,52,2.512,2.502,2.498
26743,52,2.507,2.502,2.493
26744,52,2.507,2.502,2.493
26746,52,2.507,2.498,2.493
26748,52,2.502,2.493,2.488
26749,52,2.502,2.498,2.488
26751,52,2.498,2.493,2.488
26756,55,2.507,2.498,2.493
26758,55,2.512,2.502,2.498
26760,55,2.507,2.502,2.498
26761,55,2.512,2.502,2.498
26763,55,2.507,2.502,2.498
26764,55,2.507,2.498,2.493
26766,55,2.507,2.498,2.493
26771,55,2.498,2.493,2.488
26773,55,2.502,2.493,2.488
26778,57,2.512,2.507,2.498
26780,57,2.507,2.502,2.498
26782,57,2.512,2.502,2.498
26783,57,2.507,2.502,2.498
26785,57,2.507,2.498,2.493
26786,57,2.507,2.498,2.493
26788,57,2.498,2.493,2.483
26790,57,2.498,2.493,2.488
26791,57,2.502,2.493,2.488
26793,57,2.502,2.493,2.488
26795,57,2.502,2.498,2.493
26796,57,2.502,2.498,2.493
26802,54,2.512,2.502,2.498
26803,54,2.507,2.502,2.493
26805,54,2.507,2.498,2.493
26806,54,2.502,2.498,2.493
26812,54,2.502,2.493,2.488
26813,54,2.502,2.493,2.488
26815,54,2.502,2.498,2.488
26817,54,2.507,2.498,2.493
26818,54,2.507,2.502,2.498
26824,53,2.507,2.502,2.493
26825,53,2.507,2.498,2.493
26827,53,2.502,2.498,2.493
26829,53,2.502,2.493,2.488
26830,53,2.498,2.493,2.488
26832,53,2.502,2.493,2.483
26833,53,2.502,2.498,2.488
26835,53,2.502,2.498,2.488
26837,53,2.502,2.498,2.493
26838,53,2.507,2.502,2.498
26840,53,2.512,2.502,2.498
26842,53,2.507,2.502,2.498
26847,53,2.502,2.498,2.493
26851,53,2.502,2.493,2.483
26854,53,2.502,2.493,2.488
26855,53,2.502,2.498,2.488
26857,53,2.507,2.498,2.493
26859,53,2.507,2.502,2.493
26860,53,2.512,2.502,2.498
26862,53,2.507,2.502,2.498
26864,53,2.507,2.502,2.498
26869,52,2.507,2.498,2.493
26871,52,2.498,2.493,2.483
26872,52,2.498,2.493,2.483
26874,52,2.502,2.493,2.488
26875,52,2.502,2.498,2.493
26877,52,2.507,2.502,2.493
26879,52,2.507,2.502,2.493
26880,52,2.512,2.502,2.498
26882,52,2.507,2.502,2.493
26884,52,2.507,2.502,2.498
26885,52,2.502,2.498,2.493
26902,52,2.512,2.502,2.498
26904,52,2.507,2.502,2.493
26905,52,2.507,2.498,2.493
26907,52,2.502,2.498,2.488
26909,52,2.502,2.493,2.488
26914,53,2.507,2.498,2.493
26916,53,2.502,2.498,2.488
26917,53,2.507,2.502,2.493
26919,53,2.507,2.502,2.493
26921,53,2.512,2.502,2.498
26922,53,2.507,2.502,2.498
26924,53,2.507,2.502,2.498
26925,53,2.507,2.498,2.493
26940,54,2.507,2.502,2.498
26944,54,2.507,2.502,2.498
26945,54,2.502,2.498,2.493
26947,54,2.502,2.498,2.488
26949,54,2.502,2.493,2.488
26953,54,2.502,2.493,2.488
26955,54,2.502,2.493,2.488
26960,55,2.512,2.507,2.498
26962,55,2.507,2.502,2.498
26963,55,2.507,2.502,2.498
26965,55,2.507,2.498,2.493
26966,55,2.502,2.498,2.493
26968,55,2.498,2.493,2.488
26970,55,2.498,2.493,2.483
26971,55,2.498,2.493,2.488
26973,55,2.502,2.493,2.488
26975,55,2.502,2.498,2.488
26976,55,2.502,2.498,2.493
26982,50,2.512,2.502,2.498
26984,50,2.507,2.502,2.493
26986,50,2.502,2.498,2.493
26987,50,2.502,2.498,2.488
26989,50,2.502,2.493,2.488
26993,50,2.502,2.493,2.488
26995,50,2.502,2.498,2.493
26997,50,2.507,2.498,2.493
26998,50,2.507,2.502,2.498
27000,50,2.507,2.502,2.498
27005,52,2.507,2.502,2.493
27007,52,2.502,2.498,2.488
27008,52,2.498,2.493,2.488
27010,52,2.498,2.493,2.483
27012,52,2.498,2.493,2.488
27013,52,2.502,2.493,2.488
27015,52,2.502,2.498,2.493
27017,52,2.507,2.498,2.493
27018,52,2.507,2.502,2.493
27020,52,2.512,2.502,2.498
27021,52,2.512,2.502,2.498
27028,54,2.502,2.498,2.488
27029,54,2.502,2.493,2.488
27034,54,2.502,2.493,2.488
27035,54,2.502,2.498,2.488
27037,54,2.507,2.498,2.493
27039,54,2.507,2.502,2.493
27040,54,2.512,2.502,2.498
27042,54,2.507,2.502,2.498
27044,54,2.507,2.502,2.493
27045,54,2.507,2.498,2.493
27050,53,2.502,2.493,2.483
27052,53,2.498,2.493,2.483
27054,53,2.502,2.493,2.488
27055,53,2.502,2.498,2.488
27057,53,2.507,2.502,2.493
27059,53,2.507,2.502,2.493
27060,53,2.512,2.502,2.498
27062,53,2.507,2.502,2.493
27063,53,2.507,2.502,2.493
27066,53,2.507,2.498,2.493
27068,53,2.502,2.493,2.488
27076,53,2.507,2.498,2.493
27077,53,2.507,2.498,2.498
27079,53,2.507,2.502,2.493
27081,53,2.512,2.502,2.498
27082,53,2.507,2.502,2.498
27084,53,2.507,2.502,2.493
27086,53,2.502,2.498,2.493
27087,53,2.502,2.498,2.488
27089,53,2.502,2.493,2.488
27090,53,2.498,2.493,2.483
27096,52,2.507,2.498,2.493
27097,52,2.507,2.502,2.498
27099,52,2.507,2.502,2.498
27101,52,2.507,2.502,2.498
27102,52,2.507,2.502,2.498
27104,52,2.507,2.498,2.493
27106,52,2.502,2.498,2.493
27107,52,2.498,2.493,2.488
27113,52,2.498,2.493,2.488
27118,55,2.512,2.502,2.498
27119,55,2.507,2.502,2.498
27121,55,2.512,2.502,2.498
27123,55,2.507,2.502,2.498
27124,55,2.507,2.502,2.493
27126,55,2.502,2.498,2.488
27128,55,2.502,2.493,2.488
27129,55,2.502,2.493,2.488
27131,55,2.498,2.493,2.483
27132,55,2.502,2.493,2.488
27134,55,2.502,2.493,2.488
27136,55,2.502,2.498,2.493
27141,53,2.512,2.502,2.498
27143,53,2.507,2.502,2.498
27144,53,2.507,2.498,2.493
27146,53,2.502,2.498,2.488
27148,53,2.498,2.493,2.483
27153,53,2.502,2.493,2.488
27155,53,2.502,2.493,2.488
27156,53,2.502,2.498,2.493
27158,53,2.507,2.502,2.493
27171,52,2.502,2.493,2.488
27175,52,2.502,2.498,2.493
27177,52,2.507,2.498,2.493
27178,52,2.507,2.502,2.493
27180,52,2.512,2.502,2.498
27185,53,2.507,2.502,2.493
27187,53,2.502,2.493,2.488
27189,53,2.502,2.493,2.488
27190,53,2.498,2.493,2.483
27192,53,2.498,2.493,2.488
27194,53,2.502,2.493,2.488
27196,53,2.502,2.498,2.493
27198,53,2.507,2.502,2.498
27199,53,2.507,2.502,2.493
27201,53,2.512,2.502,2.498
27209,52,2.502,2.498,2.488
27211,52,2.498,2.493,2.483
27212,52,2.498,2.493,2.488
27214,52,2.502,2.493,2.488
27216,52,2.502,2.498,2.493
27217,52,2.507,2.502,2.498
27219,52,2.507,2.498,2.493
27220,52,2.512,2.502,2.498
27222,52,2.507,2.502,2.498
27224,52,2.507,2.502,2.498
27225,52,2.507,2.498,2.493
27231,53,2.502,2.493,2.488
27232,53,2.502,2.493,2.488
27234,53,2.502,2.498,2.488
27237,53,2.507,2.498,2.493
27238,53,2.507,2.502,2.498
27240,53,2.507,2.502,2.498
27241,53,2.512,2.502,2.498
27246,53,2.507,2.498,2.493
27247,53,2.502,2.493,2.488
27249,53,2.502,2.493,2.488
27254,51,2.507,2.498,2.493
27256,51,2.502,2.498,2.493
27258,51,2.507,2.502,2.498
27259,51,2.512,2.502,2.498
27261,51,2.512,2.502,2.498
27262,51,2.507,2.502,2.498
27264,51,2.507,2.502,2.493
27266,51,2.502,2.498,2.493
27267,51,2.502,2.493,2.488
27269,51,2.502,2.493,2.488
27271,51,2.498,2.493,2.483
27276,51,2.507,2.502,2.493
27278,51,2.512,2.502,2.498
27280,51,2.512,2.507,2.498
27282,51,2.512,2.502,2.498
27286,51,2.502,2.498,2.493
27288,51,2.502,2.493,2.488
27289,51,2.502,2.493,2.488
27291,51,2.498,2.493,2.483
27293,51,2.502,2.493,2.488
27294,51,2.502,2.493,2.488
27300,53,2.512,2.507,2.498
27301,53,2.512,2.502,2.498
27303,53,2.507,2.502,2.498
27305,53,2.507,2.498,2.493
27306,53,2.507,2.498,2.493
27308,53,2.498,2.493,2.483
27309,53,2.498,2.493,2.483
27311,53,2.502,2.493,2.488
27313,53,2.498,2.493,2.483
27314,53,2.502,2.498,2.488
27316,53,2.507,2.498,2.493
27322,55,2.512,2.507,2.498
27327,55,2.507,2.498,2.493
27328,55,2.498,2.493,2.483
27330,55,2.498,2.493,2.483
27332,55,2.498,2.493,2.483
27333,55,2.498,2.493,2.488
27335,55,2.502,2.498,2.493
27336,55,2.507,2.498,2.493
27338,55,2.512,2.507,2.498
27340,55,2.512,2.502,2.498
27345,51,2.512,2.502,2.493
27347,51,2.502,2.498,2.488
27348,51,2.502,2.493,2.488
27350,51,2.498,2.488,2.483
27351,51,2.502,2.493,2.488
27353,51,2.502,2.493,2.488
27355,51,2.502,2.498,2.493
27356,51,2.507,2.498,2.493
27358,51,2.512,2.502,2.498
27360,51,2.512,2.507,2.498
27369,52,2.502,2.493,2.488
27370,52,2.498,2.493,2.483
27372,52,2.498,2.493,2.483
27374,52,2.502,2.493,2.488
27375,52,2.502,2.498,2.493
27377,52,2.507,2.498,2.493
27378,52,2.512,2.502,2.498
27380,52,2.512,2.502,2.498
27382,52,2.512,2.502,2.498
27383,52,2.507,2.502,2.493
27385,52,2.507,2.502,2.493
27390,53,2.502,2.493,2.483
27400,53,2.512,2.507,2.498
27404,53,2.507,2.502,2.493
27405,53,2.502,2.498,2.493
27408,53,2.498,2.493,2.483
27413,51,2.502,2.498,2.488
27415,51,2.502,2.498,2.488
27419,51,2.507,2.502,2.498
27421,51,2.512,2.502,2.498
27423,51,2.507,2.502,2.498
27424,51,2.507,2.502,2.493
27426,51,2.502,2.498,2.493
27427,51,2.498,2.493,2.483
27429,51,2.498,2.493,2.483
27434,53,2.507,2.498,2.493
27436,53,2.502,2.498,2.493
27438,53,2.507,2.502,2.498
27439,53,2.512,2.502,2.498
27441,53,2.507,2.502,2.498
27443,53,2.507,2.502,2.493
27444,53,2.502,2.498,2.493
27446,53,2.502,2.498,2.488
27447,53,2.498,2.493,2.483
27450,53,2.493,2.493,2.483
27452,53,2.493,2.493,2.483
27460,52,2.507,2.502,2.493
27461,52,2.502,2.502,2.493
27463,52,2.502,2.502,2.493
27465,52,2.498,2.498,2.488
27466,52,2.498,2.498,2.488
27468,52,2.493,2.493,2.483
27470,52,2.493,2.493,2.483
27471,52,2.493,2.493,2.483
27473,52,2.498,2.493,2.483
27474,52,2.498,2.498,2.488
27480,55,2.512,2.507,2.498
27481,55,2.507,2.502,2.493
27483,55,2.507,2.502,2.493
27485,55,2.502,2.498,2.493
27486,55,2.502,2.498,2.488
27488,55,2.498,2.493,2.488
27490,55,2.498,2.493,2.483
27491,55,2.498,2.493,2.488
27494,55,2.498,2.493,2.488
27498,55,2.507,2.502,2.498
27504,57,2.507,2.502,2.498
27505,57,2.502,2.498,2.493
27507,57,2.502,2.498,2.488
27508,57,2.498,2.493,2.488
27510,57,2.498,2.493,2.483
27512,57,2.498,2.493,2.483
27513,57,2.502,2.493,2.488
27515,57,2.502,2.498,2.488
27517,57,2.502,2.498,2.493
27518,57,2.507,2.502,2.493
27520,57,2.512,2.502,2.498
27525,56,2.507,2.498,2.493
27527,56,2.502,2.493,2.488
27528,56,2.502,2.493,2.488
27530,56,2.498,2.493,2.488
27532,56,2.502,2.493,2.488
27533,56,2.502,2.493,2.488
27539,56,2.507,2.502,2.493
27540,56,2.512,2.502,2.498
27542,56,2.507,2.502,2.498
27544,56,2.507,2.498,2.493
27549,55,2.502,2.498,2.488
27551,55,2.498,2.493,2.483
27552,55,2.498,2.493,2.488
27554,55,2.502,2.493,2.488
27555,55,2.502,2.498,2.493
27557,55,2.507,2.502,2.493
27559,55,2.507,2.502,2.493
27560,55,2.512,2.502,2.498
27562,55,2.507,2.502,2.498
27564,55,2.507,2.502,2.493
27565,55,2.502,2.498,2.493
27571,54,2.502,2.493,2.488
27572,54,2.502,2.493,2.488
27574,54,2.502,2.493,2.488
27587,54,2.502,2.493,2.488
27589,54,2.502,2.493,2.488
27594,54,2.502,2.498,2.488
27596,54,2.502,2.498,2.493
27597,54,2.507,2.502,2.498
27599,54,2.507,2.502,2.498
27601,54,2.507,2.502,2.498
27602,54,2.507,2.502,2.493
27604,54,2.507,2.502,2.493
27605,54,2.507,2.498,2.493
27607,54,2.502,2.493,2.488
27609,54,2.502,2.493,2.488
27610,54,2.498,2.493,2.483
27616,56,2.507,2.498,2.493
27617,56,2.512,2.502,2.498
27619,56,2.507,2.502,2.498
27622,56,2.507,2.502,2.498
27623,56,2.507,2.502,2.498
27627,56,2.498,2.493,2.488
27629,56,2.502,2.493,2.488
27631,56,2.498,2.493,2.488
27644,55,2.507,2.502,2.493
27648,55,2.502,2.493,2.488
27650,55,2.498,2.493,2.483
27651,55,2.502,2.493,2.488
27653,55,2.502,2.493,2.488
27654,55,2.502,2.498,2.488
27656,55,2.507,2.498,2.493
27661,53,2.512,2.502,2.498
27664,53,2.507,2.502,2.493
27666,53,2.502,2.498,2.493
27667,53,2.502,2.493,2.488
27669,53,2.502,2.498,2.488
27671,53,2.498,2.493,2.483
27672,53,2.498,2.493,2.483
27674,53,2.502,2.493,2.488
27675,53,2.502,2.498,2.493
27684,55,2.507,2.502,2.498
27685,55,2.507,2.498,2.493
27687,55,2.502,2.498,2.488
27688,55,2.502,2.493,2.488
27690,55,2.498,2.493,2.483
27692,55,2.498,2.493,2.488
27693,55,2.502,2.493,2.488
27695,55,2.502,2.498,2.488
27697,55,2.507,2.502,2.493
27698,55,2.507,2.498,2.493
27700,55,2.507,2.502,2.498
27701,55,2.507,2.502,2.498
27708,54,2.502,2.498,2.488
27709,54,2.502,2.493,2.488
27711,54,2.498,2.493,2.488
27713,54,2.498,2.493,2.488
27714,54,2.502,2.493,2.488
27716,54,2.502,2.498,2.493
27720,54,2.507,2.502,2.498
27722,54,2.507,2.502,2.498
27724,54,2.507,2.502,2.493
27729,53,2.502,2.498,2.488
27731,53,2.498,2.493,2.483
27732,53,2.502,2.493,2.488
27734,53,2.502,2.498,2.488
27735,53,2.502,2.498,2.493
27737,53,2.507,2.502,2.498
27739,53,2.507,2.502,2.493
27740,53,2.507,2.502,2.498
27742,53,2.507,2.502,2.498
27744,53,2.507,2.498,2.493
27745,53,2.502,2.498,2.493
27747,53,2.498,2.493,2.488
27753,52,2.502,2.498,2.488
27755,52,2.502,2.498,2.493
27756,52,2.502,2.498,2.493
27761,52,2.507,2.502,2.498
27762,52,2.507,2.502,2.493
27764,52,2.507,2.502,2.493
27766,52,2.502,2.498,2.493
27767,52,2.502,2.493,2.488
27769,52,2.502,2.493,2.488
27774,55,2.507,2.498,2.493
27776,55,2.502,2.498,2.493
27777,55,2.507,2.502,2.498
27779,55,2.507,2.502,2.498
27781,55,2.507,2.502,2.498
27782,55,2.507,2.502,2.498
27784,55,2.507,2.498,2.493
27786,55,2.502,2.498,2.493
27787,55,2.498,2.493,2.488
27789,55,2.498,2.493,2.483
27790,55,2.498,2.493,2.488
27793,55,2.498,2.493,2.488
27798,58,2.512,2.502,2.498
27803,58,2.507,2.502,2.493
27804,58,2.507,2.498,2.493
27806,58,2.502,2.498,2.493
27808,58,2.498,2.493,2.483
27809,58,2.498,2.493,2.488
27811,58,2.498,2.493,2.488
27813,58,2.502,2.493,2.488
27814,58,2.502,2.498,2.488
27820,55,2.512,2.502,2.498
27821,55,2.507,2.502,2.498
27823,55,2.507,2.502,2.493
27824,55,2.507,2.498,2.493
27826,55,2.502,2.498,2.493
27828,55,2.502,2.493,2.488
27829,55,2.498,2.493,2.483
27831,55,2.498,2.493,2.488
27834,55,2.502,2.493,2.488
27835,55,2.502,2.498,2.493
27843,51,2.507,2.502,2.498
27845,51,2.502,2.498,2.493
27847,51,2.502,2.498,2.493
27848,51,2.502,2.493,2.488
27850,51,2.498,2.493,2.483
27851,51,2.498,2.493,2.488
27853,51,2.502,2.493,2.488
27855,51,2.502,2.498,2.488
27856,51,2.507,2.498,2.493
27858,51,2.507,2.502,2.493
27860,51,2.507,2.502,2.498
